서비스ID,서비스명,소관부처명,서비스요약,기준연도,문의처,지원주기,제공유형,생애주기,관심주제,가구유형,대상자상세내용,선정기준내용,급여서비스내용,처리절차,신청방법,필요서류,문의처목록,홈페이지목록,근거법령목록
WLF00006309,법률구조,법무부 인권구조과,"경제적으로 어렵거나 법률 지식이 부족해 법의 보호를 충분히 받지 못하는 국민의 기본적 인권 옹호를 위해 법률상담, 소송 대리 및 형사변호 등 법률 서비스를 지원합니다.",2026,132,수시,프로그램/서비스(서비스),"영유아, 중장년, 노년, 임신 · 출산, 아동, 청소년, 청년",법률,저소득,"사회적  경제적 취약계층 등 법률구조가 필요한 국민을 대상으로 지원합니다.
임금 등 체불 피해근로자나 농어민, 기초생활수급자,차상위 등 지원 대상 여부 확인 필요",지원대상의 내용을 참고해주시기 바랍니다.,"법률상담, 소송 대리 및 형사 변호 등의 법률 서비스를 지원합니다.
민사, 가사사건, 형사사건, 행정소송 및 피해자 변호 사건, 헌법소원사건 등 소송 대리, 소송서류 무료 작성(단, 1천만원 이하의 간단하고 명백한 사건), 개인회생파산 신청사건, 형사 무료 변호를 지원합니다. ※ 소득 기준 등에 따라 소용비용 유무료 지원 가능, 상담을 통한자세한 확인 필요","1. 거주지 읍/면/동 주민센터, 대한법률구조공단에서 ‘서비스 신청’
2. 거주지 읍/면/동 주민센터, 대한변협 법률구조재단에서 ‘서비스 신청’
3. 담당 시/군/구청 또는 대한법률구조공단에서 조사 및 심사
4. 담당 시/군/구청 또는 대한변협 법률구조재단에서 조사 및 심사
5. 담당 시/군/구청 또는 대한법률구조공단에서 보장 결정
6. 담당 시/군/구청 또는 대한변협 법률구조재단에서 보장 결정
7. 담당 시/군/구청 또는 대한법률구조공단에서 대상자에게 서비스 제공
8. 담당 시/군/구청 또는 대한변협 법률구조재단에서 대상자에게 서비스 제공
9. 담당 시/군/구청 또는 대한법률구조공단에서 서비스 제공 이후 대상자의 상황 관리
10. 담당 시/군/구청 또는 대한변협 법률구조재단에서 서비스 제공 이후 대상자의 상황 관리",,"주민등록등본, 법률구조 대상자임을 소명할 수 있는 자료, 주장 사실을 입증할 자료""주민등록등본, 법률구조 대상자임을 소명할 수 있는 자료, 주장 사실을 입증할 자료",대한법률구조공단: 132,대한법률구조공단: www.klac.or.kr,법률구조법
WLF00006237,안부살핌 우편서비스 사업,행정안전부 복지자원연계팀,"1인 가구 증가, 사회적 관계망 약화 등 사회적 고립가구에 대한 선제적 발굴을 통한 신속한 대응과 지원으로 촘촘한 복지안전망을 구축하고자 합니다.",2026,주소지 관할 지자체,월,현물지급,"청년, 노년, 중장년",안전·위기,"저소득, 장애인, 한부모·조손","중장년층 1인가구, 고립청년, 조손가구 등 주기적 안부확인이 필요한 위기가구* 중 집중관리 대상 가구를 우선 선정하여 지원합니다. * 장애인활동지원, 노인요양보험, 노인돌봄 대상자 등 공적 돌봄서비스 수혜자 제외",지원대상의 내용을 참고해주시기 바랍니다.,우체국 집배원을 통한 안부살핌과 생필품을 지원(식료품 등)합니다.,"1. 담당 시/군/구청 또는 사업참여 지자체에서 조사 및 심사
2. 담당 시/군/구청 또는 사업참여 지자체에서 보장 결정
3. 담당 시/군/구청 또는 사업참여 지자체에서 대상자에게 서비스 제공
4. 담당 시/군/구청 또는 사업참여 지자체에서 서비스 제공 이후 대상자의 상황 관리",,,,,보조금 관리에 관한 법률
WLF00006224,저소득층 수도요금감면,기후에너지환경부 수도기획과,기초생활수급권자 및 차상위계층 등의 수도요금 부담 완화를 위해 수도요금을 감면 지원합니다.,2026,121,수시,현금지급,"노년, 청년, 중장년",서민금융,"저소득, 장애인","※ 수도요금 할인 대상은 지방자치단체별로 상이하므로, 자세한 사항은 해당 지방자치단체로 문의하시기 바랍니다.
65세 이상인 자
「장애인복지법」의 적용을 받는 장애인 및 「국민기초생활보장법」에 따른 수급권자 및 차상위계층
「초ㆍ중등교육법」제2조 각 호에 따른 학교 및 「사회복지사업법」제2조제3호에 따른 사회복지시설
그밖에 시ㆍ군의 조례로 정하는 시설",지원대상의 내용을 참고해주시기 바랍니다.,"기초생활수급권자 및 차상위계층에 대한 수도요금 감면 * 지역별 차등 적용하여, 지역별 인정 기준이 상이할수 있습니다.","1. 거주지 읍/면/동 주민센터, 읍면동에서 ‘서비스 신청’
2. 담당 시/군/구청 또는 읍면동에서 조사 및 심사
3. 담당 시/군/구청 또는 읍면동에서 보장 결정
4. 이의가 있을 경우, 담당 시/군/구청 또는 읍면동에 이의 신청 접수
5. 담당 시/군/구청 또는 읍면동에서 대상자에게 서비스 제공
6. 담당 시/군/구청 또는 읍면동에서 서비스 제공 이후 대상자의 상황 관리",,,기후에너지환경부: 1577-8866,기후에너지환경부: www.mcee.go.kr,수도법
WLF00003176,농식품바우처,농림축산식품부 식생활소비정책과,"취약계층의 식품 접근성 강화 및 지속가능한 농식품 소비 체계 구축을 위해 국내산 농산물(과일류, 채소류, 흰우유, 신선알류, 육류, 잡곡류, 두부류, 임산물)를 구매할 수 있는 바우처를 지원합니다.",2026,1551-0857,월,전자바우처(바우처),"청년, 청소년, 임신 · 출산, 아동, 영유아","생활지원, 임신·출산",저소득,"생계급여 수급가구(기준중위소득 32%이하)중 임산부, 영유아, 아동, 청년이 포함된 가구

생계급여 수급가구 중 임산부 또는 34세 이하 인지를 포함하고 있는 가구
외국인과 난민도 자격 기준에 맞으면 지원 가능
보장시설 수급가구 수급자 및 보건복지부 영양플러스 사업 이용자는 가구원 수 산출에서 제외",지원대상의 내용을 참고해주시기 바랍니다.,"신선 농산물을 구매할 수 있는 이용권(농식품 바우처 전자카드)를 월단위로 지원합니다.
농협하나로마트 등의 공급처에서 국내산 과일류, 채소류, 흰우유, 신선알류, 육류, 잡곡류, 두부류, 임산물을 구매할 수 있는 농식품바우처 전자카드를 제공합니다.","1. 거주지 읍/면/동 주민센터, 읍면동주민센터에서 ‘서비스 신청’
2. 담당 시/군/구청 또는 읍면동주민센터에서 조사 및 심사
3. 담당 시/군/구청 또는 시군구에서 보장 결정
4. 담당 시/군/구청 또는 시군구에서 대상자에게 서비스 제공
5. 담당 시/군/구청 또는 시군구에서 서비스 제공 이후 대상자의 상황 관리",,"신분증(주민등록증, 외국인등록증, 운전면허증 등), 농식품 바우처 신청(변경)서 /  [외국인 세대 포함 시] 주민등록등본, 가족관계증명서 (등본: 동거 여부 확인, 가족관계증명서: 관계 확인) /  [임산부 확인 불가 시] 의료기관 진단서·확인서 /  [대리 신청 시] 위임장, 신청인 신분증, 대리인 신분증 사본, 관계증명서류(가족관계증명서, 등본, 가정위탁보호확인서, 후견등기사항증명서 등) /  [미성년자 법정대리인 신청] 위임장 불필요, 법정대리인 신분증 + 가족관계증명서 등 관계 증빙""신분증(주민등록증, 외국인등록증, 운전면허증 등), 농식품 바우처 신청(변경)서 /  [외국인 세대 포함 시] 주민등록등본, 가족관계증명서 (등본: 동거 여부 확인, 가족관계증명서: 관계 확인) /  [임산부 확인 불가 시] 의료기관 진단서·확인서 /  [대리 신청 시] 위임장, 신청인 신분증, 대리인 신분증 사본, 관계증명서류(가족관계증명서, 등본, 가정위탁보호확인서, 후견등기사항증명서 등) /  [미성년자 법정대리인 신청] 위임장 불필요, 법정대리인 신분증 + 가족관계증명서 등 관계 증빙",농식품바우처 콜센터: 1551-0857,농식품바우처 누리집: https://www.foodvoucher.go.kr,농업·농촌 및 식품산업 기본법
WLF00003269,기존주택 전세임대주택 지원사업,국토교통부 주거복지지원과,도심 내 저소득층이 현 생활권에서 안정적으로 거주할 수 있도록 임대료가 저렴한 임대주택을 지원하여 주거안정을 도모합니다.,2026,1600-1004,수시,현물지급,,주거,"저소득, 다자녀, 장애인, 한부모·조손","[일반 전세임대주택] 무주택세대구성원으로서 사업대상지역에 거주하는 사람
- (1순위) 생계의료급여수급자, 보호대상 한부모가족, 전년도 도시근로자 가구당 월평균 소득의 70% 이하인 장애인 등
- (2순위) 전년도 도시근로자 가구당 월평균소득의 50% 이하인 가구, 전년도 도시근로자 가구당 월평균 소득 이하인 장애인
[청년 전세임대주택] 무주택자인 대학생, 취업준비생, 19세~39세 청년(단, 혼인 중인 자는 제외)
- (1순위) 생계의료주거급여 수급자 가정의 청년, 보호대상 한부모 가족의 청년, 자립준비청년, 청소년복지시설 퇴소청소년 등
- (2순위) 본인과 부모의 월평균 소득 합계가 전년도 도시근로자 가구당 월평균 소득의 100% 이하인 청년
- (3순위) 본인의 월평균 소득이 전년도 도시근로자 가구당 월평균 소득의 100% 이하인 청년
[신혼부부 전세임대주택]
- (신혼부부Ⅰ) 무주택세대구성원으로서 해당 세대 월평균 소득이 전년도 도시근로자 가구당 월평균 소득의 70% 이하(맞벌이의 경우 90% 이하)의 신혼부부, 신생아 가구, 예비 신혼부부, 6세 이하 자녀를 양육하는 가정
- (신혼부부Ⅱ) 무주택세대구성원으로서 해당 세대 월평균 소득이 전년도 도시근로자 가구당 월평균 소득의 100% 이하(맞벌이의 경우 120% 이하)의 신혼부부, 신생아 가구, 예비 신혼부부, 6세 이하 자녀를 양육하는 가정
 (1순위) 신생아가구, 보호대상 한부모가족
 (2순위) 임신 중이거나 출산입양으로 미성년 자녀를 양육하는 경우, 6세이하 자녀가 있는 한부모가족
 (3순위) 자녀가 없는 (예비)신혼부부
 (4순위) 1,2 순위가 아닌 6세 이하 자녀를 둔 혼인가구
[다자녀 전세임대주택] 무주택세대구성원으로서 사업대상지역에서 두 명 이상의 자녀를 양육하는 가구
- (1순위) 신생아가구 중 생계주거의료교육급여 수급자, 차상위계층 등
- (2순위) 생계주거의료교육급여 수급자, 차상위계층, 보호대상 한부모가족, 신생아가구(월평균소득 70%이하, 국민임대주택 자산기준 충족하는 경우)
[소년소녀가정 등] 소년소녀가정위탁가정, 자립준비청년, 교통사고유자녀가정, 재난유자녀가정, 청소년복지시설퇴소청소년","무주택요건 및 소득, 자산 기준을 충족하여야 하며, 세부기준은 다음과 같습니다.

무주택세대구성원(「주택공급에 관한 규칙」 제2조)
- 세대별 주민등록표 세대주, 세대원(세대주의 배우자, 직계존비속) 및 다음의 사람 전원이 주택을 소유하고 있지 아니한 세대의 세대주 및 세대원
 주택공급을 신청하려는 세대주 또는 세대원의 배우자이면서 해당 세대주 또는 세대원과 세대별 주민등록표상에 함께 등재되어 있지 아니한 사람
 주택공급을 신청하려는 세대주 또는 세대원의 직계존비속으로서 가목의 배우자와 동일한 세대를 이루고 있는 사람
 주택공급을 신청하려는 세대주의 직계비속인 세대원의 배우자로서 해당 세대원과 동일한 세대를 이루고 있는 사람 주택공급을 신청하려는 세대원의 직계존속으로서 해당 세대원과 동일한 세대를 이루고 있는 사람
소득, 자산 기준(「공공주택 업무처리지침」기준)
- 국가데이터처가발표하는 전년도 도시근로자 가구원수별 가구당 월평균소득
 (소득 50%) 1인1,741,482원, 2인 2,707,856원, 3인 3,599,325원, 4인 4,124,234원, 5인 4,387,536원
 (소득 70%) 1인 2,438,074원, 2인 3,790,998원, 3인 5,039,054원, 4인 5,773,926원, 5인 6,142,549원  (소득 100%) 1인 3,482,964원, 2인 5,415,712원, 3인 7,198,649원, 4인 8,248,467원, 5인 8,775,071원",무주택저소득 입주대상자가 거주를 희망하는 기존주택을 선정하고 공공주택사업자가 기존주택 소유자와 전세계약을 체결 후 입주대상자에게 저렴하게 재임대합니다.,"1. 거주지 읍/면/동 주민센터, 읍면동에서 ‘서비스 신청’
2. 담당 시/군/구청 또는 시군구에서 조사 및 심사
3. 담당 시/군/구청 또는 시군구에서 보장 결정
4. 담당 시/군/구청 또는 한국토지주택공사, 지방공사에서 대상자에게 서비스 제공
5. 담당 시/군/구청 또는 읍면동에서 서비스 제공 이후 대상자의 상황 관리",,"신분증(주민등록증, 운전면허증, 여권만 인정), 도장""신분증(주민등록증, 운전면허증, 여권만 인정), 도장",한국토지주택공사: 1600-1004,한국토지주택공사: http://www.lh.or.kr/,"공공주택 특별법 시행규칙
공공주택 특별법"
WLF00006310,개인회생 파산 종합지원(지원센터),법무부 인권구조과,"감당할 수 없는 빚으로 개인회생, 개인파산 및 면책 제도 이용을 원하는 국민을 지원합니다.",2026,132,수시,프로그램/서비스(서비스),"청년, 아동, 청소년, 임신 · 출산, 노년, 중장년, 영유아","서민금융, 법률",저소득,"감당할 수 없는 빚으로 개인회생, 개인파산 및 면책 제도 이용을 원하는 국민을 대상으로 지원합니다.
대한법률구조공단 상담 결과 개인 회생이나 개인 파산 이용이 적정한 채무자(지원가능여부 및상세 지원 기준은 공단 확인 필요)",지원대상의 내용을 참고해주시기 바랍니다.,"개인 회생 및 개인 파산 사건에 대한 법률 상담 및 소송 대리 등의 법률 구조를 지원합니다. - 변호사에 의한 개인 회생 및 개인 파산 사건 신청 대리, 변호사 보수 및 인지대, 송달료 무료 지원 
면책대상자에 대한 설명회, 국민연금공단 재무설계 및 취업 지원 안내","1. 거주지 읍/면/동 주민센터, 대한법률구조공단 개인회생 ,파산 종합지원센터에서 ‘서비스 신청’
2. 담당 시/군/구청 또는 대한법률구조공단 개인회생 ,파산 종합지원센터에서 조사 및 심사
3. 담당 시/군/구청 또는 대한법률구조공단 개인회생 ,파산 종합지원센터에서 보장 결정
4. 담당 시/군/구청 또는 대한법률구조공단 개인회생 ,파산 종합지원센터에서 대상자에게 서비스 제공
5. 담당 시/군/구청 또는 대한법률구조공단 개인회생 ,파산 종합지원센터에서 서비스 제공 이후 대상자의 상황 관리",,,대한법률구조공단: 132,"대한법률구조공단: https://www.klac.or.kr
대한법률구조공단 개인회생·파산종합지원센터: https://resu.klac.or.kr/main.do",법률구조법
WLF00006308,무료법률상담,법무부 인권구조과,경제적으로 어렵거나 법을 잘 몰라 법의 보호를 충분히 받지 못하는 국민을 지원합니다.,2026,132,수시,프로그램/서비스(서비스),"청년, 아동, 청소년, 노년, 임신 · 출산, 중장년, 영유아",법률,저소득,법률 상담이 필요한 국민을 대상으로 지원합니다.,지원대상의 내용을 참고해주시기 바랍니다.,"법률 관련 간담 상단, 손해배상, 계약 등 민사소송, 임대자, 개인회생 및 파산 등 무료법률상담을지원합니다.","1. 거주지 읍/면/동 주민센터, 대한변협 법률구조재단에서 ‘서비스 신청’
2. 거주지 읍/면/동 주민센터, 대한가정법률복지상담원에서 ‘서비스 신청’
3. 거주지 읍/면/동 주민센터, 한국가정법률상담소에서 ‘서비스 신청’
4. 거주지 읍/면/동 주민센터, 대한법률구조공단에서 ‘서비스 신청’
5. 담당 시/군/구청 또는 대한변협 법률구조재단에서 조사 및 심사
6. 담당 시/군/구청 또는 대한가정법률복지상담원에서 조사 및 심사
7. 담당 시/군/구청 또는 한국가정법률상담소에서 조사 및 심사
8. 담당 시/군/구청 또는 대한법률구조공단에서 조사 및 심사
9. 담당 시/군/구청 또는 대한변협 법률구조재단에서 보장 결정
10. 담당 시/군/구청 또는 대한가정법률복지상담원에서 보장 결정
11. 담당 시/군/구청 또는 한국가정법률상담소에서 보장 결정
12. 담당 시/군/구청 또는 대한법률구조공단에서 보장 결정
13. 담당 시/군/구청 또는 대한변협 법률구조재단에서 대상자에게 서비스 제공
14. 담당 시/군/구청 또는 대한가정법률복지상담원에서 대상자에게 서비스 제공
15. 담당 시/군/구청 또는 한국가정법률상담소에서 대상자에게 서비스 제공
16. 담당 시/군/구청 또는 대한법률구조공단에서 대상자에게 서비스 제공
17. 담당 시/군/구청 또는 대한변협 법률구조재단에서 서비스 제공 이후 대상자의 상황 관리
18. 담당 시/군/구청 또는 대한가정법률복지상담원에서 서비스 제공 이후 대상자의 상황 관리
19. 담당 시/군/구청 또는 한국가정법률상담소에서 서비스 제공 이후 대상자의 상황 관리
20. 담당 시/군/구청 또는 대한법률구조공단에서 서비스 제공 이후 대상자의 상황 관리",,별도 구비서류 없음(필요 시 상담 관련 자료 지참)별도 구비서류 없음(필요 시 상담 관련 자료 지참),대한법률구조공단: 132,"법무부: www.moj.go.kr
대한법률구조공단: www.klac.or.kr",법률구조법
WLF00006298,자동차사고 피해자 지원사업,국토교통부 자동차운영보험과,자동차사고(교통사고)로 인한 사망 또는 중증후유장애로 인해 피해자 본인과 그 가족이 겪는 경제적·생활상의 어려움을 완화하고 생활안정을 지원합니다.,2026,1544-0049,년,"자원봉사, 프로그램/서비스(서비스), 현금지급, 현물지급, 현금대여(융자)","중장년, 영유아, 청년, 노년, 임신 · 출산, 아동, 청소년",서민금융,"장애인, 저소득","자동차 사고(교통사고)로 인해 사망하거나, 중증후유장애가 있는 경우(아래 1~3)로서,「국민기초생활 보장법」에 따른 수급자 또는 차상위계층에 해당하는 자

 자동차사고로 인한 중증 후유장애(자동차손해배상보장법 시행령 별표2에 의한 1~4급)를 입은 사람
 자동차사고로 사망 또는 중증 후유장애(자동차손해배상보장법 시행령 별표2에 의한 1~4급)를 입은 사람의 0~만18세 미만 자녀(고교 재학의 경우 만20세)
 (피부양 노부모) 자동차사고로 사망 또는 중증 후유장애(자동차손해배상보장법 시행령 별표2에 의한 1~4급)를 입은 사람이 부양의무자가 없거나 부양의무자가 있어도 부양능력이 없거나 부양을 받을 수 없는 만65세 이상인 자 * 피부양 노부모 : 1) 사고 당시 부양하고 있었거나, 2) 현재 생계를 같이 하는 사고 당사자의 (또는 비우자)의 직계존속이거나,  3) 사고 당사자의 유자녀와 생계를 같이하는 자",지원대상의 내용을 참고해주시기 바랍니다.,"자동차사고 피해자와 가족의 생활안정 및 자립지원을 위해 경제적정서적 지원 서비스를 제공합니다.
1. 경제적 지원

중증후유장애인 재활보조금 지원(22만원/월)
피부양가족 보조금 지원(22만원/월)
중증 후유장애인 및 유자녀 장학금 지원(분기 초등학생 25만원, 중학생 35만원, 고등학생 45만원/분기
유자녀 자립지원금: 월7만 / 유자녀
유자녀 무이자 생활자금 대출 지원(25만원/월)

2. 정서적 지원

심리상담 및 트라우마PTSD 치료지원
피해자 방문돌봄 및 생활지원
유자녀 학습진로 지원
간병간호 및 응급처치 교육 지원
주거환경 개선 및 응급안전 스마트홈 조성 지원
※ 지원내용 및 지원금액은 지원대상별 기준에 따라 상이할 수 있음","1. 거주지 읍/면/동 주민센터, 자동차손해배상진흥원에서 ‘서비스 신청’
2. 담당 시/군/구청 또는 자동차손해배상진흥원에서 조사 및 심사
3. 담당 시/군/구청 또는 자동차손해배상진흥원에서 보장 결정
4. 담당 시/군/구청 또는 자동차손해배상진흥원에서 대상자에게 서비스 제공
5. 담당 시/군/구청 또는 자동차손해배상진흥원에서 서비스 제공 이후 대상자의 상황 관리",,"""지원신청서(소정서식), 주민등록등본, 가족관계증명서(해당자), 자동차사고 증명서류, 생활형편 증명서류(기초생활수급자증명서 또는 차상위계층 확인서 등), 예금통장 사본, 재학증명서(학생 또는 해당자), 법정대리인 및 연대보증인 신분증 사본(생활자금대출 해당자)""리서비스 시범사업",자동차사고 피해자 지원사업 콜센터: 1544-0049,자동차사고 피해자 지원사업 홈페이지: https://tvsis.tacss.or.kr/tvsis/main.do,자동차손해배상 보장법
WLF00006303,치매안심재산관리서비스 시범사업,보건복지부 노인건강과,"치매환자를 사기, 갈취 등 경제적 피해로부터 예방하고, 욕구필요에 맞는 재정배분을 통해 안전한 노후를 보장합니다.",2026,1355,월,현금지급,"노년, 중장년","서민금융, 신체건강",저소득,"치매환자, 경도인지장애진단자 등 재산관리 위험이 있거나 위험이 예상되는 자로 기초연금수급권자를 대상으로 지원합니다.","시범사업 대상자는 치매환자, 경도인지장애 진단자 등 재산관리 위험이 있거나 위험이 예상되는 자로 기초연금 수급권자(65세 이상)으로,

치매, 경도인지장애 진단자가 아니어도 경제적 학대 판정 또는 의심되는 경우 포함
기초연금 수급권자 아니라도 65세 미만 조기 발병 치매환자 중 기초생활수급자‧차상위계층 등 저소득층은 대상에 포함
서비스 이용자는 이용료 부담이 원칙이나 시범사업 기간에 한해 면제하고,기초연금수급권자가 아닌 자가 서비스를 희망하는 경우 비용 부담(연0.5%)** 조기발병(65세 이하) 치매이면서 저소득층(기초생활수급자, 차상위)라면 예외적 지원(무료)","치매안심재산관리서비스 계약서에 기재된 시점부터 위탁재산 배분을 시작하며, 배분금액 및 주기 등은 계약전 작성한 개인별 재정지원계획서에 따릅니다.
배분금 종류는 통상지출과 특별지출로 구분

➊ (통상지출) 개인별 재정지원계획서에 반영되어 있는 지출 항목으로, 개인별 재정지원계획서에 기재된대로 처리
➋ (특별지출) 개인별 재정지원계획 수립 시 예측하지 못했던 지출항목으로 의료비, 간병비 등이 있을 수 있음 - (배분방법) 수익자의 신청(증빙서류)*에 따라 처리하며, 안건별로 치매안심재산관리위원회의 사전심의 또는 사후보고를 거침","1. 거주지 읍/면/동 주민센터, 국민연금공단에서 ‘서비스 신청’
2. 담당 시/군/구청 또는 국민연금공단에서 조사 및 심사
3. 담당 시/군/구청 또는 국민연금공단에서 보장 결정
4. 이의가 있을 경우, 담당 시/군/구청 또는 국민연금공단에 이의 신청 접수
5. 담당 시/군/구청 또는 국민연금공단에서 대상자에게 서비스 제공
6. 담당 시/군/구청 또는 국민연금공단에서 서비스 제공 이후 대상자의 상황 관리","1. 거주지 읍/면/동 주민센터, 국민연금공단에서 ‘서비스 신청’
2. 담당 시/군/구청 또는 국민연금공단에서 조사 및 심사
3. 담당 시/군/구청 또는 국민연금공단에서 보장 결정
4. 이의가 있을 경우, 담당 시/군/구청 또는 국민연금공단에 이의 신청 접수
5. 담당 시/군/구청 또는 국민연금공단에서 대상자에게 서비스 제공
6. 담당 시/군/구청 또는 국민연금공단에서 서비스 제공 이후 대상자의 상황 관리",,"국민연금공단: 1355
치매안심센터: 1899-9988",국민연금공단: www.nps.or.kr,사회보장급여의 이용ㆍ제공 및 수급권자 발굴에 관한 법률
WLF00003191,노인맞춤돌봄서비스,보건복지부 노인정책과,"일상생활 영위가 어려운 취약노인에게 적절한 돌봄서비스를 제공하여 안정적인 노후생활 보장, 노인의 기능·건강 유지 및 악화 예방을 지원합니다.",2026,129,수시,프로그램/서비스(서비스),노년,"생활지원, 보호·돌봄, 안전·위기",저소득,"돌봄서비스가 필요한65세 이상 국민기초생활 수급자, 차상위 계층 또는 기초연금수급자로서 유사 중복사업 자격에 해당되지 않는자를 대상으로 합니다. ※ 다만, 시장군수구청장이 서비스가 필요하다고 인정하는 경우 예외적으로 제공 가능
유사중복사업 자격 해당자는 다음과 같습니다. ※ 노인맞춤돌봄서비스는 예방적 돌봄서비스로, ~까지의 유사중복사업을 노인맞춤돌봄서비스 보다 우선적으로 제공

 노인장기요양보험 등급자
 가사간병 방문지원사업 이용자
 국가보훈부 보훈재가복지서비스 이용자
 장애인 활동지원 사업 이용자
 기타 국가 및 지방자치단체에서 시행하는 서비스 중 노인맞춤돌봄서비스와 유사한 재가서비스 이용자","대상자 선정 조사지를 통해 사회-신체-정신영역의 돌봄필요도에 따른 대상자 군을 결정합니다.

(중점돌봄군) 신체적인 기능제한으로 일상생활지원 필요가 큰 대상-대상자 선정조사 결과, 신체영역이 상이면서 사회영역 또는 정신영역에서 중 또는 상이 1개 이상으로 판정된 대상자
(일반돌봄군) 사회적인 관계 단절 및 일상생활의 어려움으로 돌봄이 필요가 있는 대상-대상자 선정조사 결과, 사회영역이 중 이상이면서, 신체영역 또는 정신영역에서 중 또는 상이 1개 이상으로 판정된 대상자(중점돌봄군 제외)","방문형, 통원형(집단 프로그램) 등의 직접 서비스(안전지원, 사회참여, 생활교육, 일상생활지원) 및 연계 서비스(민간후원 자원), 특화서비스, 사후관리서비스를 제공합니다.
개인별 돌봄욕구, 필요정도에 따라 서비스 내용, 제공시간, 제공주기 등을 결정합니다.","1. 거주지 읍/면/동 주민센터, 주민센터 또는 복지로 웹사이트(PC/모바일앱)에서 ‘서비스 신청’
2. 담당 시/군/구청 또는 주민센터에서 조사 및 심사
3. 담당 시/군/구청 또는 시군구청에서 보장 결정
4. 이의가 있을 경우, 담당 시/군/구청 또는 시군구청에 이의 신청 접수
5. 담당 시/군/구청 또는 노인맞춤돌봄서비스 수행기관에서 대상자에게 서비스 제공
6. 담당 시/군/구청 또는 주민센터에서 서비스 제공 이후 대상자의 상황 관리",,"신청서(행정복지센터 비치), 신분증 ""신청서(행정복지센터 비치), 신분증 ",보건복지상담센터: 129,보건복지부: http://www.mohw.go.kr,노인복지법
WLF00003201,주거급여(맞춤형 급여),국토교통부 주거복지지원과,생활이 어려운 사람에게 주거급여를 실시하여 취약계층의 주거비 부담을 완화하고 양질의 주거 수준 향상을 도모합니다.,2026,1600-0777,월,"기타, 현금지급",,"에너지, 주거",저소득,"근로능력여부, 성별, 연령 등에 관계없이 국가의 보장을 필요로 하는 대상으로 소득인정액(소득평가액+재산의 소득환산액)이 기준중위소득의 48% 이하인 가구를 대상으로지원합니다.* (원칙) 가구단위 보장, 필요한 경우 개인단위 보장","주거급여 대상은 아래 소득인정액 기준을 충족하여야 합니다.(2026년 기준)
2026년도 기준 주거급여 대상은 소득인정액 기준(기준 중위소득 48% 이하)은 다음과 같습니다.

1인 가구: 1,230,834원/월
2인 가구: 2,015,660원/월
3인 가구: 2,572,337원/월
4인 가구: 3,117,474원/월
5인 가구: 3,627,225원/월","임차가구는 전월세비용을 지원하고, 자가가구는 낡은 집을 고쳐드립니다.

(임차가구) 지역 및 가족 수에 따라 산정한 기준임대료를 상한으로 실제 임차료(월 임차료+보증금 환산액)을 지원합니다. ※ (예시) 서울지역 거주, 소득인정액 80만원, 월세 50만원인 3인가구의 경우, 소득인정액이 생계급여 선정기준 이하이므로 서울 3인가구 기준임대료 470,000원 지급

기준임대료

1인가구: 1급지(서울) 369,000원, 2급지(경기인천) 300,000원, 3급지(광역시세종시수도권외 특례시) 247,000원, 4급지(그 외) 212,000원
2인가구: 1급지(서울) 414,000원, 2급지(경기인천) 335,000원, 3급지(광역시세종시수도권외 특례시) 275,000원, 4급지(그 외) 238,000원
3인가구: 1급지(서울) 492,000원, 2급지(경기인천) 401,000원, 3급지(광역시세종시수도권외 특례시) 327,000원, 4급지(그 외) 283,000원
4인가구: 1급지(서울) 571,000원, 2급지(경기인천) 463,000원, 3급지(광역시세종시수도권외 특례시) 381,000원, 4급지(그 외) 329,000원
5인가구: 1급지(서울) 591,000원, 2급지(경기인천) 479,000원, 3급지(광역시세종시수도권외 특례시) 394,000원, 4급지(그 외) 340,000원
6인가구: 1급지(서울) 699,000원, 2급지(경기인천) 568,000원, 3급지(광역시세종시수도권외 특례시) 463,000원, 4급지(그 외) 402,000원

실제 임차료 : 임대차계약서의 보증금과 월차임을 합하여 산정
보증금은 연 4%를 적용하여 월차임으로 환산

(자가가구) 주택의 노후도에 따라 도배, 난방, 지붕 등 종합적인 수리를 지원합니다. ※ 주택개량 이외의 별도의 현금지원은 하지 않습니다.

경보수 : (수선비용) 590만원, (수선주기) 3년, (수선예시) 도배, 장판 등
중보수 : (수선비용) 1,095만원, (수선주기) 5년, (수선예시) 오급수, 난방 등
대보수 : (수선비용) 1,601만원, (수선주기) 7년, (수선예시) 지붕, 기둥 등

소득인정액이  생계급여 선정기준 이하인 경우 수선비용의 100%,  생계급여 선정기준 초과~중위소득 40% 이하인 경우 수선비용의 90%,  중위소득 40% 초과~중위소득 48% 이하인 경우 수선비용의 80%를 지원
육로로 통행이 불가능한 도서지역(제주도 본섬 제외)의 경우, 위 수선비용을 10%가산

주거급여 수급가구 내 부모와 떨어져 사는 청년에게는 주거급여를 분리하여 지급합니다.

청년 주거급여 분리지급 대상은 아래와 같습니다

 임차급여 또는 수선유지급여를 지급받는 수급가구 내 만19세(만19세가 되는 해에 1월 1일을 맞이한 사람 포함) 이상 만30세미만(출생월 적용)의 미혼자녀
 청년명의의 임대차계약을 체결하고 임차료를 지불하는 청년에게 지급(전입신고 필수)
 주거급여 수급가구의 부모와 청년이 주민등록상 시군(광역시 군 제외)을 달리하는 경우 인정하되, 동일 시군이라도 보장기관이 인정하는 경우는 예외로 함



청년 주거급여 분리지급의 지원내용 및 산정방식은 아래와 같습니다.

(지원내용) 부모와 청년 각각의 거주지, 가구원수에 따라 산정한 기준임대료를 상한으로 실제 임차료를 지급하고, 자기부담분은 분리된 가구 각각의 가구원 수에 비례하여 적용
(산정방식)

부모가구 급여액 = 부모가구임대료-자기부담분(전체가구 소득인정액-전체가구 생계급여기준액)부모가구원수 비율30%
청년가구 급여액 = 청년가구임대료-자기부담분(전체가구 소득인정액-전체가구 생계급여기준액)부모가구원수 비율30%","1. 거주지 읍/면/동 주민센터, 읍면동 또는 복지로 웹사이트(PC/모바일앱)에서 ‘서비스 신청’
2. 담당 시/군/구청 또는 시군구에서 조사 및 심사
3. 담당 시/군/구청 또는 시군구에서 보장 결정
4. 이의가 있을 경우, 담당 시/군/구청 또는 시도에 이의 신청 접수
5. 담당 시/군/구청 또는 시군구에서 대상자에게 서비스 제공
6. 담당 시/군/구청 또는 시군구에서 서비스 제공 이후 대상자의 상황 관리",,"사회보장급여 신청서, 소득·재산 신고서, 금융정보 제공동의서, 임대차계약서 또는 사용대차확인서, 통장사본, 신분증, (해당자) 고용임금확인서·장애인등록증 등 추가 서류",마이홈: 1600-0777,마이홈: www.myhome.go.kr,"주거급여법
국민기초생활 보장법"
WLF00000888,영구임대주택공급,국토교통부 주거복지지원과,"생계·의료급여 수급자, 국가유공자, 일본군 위안부 피해자 등 사회보호계층에게 영구임대주택을 공급하여 주거안정을 도모합니다.",2026,1600-1004,수시,현물지급,,주거,"보훈대상자, 다문화·탈북민, 장애인, 한부모·조손, 저소득","생계급여의료급여 수급자, 국가유공자, 일본군위안부 피해자, 지원대상 한부모가족, 도시근로자 월평균소득 70% 이하의 북한이탈주민 및 장애인 등 무주택세대 구성원을 대상으로 합니다.","무주택자로서 아래에 해당하는 사람을 대상으로 공급합니다. * 지자체 기준에 따라 모집 기준 상이

「국민기초생활 보장법」상의 생계급여수급자 또는 의료급여수급자
유공자 또는 그 유족(참전유공자 유족 제외) 등으로서 수급자 선정기준의 소득인정액 이하이고 영구임대 자산요건을 충족하는 자
일본군위안부 피해자
지원대상 한부모가족
북한이탈주민으로서 전년도 도시근로자 가구당 월평균소득의 70%이하이고, 영구임대 자산요건을 자
장애인등록증이 교부된 자(지적장애인ㆍ정신장애인 및 장애의 정도가 심한 뇌병변 장애인의 경우에는 그 배우자를 포함)로서 전년도 도시근로자 가구당 월평균소득의 70%이하이고, 영구임대 자산요건을 충족하는 자
65세이상 직계존속 부양자로서 수급자 선정기준의 소득인정액 이하인 자(피부양자의 배우자도 무주택자이어야 함)
「아동복지법」에 따라 아동복지시설에서 퇴소하는 자로서 아동복지시설의 장이 추천하는 자로서 전년도 도시근로자 가구당 월평균소득의 70%이하이고, 영구임대 자산요건을 충족하는 자
65세 이상인 사람으로서 「국민기초생활 보장법」 제2조제1호에 따른 수급권자 또는 같은 조 제10호에 따른 차상위계층에 해당하는 사람
전년도 도시근로자 가구당 월평균소득 50%이하인 자로서 영구임대 자산요건을 충족 하는자
국토교통부장관 또는 시도지사가 영구임대주택의 입주가 필요하다고 인정하는 자
장애인등록증이 교부된자(지적장애인ㆍ정신장애인 및 장애의 정도가 심한 뇌병변 장애인의 경우에는 그 배우자를 포함)로서 전년도 도시근로자 가구당 월평균소득의 100%이하이고, 영구임대 자산요건을 충족하는 자",시세의 30% 수준의 저렴한 임대료의 영구임대주택을 공급합니다.,"1. 거주지 읍/면/동 주민센터, 시군구, 읍면동에서 ‘서비스 신청’
2. 담당 시/군/구청 또는 시군구, 읍면동에서 조사 및 심사
3. 담당 시/군/구청 또는 시군구, 읍면동에서 보장 결정
4. 담당 시/군/구청 또는 한국토지주택공사, SH공사 등 지방공사에서 대상자에게 서비스 제공
5. 담당 시/군/구청 또는 한국토지주택공사, 지방공사, 주택관리공단 등에서 서비스 제공 이후 대상자의 상황 관리",,"계약서 신분증, 계약자 도장(본인 내방 시 서명 가능)""계약서 신분증, 계약자 도장(본인 내방 시 서명 가능)","한국토지주택공사 콜센터: 1600-1004
거주지 관할 읍면동 주민센터
LH콜센터: 1600-1004","한국토지주택공사: www.lh.or.kr
마이홈: www.myhome.go.kr","공공주택 특별법 시행령
공공주택 특별법 시행규칙
공공주택 특별법"
WLF00003244,국민임대주택공급,국토교통부 주거복지지원과,무주택 저소득층(소득 1~4분위 계층)의 주거안정을 위해 국민임대주택을 공급합니다.,2026,1600-1004,수시,현물지급,,주거,"장애인, 다자녀, 다문화·탈북민, 보훈대상자, 한부모·조손, 저소득",입주자모집공고일 현재 무주택세대구성원으로 소득 및 자산보유기준을 충족하는 사람을대상으로 합니다.,"무주택세대구성원으로 아래 소득요건을 충족하여야 합니다.
- 소득 : 도시근로자 월평균 소득의 50%, 70%, 100% 이하(면적에 따라 상이)
- 총자산 : 가계금융복지조사에 따른 소득3분위의 순자산 평균값 이하
- 자동차 : 3천5백만원에 국가데이터에서 발표하는 전년도 운송장비 소비자물가지수를 곱하여 산정한 금액 이하
우선공급 대상자는 다음과 같습니다.
- 사업지구 철거민 등
- 사회보호계층 등*
- 미성년자인 3명 이상의 자녀가 있는 세대주
- 영구임대주택 퇴거자
- 비닐간이공작물거주자 등
- 신혼부부(혼인기간 7년이내 또는 예비신혼부부), 한부모가족(6세 이하자녀를 둔 한부모가족)

* 사회보호계층 등
 입주자모집공고일 현재 65세 이상의 직계존속(배우자 직계존속 포함)을 1년이상 부양하고 있는 자
 장애인복지법 규정에 따라 장애인등록증이 교부된 자
 국가유공자 또는 그 유족, 5/18민주 유공자 또는 그 유족, 특수임무수행자 또는 그 유족으로서 입주자격을 충족하는 자중 소득 수준을 고려하여 국가보훈부장이 인정하는 자
 장기복무 제대군인
 북한이탈주민
 중소기업에 종사하는 근로자
 비정규직 근로자
 지원대상 한부모가족
 보호대상 소년/소녀가정으로서 시장 등이 추천하는 자
 가정위탁아동 보호양육하는 조부모 또는 친인척
 65세이상 고령자
 가정폭력피해자
 범죄피해자
 탄광근로자
 해외거주 재외동포, 납북피해자, 성폭력피해자(피해자 보호가족 포함)  귀환국군포로  파독근로자",시세의 60~80% 수준의 저렴한 임대료의 국민임대주택을 공급합니다.,"1. 거주지 읍/면/동 주민센터, 한국토지주택공사, 지방공사, 주택관리공단에서 ‘서비스 신청’
2. 담당 시/군/구청 또는 한국토지주택공사, 지방공사, 주택관리공단에서 조사 및 심사
3. 담당 시/군/구청 또는 한국토지주택공사, 지방공사, 주택관리공단에서 보장 결정
4. 담당 시/군/구청 또는 한국토지주택공사, 지방공사, 주택관리공단에서 대상자에게 서비스 제공
5. 담당 시/군/구청 또는 한국토지주택공사, 지방공사, 주택관리공단 등에서 서비스 제공 이후 대상자의 상황 관리",,,"한국토지주택공사: 1600-1004
LH 공사 본사서울지역본부: 02)3416-3852, 3605
LH 공사 본사경기지역본부: 031)250-8179
LH 공사 본사부산지역본부: 051)890-0227~9
LH 공사 본사인천지역본부: 032)450-8060
LH 공사 본사강원지역본부: 033)760-6242
LH 공사 본사대전충남지역본부: 042)602-4128, 4286
LH 공사 본사전북지역본부: 063)240-2536, 2539, 2544
LH 공사 본사광주전남지역본부: 062)380-0420~1
LH 공사 본사대구경북지역본부: 053)603-2935-8
LH 공사 본사울산경남지역본부: 055)269-8457, 8462
LH 공사 본사제주지역본부: 064)710-1120
LH 공사 본사충북지역본부: 043)290-3261","한국토지주택공사: www.lh.or.kr
마이홈: www.myhome.go.kr","공공주택 특별법
공공주택 업무처리지침
공공주택 특별법 시행규칙"
WLF00004649,행복주택 공급,국토교통부 주거복지지원과,"청년, (예비)신혼부부, 한부모가족, 대학생 등 젊은층의 주거 안정을 위해  대중교통이 편리하거나 직주근접이 가능한 부지에 주변 시세보다 저렴하게 공공임대주택을 공급합니다.",2026,1600-1004,1회성,현물지급,"중장년, 노년, 청년",주거,"한부모·조손, 저소득","대학생, 청년(19~39세 등), (예비) 신혼부부, 한부모 가족, 고령자(65세 이상), 주거급여 수급자, 산업단지 근로자, 창업인, 지역전략산업종사자, 중소기업전용주택에 입주하는 장기 근속자를 대상으로 지원합니다.","입주자 모집공고일 현재 다음의 행복주택 해당 입주자 자격을 만족하는 자에게 1세대 1주택의 기준으로 공급합니다.* 1인 1주택 또는 2인 1주택 기준으로 공급 가능 

(대학생)
- 미혼인 무주택자로서 대학에 재학중이거나 다음학기에 입,복학예정인 사람 또는 고등학교를 졸업, 중퇴 후 2년 이내인 사람
- (소득기준) 본인 및 부모 합계소득이 전년도 도시근로자 가구원수별 가구당 월평균소득의 120%이하(1인가구), 110%이하(2인가구), 100%이하(3인이상가구)- (자산기준) 본인 총 자산 1억원, 자동차 미소유
(청년)
- 미혼인 무주택자로서 19~39세에 속하거나 소득이 있는 업무 5년 이내인 사람 또는 퇴직 후 1년 이내의 자 중 구직급여 수급 자격이 있는 자 또는 예술인
- (소득기준) 세대소득(단, 세대주가 아닌 세대원일 경우는 본인소득)이 전년도 도시근로자 가구원수별 가구당 월평균소득의 120%이하(1인가구), 110%이하(2인가구), 100%이하(3인이상가구)- (자산기준) 세대(단, 세대주가 아닌 세대원인 경우 본인) 총자산 2억 7,300만원, 자동차 3,708만원
((예비)신혼부부, 한부모 가족)
 - (신혼부부) 무주택세대 구성원으로서 혼인기간 7년 또는 6세이하 자녀를 둔 사람
- (예비 신혼부부) 혼인을 계획중이며, 혼인으로 구성될 세대의 구성원 모두 무주택자인 사람
- (한부모가족) 6세이하(태아포함)의 자녀를 둔 무주택세대구성원
- (소득기준) 세대소득이 전년도 도시근로자 가구원수별 가구당 월평균소득의 130%이하(맞벌이부부 2인가구), 120%이하(1인가구 또는 맞벌이부부 3인이상가구), 110%이하(맞벌이부부 제외 2인가구), 100%이하(맞벌이부부 제외 3인이상가구)- (자산기준) 세대내 총자산 3억 4,500만원, 자동차 3,708만원
(주거급여 수급자)
 - 무주택 세대구성원으로서 주거급여수급 대상자
- (소득기준) 세대소득이 중위소득의 45% 이하- (자산기준) 소득인정액 평가 시 반영
(고령자)
- 무주택세대 구성원으로서 65세 이상인 사람
- (소득기준) 세대소득이 전년도 도시근로자 가구원수별 가구당 월평균소득의 120%이하(1인가구), 110%이하(2인가구), 100%이하(3인이상가구)- (자산기준) 세대내 총자산 3억 4,500만원, 자동차 3,708만원
(산업단지근로자)
- 무주택세대 구성원(단, 미혼자의 경우 무주택자 요건 적용)으로서 인근(연접 시.군 포함) 산업단지의 입주기업 등에 재직 또는 1년 이상 근무(예정) 중인 사람
- (소득기준) 세대소득이 전년도 도시근로자 가구원수별 가구당 월평균소득의 130%이하(맞벌이부부 2인가구), 120%이하(1인가구 또는 맞벌이부부 3인이상가구), 110%이하(맞벌이부부 제외 2인가구), 100%이하(맞벌이부부 제외 3인이상가구)- (자산기준) 세대내 총자산 3억 4,500만원, 자동차 3,708만원
(창업인, 지역전략산업종사자, 중소기업전용주택 입주자)
 - 무주택세대구성원(단, 미혼자의 경우 무주택자 요건 적용)으로서
1) 창업활성화 및 지역전략산업 등의 육성을 위하여 해당 지방자치단체장이 인정하는 창업인,예비창업인(19~39세)
2) 지역전략산업에 종사하는 등 해당 지방자치단체장이 지역전략산업 육성을 위하여 필요하다고 인정한 사람(19~39세)
3) 중소기업에 근무하는 청년(19~39세), 신혼부부, 한부모가족 또는 미성년자 자녀 1명이상 포함한 3명이상으로 구성된 세대의 구성원으로 중소기업 근무 총 5년 이상인 사람
- (소득기준) 세대소득이 전년도 도시근로자 가구원수별 가구당 월평균소득의 130%이하(맞벌이부부 2인가구), 120%이하(1인가구 또는 맞벌이부부 3인이상가구), 110%이하(맞벌이부부 제외 2인가구), 100%이하(맞벌이부부 제외 3인이상가구) - (자산기준) 세대내 총자산 3억 4,500만원, 자동차 3,708만원","전용면적 60㎡ 이하 주택을 입주계층에 따라 인근 임대시세보다 60~80% 저렴한 임대료로 최대 6년~20년까지 거주 가능한 공공임대주택을 공급합니다.
각 계층별 임대료는 다음과 같습니다
- 대학생, 소득이 없는 청년 : 시세의 68%
- 소득이 있는 청년, 창업 및 지역전략산업 지원주택 입주자 : 시세의 72%
- (예비)신혼부부, 한부모가족, 산업단지근로자, 중소기업전용주택 입주 장기근속자 : 시세의 80%
- 고령자 : 시세의 76%- 주거급여수급자 : 시세의 60%
행복주택의 최대 거주기간은 다음과 같습니다.
- 대학생 및 청년 : 10년
- 신혼부부, 한부모가족, 창업지원주택 및 지역전략산업지원주택의 입주자 또는 중소기업전용주택 입주 장기근속자 : 자녀가 없는 경우 10년, 자녀가 1명 이상인 경우 14년
- 주거급여수급자: 20년
- 고령자: 20년- 산업단지 근로자: 10년
 [비고]
- 예비입주자가 없거나 재공급을 통한 신규 입주희망자가 없는 경우 2년씩 연장가능
 - 재청약으로 동일한 공급대상 입주자로 다시 선정되는 경우 총 거주기간 합산 기간은 위 최대거주기간 적용됨
(예시) A단지에서 청년으로 4년 거주후 B단지 청년계층으로 이주시 최대 6년 거주만 가능
- 최대거주기간이 10년미만인 계층으로 병역의무이행후 동일한 공급 대상의 입주자로 다시 선정되는 경우, 총 거주기간 합산기간 14년까지 거주 가능
(예시) A단지에서 청년으로 4년 거주하다 병역의무를 이행 이행한 후 B단지 청년계층으로 다시 거주시 최대 10년 추가로 거주 가능","1. 이의가 있을 경우, 담당 시/군/구청 또는 각 공공주택사업자에 이의 신청 접수
2. 거주지 읍/면/동 주민센터, 한국토지주택공사, SH 등 지방공사, 지방자체단체 등 각 공공주택사업자에서 ‘서비스 신청’
3. 담당 시/군/구청 또는 한국토지주택공사, SH 등 지방공사, 지방자치단체 등 각 공공주택사업자에서 조사 및 심사
4. 담당 시/군/구청 또는 한국토지주택공사, SH 등 지방공사, 지방자치단체 등 각 공공주택사업자에서 보장 결정
5. 담당 시/군/구청 또는 각 공공주택사업자에서 대상자에게 서비스 제공
6. 담당 시/군/구청 또는 각 공공주택사업자에서 서비스 제공 이후 대상자의 상황 관리",,,"한국토지주택공사 콜센터: 1600-1004
SH공사 홈페이지: 1600-3456
국토교통부: 1599-0001","한국토지주택공사: http://www.lh.or.kr/
SH공사 홈페이지: http://www.i-sh.co.kr
국토교통부: http://www.molit.go.kr/happyhouse","공공주택 특별법 시행규칙
공공주택 특별법"
WLF00004663,통합공공임대,국토교통부 주거복지지원과,"최저소득 계층, 저소득 서민, 젊은 층 및 장애인·국가유공자 등 사회 취약계층 등의 주거안정을 위해 공공임대주택을 공급합니다.",2026,1600-1004,수시,현물대여,"노년, 청년",주거,"보훈대상자, 다자녀, 다문화·탈북민, 한부모·조손, 장애인, 저소득","일반공급 : 청년, 신혼부부, 한부모가족, 고령자, 일반 가구
우선공급 :철거민, 국가유공자, 장기복무제대군인, 북한이탈주민, 다자녀가구, 장애인, 비주택 거주자, 기초생활 보장제도 급여 수급자 등에게 공급","일반공급 선정기준은다음과 같습니다.
- (청년) 18세39세 이하이며 혼인 중이 아닐 것, 중위소득 150%이하
- (신혼부부ㆍ한부모가족)혼인기간이 7년 이내인 사람, 예비신혼부부, 6세 이하 자녀를 둔 사람, 6세이하 자녀를 둔 한부모 가족, 중위소득 150%이하
- (고령자) 65세 이상, 중위소득 150%이하, 총자산 34,500만원 이하, 자동차 3,708만원 이하
- (일반) 무주택세대구성원, 중위소득 150%이하
우선공급 선정기준은다음과 같습니다.
- (철거민 등) 공공주택건설사업, 주거환경개선 또는 재개발사업, 도시군계획시설사업, 공공사업 중 GB해제 택지개발사업 또는 도시개발사업, 산업단지개발사업, 부도임대주택, 재해철거 주택, 중대하자 철거주택, GB해제지역 타인토지 주택, 중위소득 100%이하
- (국가유공자등) 국가유공자 또는 유족, 보훈보상대상자 또는 유족,518민주유공자 또는 유족, 특수임무유공자 또는 유족, 참전유공자 또는 유족, 중위소득 100%이하
- (장기복무제대군인, 북한이탈주민등) 장기복무제대군인, 북한이탈주민, 납북피해자, 중소기업근로자, 비정규직근로자, 성폭력피해자 또는 가족, 가정위탁아동보호자, 범죄피해자, 폐탄광근로자, 파독근로자, 영구임대주택 퇴거자, 소년소녀가정, 해외장기거주 재외동포, 국군 등록포로, 가정폭력피해자, 중위소득 100%이하, 일본군위안부 피해자
- (다자녀가구 등) 2명 이상 미성년자녀 가구, 65세 이상 직계존속 부양자, 보호대상 한부모가족, 중위소득 100%이하
- (장애인) 장애인등록증 교부자, 중위소득 100%이하
- (비주택거주자등) 쪽방, 고시원, 여인숙, 비닐간이공작물, 노숙인시설, 컨테이너, 움막, PC만화방, 침수피해 우려 반지하지하층, 최저주거기준미달 미성년자녀 가구, 무허가건축물 등 세입자, 중위소득 100%이하
- (기초생활보장제도 급여수급자등) 생계주거의료급여 수급(권)자
- (청년) 혼인 중이 아닌 18세39세,아동복지시설 퇴소(예정)자, 청소년쉼터 퇴소(예정)자, 중위소득 100%이하
- (신혼부부ㆍ한부모가족) 혼인기간이 7년 이내인 사람, 예비신혼부부, 6세 이하 자녀를 둔 사람, 6세이하 자녀를 둔 한부모 가족, 중위소득 100%이하
- (고령자) 65세 이상, 중위소득 100%이하",주거 취약계층에게 통합공공임대주택을 공급합니다.,"1. 거주지 읍/면/동 주민센터, 경기도시공사에서 ‘서비스 신청’
2. 거주지 읍/면/동 주민센터, 서울주택도시공사에서 ‘서비스 신청’
3. 거주지 읍/면/동 주민센터, 한국토지주택공사에서 ‘서비스 신청’
4. 거주지 읍/면/동 주민센터, 인천도시공사에서 ‘서비스 신청’
5. 거주지 읍/면/동 주민센터, 제주특별자치도개발공사에서 ‘서비스 신청’
6. 거주지 읍/면/동 주민센터, 부산도시공사에서 ‘서비스 신청’
7. 거주지 읍/면/동 주민센터, 울산도시공사에서 ‘서비스 신청’
8. 거주지 읍/면/동 주민센터, 경남개발공사에서 ‘서비스 신청’
9. 거주지 읍/면/동 주민센터, 전북개발공사에서 ‘서비스 신청’
10. 거주지 읍/면/동 주민센터, 충북개발공사에서 ‘서비스 신청’
11. 거주지 읍/면/동 주민센터, 충청남도개발공사에서 ‘서비스 신청’
12. 담당 시/군/구청 또는 경기도시공사에서 조사 및 심사
13. 담당 시/군/구청 또는 서울주택도시공사에서 조사 및 심사
14. 담당 시/군/구청 또는 한국토지주택공사에서 조사 및 심사
15. 담당 시/군/구청 또는 인천도시공사에서 조사 및 심사
16. 담당 시/군/구청 또는 제주특별자치도개발공사에서 조사 및 심사
17. 담당 시/군/구청 또는 부산도시공사에서 조사 및 심사
18. 담당 시/군/구청 또는 울산도시공사에서 조사 및 심사
19. 담당 시/군/구청 또는 경남개발공사에서 조사 및 심사
20. 담당 시/군/구청 또는 전북개발공사에서 조사 및 심사
21. 담당 시/군/구청 또는 충북개발공사에서 조사 및 심사
22. 담당 시/군/구청 또는 충청남도개발공사에서 조사 및 심사
23. 담당 시/군/구청 또는 경기도시공사에서 보장 결정
24. 담당 시/군/구청 또는 서울주택도시공사에서 보장 결정
25. 담당 시/군/구청 또는 한국토지주택공사에서 보장 결정
26. 담당 시/군/구청 또는 인천도시공사에서 보장 결정
27. 담당 시/군/구청 또는 제주특별자치도개발공사에서 보장 결정
28. 담당 시/군/구청 또는 부산도시공사에서 보장 결정
29. 담당 시/군/구청 또는 울산도시공사에서 보장 결정
30. 담당 시/군/구청 또는 경남개발공사에서 보장 결정
31. 담당 시/군/구청 또는 전북개발공사에서 보장 결정
32. 담당 시/군/구청 또는 충북개발공사에서 보장 결정
33. 담당 시/군/구청 또는 충청남도개발공사에서 보장 결정
34. 담당 시/군/구청 또는 경기도시공사에서 대상자에게 서비스 제공
35. 담당 시/군/구청 또는 서울주택도시공사에서 대상자에게 서비스 제공
36. 담당 시/군/구청 또는 한국토지주택공사에서 대상자에게 서비스 제공
37. 담당 시/군/구청 또는 인천도시공사에서 대상자에게 서비스 제공
38. 담당 시/군/구청 또는 제주특별자치도개발공사에서 대상자에게 서비스 제공
39. 담당 시/군/구청 또는 부산도시공사에서 대상자에게 서비스 제공
40. 담당 시/군/구청 또는 울산도시공사에서 대상자에게 서비스 제공
41. 담당 시/군/구청 또는 경남개발공사에서 대상자에게 서비스 제공
42. 담당 시/군/구청 또는 전북개발공사에서 대상자에게 서비스 제공
43. 담당 시/군/구청 또는 충북개발공사에서 대상자에게 서비스 제공
44. 담당 시/군/구청 또는 충청남도개발공사에서 대상자에게 서비스 제공
45. 담당 시/군/구청 또는 경기도시공사에서 서비스 제공 이후 대상자의 상황 관리
46. 담당 시/군/구청 또는 서울주택도시공사에서 서비스 제공 이후 대상자의 상황 관리
47. 담당 시/군/구청 또는 한국토지주택공사에서 서비스 제공 이후 대상자의 상황 관리
48. 담당 시/군/구청 또는 인천도시공사에서 서비스 제공 이후 대상자의 상황 관리
49. 담당 시/군/구청 또는 제주특별자치도개발공사에서 서비스 제공 이후 대상자의 상황 관리
50. 담당 시/군/구청 또는 부산도시공사에서 서비스 제공 이후 대상자의 상황 관리
51. 담당 시/군/구청 또는 울산도시공사에서 서비스 제공 이후 대상자의 상황 관리
52. 담당 시/군/구청 또는 경남개발공사에서 서비스 제공 이후 대상자의 상황 관리
53. 담당 시/군/구청 또는 전북개발공사에서 서비스 제공 이후 대상자의 상황 관리
54. 담당 시/군/구청 또는 충북개발공사에서 서비스 제공 이후 대상자의 상황 관리
55. 담당 시/군/구청 또는 충청남도개발공사에서 서비스 제공 이후 대상자의 상황 관리",,,마이홈: 1600-1004,마이홈: www.myhome.go.kr,공공주택 특별법 시행령
WLF00006288,서민금융진흥원 금융상품 알선,금융위원회 서민금융과,"서민 취약계층이 ‘몰라서’ 대부업, 불법사금융 등 고금리 대출을 이용하는 일이 없도록 맞춤형 민간 및 정책 서민금융상품을 안내하고 연계합니다.",2026,1397,1회성,현금대여(융자),"청년, 중장년",서민금융,저소득,"소득, 신용 등에 맞는 맞춤형 금융상품을 알아보고자 하는 서민, 취약계층을 지원합니다.
※ 연계 금융상품별 지원 대상 상이",지원대상의 내용을 참고해주시기 바랍니다.,서민금융 잇다(https://loan.kinfa.or.kr) 플랫폼을 통해 금융상품 알선 및 맞춤 추천 서비스 이용이 가능합니다.,"1. 거주지 읍/면/동 주민센터, 서민금융진흥원에서 ‘서비스 신청’
2. 담당 시/군/구청 또는 서민금융진흥원에서 조사 및 심사
3. 담당 시/군/구청 또는 서민금융진흥원에서 보장 결정
4. 담당 시/군/구청 또는 금융상품 알선 제휴 금융사9은행 및 저축은행 등)에서 대상자에게 서비스 제공
5. 담당 시/군/구청 또는 서민금융진흥원에서 서비스 제공 이후 대상자의 상황 관리",,,서민금융진흥원: 1397,‘서민금융 잇다’ 홈페이지: https://loan.kinfa.or.kr,서민의 금융생활 지원에 관한 법률
WLF00006264,생활안정자금(융자)(이차보전),고용노동부 퇴직연금복지과,"근로자, 특수형태근로종사자, 1인 자영업자가 혼례·자녀 양육 등을 대출할 대, 대출 이자의 일부를 근로복지공단이 지원해 금융부담을 완화합니다.",2026,1588-0075,1회성,기타,"청년, 노년, 중장년",일자리,"저소득, 다자녀","근로자, 특수형태근로종사자, 1인 자영업자(산재보험 가입 중소기업사업주) 중 각 요건 해당자

(재직요건) 신청일 현재 소속 사업장에 3개월 이상 근로 도는 산재보험 가입기간이 3개월 이상인 1인 자영업자(융자신청일이 속한 달의 직전달 말일에 고용된 근로자가 없는 사람에 한함)
(소득요건) 월평균 소득이 3인가구 기준 중위소득 이하('26년 5,359,036원) * 소득요건은 은행에서 판단",지원대상의 내용을 참고해주시기 바랍니다.,"융자한도

혼례비: 2,000만 원
자녀양육비: 2,000만 원 한도 내 자녀 1인당 1,000만 원(18세 미만 자녀)
노부모부양비: 2,000만 원 한도 내 (조)부모 1인당 500만 원
장례비: 1,000만 원 * 1인당 2,000만 원 한도

융자금리 및 상환방법 : 개인 신용 대출금리에서 3.0%p 이내 보전, 1년거치 3년/4년 균등분할상환 중 선택","1. 거주지 읍/면/동 주민센터, 근로복지공단에서 ‘서비스 신청’
2. 담당 시/군/구청 또는 근로복지공단에서 조사 및 심사
3. 담당 시/군/구청 또는 근로복지공단에서 보장 결정
4. 이의가 있을 경우, 담당 시/군/구청 또는 근로복지공단에 이의 신청 접수
5. 담당 시/군/구청 또는 근로복지공단에서 대상자에게 서비스 제공
6. 담당 시/군/구청 또는 근로복지공단에서 서비스 제공 이후 대상자의 상황 관리",,,근로복지공단: 1588-0075,근로복지넷: https://welfare.comwel.or.kr,"근로복지사업 운영규정
근로복지기본법"
WLF00006291,요실금 치료지원 사업,보건복지부 노인건강과,요실금 진단을 받은 저소득 노인 등을 대상으로 요실금 치료에 필요한 비용 지원을 통해 노인의 삶의 질을 개선하고자 합니다.,2026,129,수시,현금지급,노년,"서민금융, 신체건강","저소득, 한부모·조손","연령기준 : 만 60세 이상인 자
진단기준 : 의료기관에서 요실금으로 진단(주부상병으로 아래 상병코드 중 하나 이상 포함)을 받고 의료비를 지출한 자 R32 상세불명의 요실금, N394 기타 명시된 요실금, N3941 혼합성 요실금, N393 스트레스(복압성) 요실금, N3940 절박성 요실금, N3948 기타 명시된 요실금(범람 요실금, 반사성 요실금, 전체 요실금)
소득수준 :「국민기초생활보장법」에 따른 수급자 또는 차상위계층, 「한부모가족지원법」에 따른 지원대상자
※차상위계층은  차상위계층 건강보험 본인부담 경감,  차상위 장애(아동) 수당,  차상위 장애인 연금,  차상위 자활근로,  차상위계층 자격 확인을 통해 인정 ※확인방법 : 지방자치단체(시･군･구) 및 사회보장정보시스템을 통한 자격 확인 또는 차상위계층 자격결정 통보문/확인서 등",지원대상의 내용을 참고해주시기 바랍니다.,"지원 대상자는 요실금 치료 후 우선 의료기관에 의료비를 납부하고, 처방전영수증진료비 상세내역서 등 의료비 청구를 위해 필요한 구비서류 발급 요청
청구된 의료비 중 지원 범위에 해당하는 금액을 확인하여 신청한 계좌로 의료비 지급
검사비, 약제비, 물리치료비, 수술비 등 요실금 치료 관련 의료비 본인부담금을 연 100만원 범위 내에서 실비 지원 ※ 예산 소진 시 조기 마감될 수 있음
단, 1회 시술수술의 본인부담금이 100만원을 초과하는 경우* 예외적으로 연 200만원까지 지원 가능 * 인공요도괄약근수술(R3567, R3568, R3566), 천수신경조절술(SY625, SY626) 등","1. 거주지 읍/면/동 주민센터, 관할 시군구 보건소에서 ‘서비스 신청’
2. 담당 시/군/구청 또는 관할 시군구 보건소에서 조사 및 심사
3. 담당 시/군/구청 또는 관할 시군구 보건소에서 보장 결정
4. 이의가 있을 경우, 담당 시/군/구청 또는 관할 시군구 보건소에 이의 신청 접수
5. 담당 시/군/구청 또는 관할 시군구 보건소에서 대상자에게 서비스 제공
6. 담당 시/군/구청 또는 관할 시군구 보건소에서 서비스 제공 이후 대상자의 상황 관리",,,보건복지부 상담센터: 129,보건복지부: www.mohw.go.kr,노인복지법
WLF00006227,"유선전화(인터넷요금전화포함), 초고속(인터넷통신)요금감면",과학기술정보통신부 통신경쟁정책과,사회적 취약계층을 대상으로 가계통신비 부담완화를 위해 통신요금을 감면합니다.,2026,국번없이 1523,월,감면,"중장년, 청년, 노년, 아동, 청소년",생활지원,"보훈대상자, 저소득, 장애인","기초생활수급자, 장애인, 국가유공자, 단체 및 시설을 지원합니다.

(기초생활수급자) 「국민기초생활보장법」에 따라 국가로부터 지원을 받는 기초생활수급자- 생계, 의료급여 수급자
(장애인) 「장애인복지법」에 의한 장애인
(국가유공자) 감면대상 보훈대상 코드가  전상군경(21), 공상군경(23), 4.19혁명 상이자(51), 공상 공무원(61), 국가사회발전특별공로상이자(71), 6.18 자유 상이자(81), 5.18부상자(85)
(단체 및 시설)
- 「장애인복지법」에 의한 장애인 복지시설 및 장애인 복지단체
- 「초/중등교육법」에 따른 특수학교
- 「아동복지법」에 따른 아동복지시설 - 「국가유공자 등 단체설립에 관한 법률」에 따른 단체(대한민국상이군경회, 4.19 민주혁명회)",지원대상의 내용을 참고해주시기 바랍니다.,"시내전화

기초생활수급자 : 가입비 및 기본료 면제, 75도수(225분) 무료
장애인/국가유공자/단체 : 통화요금 50% 감면

시외전화

기초생활수급자 : 75도수(225분) 무료
장애인/국가유공자/단체 : 통화요금 50%감면(월 통화요금 30,000원 한도)

인터넷전화(VoIP)

생계 및 의료수급자 : 가입비 및 기본료 면제, 150도수(450분) 무료
장애인/국가유공자/단체 : 월 통화료 50% 감면

번호안내

생계 및 의료수급자 : 114 안내요금 면제
장애인/국가유공자/단체 : 안내요금 면제


초고속인터넷

생계 및 의료수급자 : 이용요금 30% 감면
장애인/국가유공자/단체 : 이용요금 30% 감면","1. 거주지 읍/면/동 주민센터, 주민센터에서 ‘서비스 신청’
2. 거주지 읍/면/동 주민센터, 이통사대리점에서 ‘서비스 신청’
3. 담당 시/군/구청 또는 주민센터에서 조사 및 심사
4. 담당 시/군/구청 또는 이통사대리점에서 조사 및 심사
5. 담당 시/군/구청 또는 주민센터에서 보장 결정
6. 담당 시/군/구청 또는 이통사대리점에서 보장 결정
7. 담당 시/군/구청 또는 주민센터에서 대상자에게 서비스 제공
8. 담당 시/군/구청 또는 이통사대리점에서 대상자에게 서비스 제공
9. 담당 시/군/구청 또는 주민센터에서 서비스 제공 이후 대상자의 상황 관리
10. 담당 시/군/구청 또는 이통사대리점에서 서비스 제공 이후 대상자의 상황 관리",,,개별통신사 전용 ARS: (이동전화로 국번없이) 1523,,"전기통신사업법
전기통신사업법 시행령
보편적역무손실보전금 산정방법 등에 관한 기준"
WLF00000104,시각·청각장애인용 TV 보급사업,방송통신위원회 미디어다양성정책과,시각&middot;청각 장애인이 비장애인과 동등한 조건에서 방송매체에 접근할 수 있도록  장애인용 맞춤형 TV를 보급하여 방송소외계층의 방송접근권을 보장합니다.,2026,1688-4596,1회성,현물지급,,생활지원,"저소득, 장애인, 보훈대상자","주민등록상 국내에 거주 중인 보건복지부 등록 시각청각장애인 또는 국가보훈부 등록 눈귀 상이등급자를 지원합니다.

저소득층(기초생활수급자, 차상위계층): 무료 보급/ 비저소득층: 자부담비 10만원 유상보급
소득 구분, 장애 정도, 연령 등을 고려하여 선정 후 보급(선착순 보급 아님)
2020~2025년 시각청각장애인용 TV를 받은 분은 신청 불가",지원대상의 내용을 참고해 주시기 바랍니다.,시각청각장애인용 TV 1대를 지급합니다.,"1. 거주지 읍/면/동 주민센터, 주소지 관할 주민센터에서 ‘서비스 신청’
2. 담당 시/군/구청 또는 시청자미디어재단에서 조사 및 심사
3. 담당 시/군/구청 또는 시청자미디어재단에서 보장 결정
4. 담당 시/군/구청 또는 시청자미디어재단에서 대상자에게 서비스 제공
5. 담당 시/군/구청 또는 시청자미디어재단에서 서비스 제공 이후 대상자의 상황 관리",,,시청자미디어재단: 1688-4596,시청자미디어재단: https://tv.kcmf.or.kr,"방송통신발전 기본법
방송법"
WLF00000087,"지방세 비과세감면(주민세, 취득세, 자동차세, 재산세, 지역자원시설세 등)",행정안전부 지방세특례제도과,"기초생활수급자, 국가유공자, 장애인 등이 부담하는 지방세를 감면&middot;면제하여 생활 안정과 시설 운영을 돕습니다.",2026,02-2100-3399,1회성,기타,,생활지원,"보훈대상자, 다자녀, 장애인, 저소득","유형별 지방세 비과세감면 대상은 다음과 같습니다.

(기초생활수급자 등 균등할 주민세 비과세)
- 「국민기초생활 보장법」에 따른 수급자
- 「출입국관리법」 제31조에 따른 외국인등록을 한 날부터 1년이 경과되지 아니한 외국인
- 「민법」에 따른 미성년자(그 미성년자가 미성년자가 아닌 자와 「주민등록법」상 같은 세대를 구성하고 있는 경우는 제외한다)- 「주민등록법」에 따른 세대원 및 이에 준하는 개인으로서 대통령령으로 정하는 자
(국가유공자 단체 취득 부동산 지방세 감면)
- 「국가유공자 등 단체 설립에 관한 법률」에 따라 설립된 대한민국상이군경회, 대한민국전몰군경유족회, 대한민국전몰군경미망인회, 광복회, 4ㆍ19민주혁명회, 4ㆍ19혁명희생자유족회, 4ㆍ19혁명공로자회, 재일학도의용군동지회 및 대한민국무공수훈자회
- 「특수임무유공자 예우 및 단체설립에 관한 법률」에 따라 설립된 대한민국특수임무유공자회
- 「고엽제후유의증 등 환자지원 및 단체설립에 관한 법률」에 따라 설립된 대한민국고엽제전우회- 「참전유공자 예우 및 단체설립에 관한 법률」에 따라 설립된 대한민국6ㆍ25참전유공자회 및 대한민국월남전참전자회
(국가유공자등 차량 취득세 및 자동차세 감면)
- 「국가유공자 등 예우 및 지원에 관한 법률」에 따른 국가유공자(「보훈보상대상자 지원에 관한 법률」 제2조제1항 각 호의 어느 하나에 해당하는 보훈보상대상자 및 법률 제11041호 국가유공자 등 예우 및 지원에 관한 법률 일부개정법률 부칙 제19조에 해당하는 사람을 포함)로서 상이등급 1급부터 7급까지의 판정을 받은 사람
- 「518민주유공자예우에 관한 법률」에 따라 등록된 518민주화운동부상자로서 신체장해등급 1급부터 14급까지의 판정을 받은 사람- 「고엽제후유의증 등 환자지원 및 단체설립에 관한 법률」에 따른 고엽제후유의증환자로서 경도(輕度) 장애 이상의 장애등급 판정을 받은 사람
(노인복지시설 지방세 감면)- 「노인복지법」 제31조에 따른 노인복지시설을 소유하고 설치ㆍ운영하는 자
(다자녀가구 취득 자동차 취득세 감면)- 만 18세미만 2명 이상의 자녀 양육자(가족관계등록부 기준, 양자 및 배우자 자녀 포함 / 입양자녀의 경우 친생부모의 자녀수에 포함하지 않음)
(사회복지법인 지방세감면)- 「사회복지사업법」에 따라 사업복지사업을 목적으로 하는 법인 또는 단체
(어린이집 및 유치원에 대한 지방세 감면)- 「영유아보육법」에 따른 어린이집 및 「유아교육법」에 따른 유치원을 소유하고 설치ㆍ운영하는 자 및 「영유아보육법」 제10조제4호에 따른 직장어린이집을 법인ㆍ단체 또는 개인에게 위탁하여 운영하는 자(대통령령으로 정하는 사업주가 직장어린이집을 설치하는 경우로서 해당 직장어린이집을 법인ㆍ단체 또는 개인에게 위탁하여 운영하는 경우를 포함)
(아동복지시설에 대한 지방세 감면)- 「아동복지법」 제52조제1항제8호에 따른 지역아동센터 소유하고 설치ㆍ운영하는 자
(장애인차량 취득세 및 자동차세 감면) - 장애인(「장애인복지법」에 따른 장애인으로서 장애의 정도가 심한 장애인)이 본인명의로 등록하거나 그 장애인과 동일한 세대별 주민등록표에 기재되어 있고 「가족관계의 등록 등에 관한 법률」에 따른 가족관계등록부에 따라 장애인의 배우자ㆍ직계혈족ㆍ형제자매, 장애인의 직계혈족의 배우자, 장애인의 배우자의 직계혈족ㆍ형제자매 중 어느 하나에 해당하는 관계가 있는 것이 확인(취득세의 경우에는 해당 자동차 등록일에 세대를 함께 하는 것이 확인되는 경우로 한정한다)되는 사람이 공동명의로 등록하는 자동차",지원대상의 내용을 참고해 주시기 바랍니다.,"유형별 지방세 비과세감면 내용은 다음과 같습니다.

(기초생활수급자 등 균등할 주민세 비과세)- 「지방세법」 제75조에 따른 균등분 주민세 비과세
(국가유공자 단체 취득 부동산 지방세 감면)- 취득 소유하는 부동산의 취득세, 재산세, 지역자원시설세, 등록면허세, 주민세 종업원분 및 사업소분(「지방세법」 제81조제1항 제2호에 따라 부과되는 세액으로 한정) 면제
(노인복지시설 지방세 감면) - 「노인복지법」 제31조에 따른 노인복지시설을 설치ㆍ운영하기 위하여 취득하는 부동산 취득세, 재산세, 지역자원시설세(경로당으로 사용하는 부동산의 경우) 감면
(다자녀가구 취득 자동차 취득세 감면)
- 2024.12.31까지 취득세 감면
- 승용자동차 (7~10인승), 승합차 (15인승 이하), 화물차 (1톤 이하), 250CC 이하의 이륜자동차 면제- 승차정원이 7명 미만인 승용자동차의 경우에는 140만원까지 경감
(사회복지법인 지방세감면)- 취득세, 재산세, 지역자원시설세, 등록면허세, 주민세 사업소분(「지방세법」 제81조제1항 제2호에 따라 부과되는 세액으로 한정) 및 종업원분 감면
(어린이집 및 유치원 지방세 감면)- 「영유아보육법」에 따른 어린이집 및 「유아교육법」에 따른 유치원(이하 이 조에서 ""유치원등""이라 한다)을 설치ㆍ운영하기 위하여 취득하는 부동산 취득세, 재산세 면제
(아동복지시설에 대한 지방세 감면)- 「아동복지법」 제52조제1항제8호에 따른 지역아동센터를 설치ㆍ운영하기 위하여 취득하는 부동산에 대해서는 취득세, 재산세 면제
(장애인차량 취득세,자동차세 감면, 국가유공자 등 차량 취득세 및 자동차세 감면)
- 보철용ㆍ생업활동용으로 사용하기 위하여 취득하는 다음 각 호의 어느 하나에 해당하는 자동차로서 취득세 또는 「지방세법」 제125조제1항에 따른 자동차세 중 어느 하나의 세목(稅目)에 대하여 먼저 감면을 신청하는 1대에 대해서는 취득세 및 자동차세를 각각 2024년 12월 31일까지 면제

 ※ 다음 중 어느 하나에 해당하는 자동차
 가) 배기량 2천CC 이하인 승용자동차
 나) 승차 정원 7명 이상 10명 이하인 승용자동차
 - 「장애인의 이동편의를 위하여 「자동차관리법」에 따라 구조를 변경한 승용자동차의 승차 정원은 구조변경 전의 승차 정원 기준
 다) 「자동차관리법」에 따라 자동차의 구분기준이 화물자동차에서 2006년 1월 1일부터 승용자동차에 해당하게 되는 자동차
 - 2005년 12월 31일 이전부터 승용자동차로 분류되어 온 것은 제외
라) 승차 정원 15명 이하인 승합자동차
마) 최대적재량 1톤 이하인 화물자동차 바) 250CC 이하의 이륜자동차","1. 거주지 읍/면/동 주민센터, 시군구 세무부서로 비과세 및 감면 신청에서 ‘서비스 신청’
2. 담당 시/군/구청 또는 시군구 에서 조사 및 심사
3. 담당 시/군/구청 또는 시군구 에서 보장 결정
4. 담당 시/군/구청 또는 시군구 에서 대상자에게 서비스 제공
5. 담당 시/군/구청 또는 시군구 세무부서로 비과세 및 감면 신청에서 서비스 제공 이후 대상자의 상황 관리",,,행정안전부 고객센터: 02-2100-3399,행정안전부 고객센터: http://www.mois.go.kr,"지방세특례제한법
지방세법"
WLF00003258,아동발달지원계좌(디딤씨앗통장)지원,보건복지부 아동보호자립과,취약계층 아동의 사회진출 시 학자금･취업･창업･주거마련 등에 소요되는 초기비용 마련을 위한 자산형성을 지원합니다.,2026,129,월,현금지급,"아동, 청소년","입양·위탁, 서민금융",저소득,"아동발달지원계좌(디딤씨앗통장) 지원대상은 다음과 같습니다.

(보호대상아동) 만 18세 미만의 아동복지시설(아동양육시설, 공동생활가정) 보호아동, 가정위탁 보호아동, 장애인생활시설 아동, 소년소녀가정 아동
(기초생활수급가구 아동) 생계, 의료, 주거, 교육 급여, 차상위계층 수급가구의만 0세부터 만 17세까지 아동 중 신규 선정하여 만 18세 미만까지 지원
(기 가입 아동 중 가정복귀 및 탈수급가구 아동)
- 보호대상아동이 가정회복으로 중도에 가정으로 복귀하는 아동도 계속 지원
- 기초생활수급가구 아동 및 차상위계층 가구 아동 또한 해당 가정이 수급 자격 중지돼도 계속 지원",지원대상의 내용을 참고해주시기 바랍니다.,"아동(보호자, 후원자)이 매월 일정금액 적립 시 월 10만원 내의 범위에서 1:2 매칭 지원합니다.

(기본 매칭적립) 아동이 후원자 또는 보호자의 도움 등으로 적립 시 월 5만원 내의 범위에서 1:2로 매칭하여 국가(지자체)가 월 10만원 내 지원
(추가 적립액) 5만원 적립 후 월 45만원(연간 540만원) 내에서 추가 적립 가능, 추가 적립액에 대한 국가 매칭은 없음 * 아동적립금은 월 최대 50만원, 정부 매칭 지원금은 월 최대 5만원까지 가능 

적립금의 사용 용도는 다음과 같습니다.

만 17세(만기) 이후 학자금, 기술자격 및 취업훈련비용, 창업지원금, 주거마련 지원 등 자립 용도에 한해 사용가능
만 24세까지 학자금, 기술자격취득, 주거마련 등 자립사용용도가 발생하지 않은 경우, 만 24세 도달 시 사용 용도 제한 없이 아동 적립금 및 정부매칭지원금의 지급 가능","1. 거주지 읍/면/동 주민센터, 시군구 또는 복지로 웹사이트(PC/모바일앱)에서 ‘서비스 신청’
2. 담당 시/군/구청 또는 시군구에서 조사 및 심사
3. 담당 시/군/구청 또는 시군구에서 보장 결정
4. 담당 시/군/구청 또는 시군구에서 대상자에게 서비스 제공
5. 담당 시/군/구청 또는 시군구에서 서비스 제공 이후 대상자의 상황 관리",,,"아동권리보장원: 02-6454-8500
보건복지상담센터: 129",보건복지상담센터: http://www.129.go.kr,"아동복지법
아동복지법 시행규칙"
WLF00001120,교육복지우선지원사업,교육부 학생지원총괄과,"취약계층 학생이 밀집한 학교(초,중,고)를 선정하여 집중 지원함으로써 교육, 문화, 복지 수준을 높이고 교육격차를 해소합니다.",2026,044-203-6526,수시,프로그램/서비스(서비스),"청소년, 아동","정신건강, 보호·돌봄, 문화·여가, 교육","저소득, 다문화·탈북민, 장애인, 한부모·조손","다음의 사항 중 하나에 해당하는 자로서 종합적인 교육지원이 필요하다고 사업학교의 장이 인정하는 학생을 지원합니다.
- 「국민기초생활보장법」 제12조에 따른 교육급여 수급권자
- 「국민기초생활보장법」 제2조제10호에 따른 차상위 계층의 자녀
- 「한부모가족지원법」 제5조에 따른 보호대상자인 한부모가족의 자녀
- 「북한이탈주민의 보호 및 정착지원에 관한 법률」 제2조제2호에 따른 보호대상자의 자녀
- 「다문화가족지원법」 제2조제1호에 따른 다문화가족의 자녀
- 「장애인 등에 대한 특수교육법」 제15조에 따른 특수교육대상자
- 기타 교육상 지원이 필요하여 교육감이 정하는 사람의 자녀","시도교육감이 지역의 여건 및 사업대상 학생의 수, 비율 등을 고려하여 사업학교 선정기준을 정합니다.※ 우선지원학생 40명 이상인 학교 등","사업학교에서 대상학생에게 교육과정과 연계한 학습, 문화체험, 심리정서, 보육복지 등을 종합적으로 지원합니다.

(학습) 교육과정과 연계한 기초학습능력 확보 및 학습결손 치유, 예방 프로그램 운영* 예시 : 일대일 학습, 방과후학교 프로그램, 방학 중 캠프, 대학생 멘토링 등
(문화 체험) 각종 현장체험학습 실시로 문화체험 기회 결핍을 해소하고 살아있는 학습 경험을 제공하여 교육 효과 극대화* 예시 : 예술제, 축제, 캠프, 동아리, 자원봉사활동, 박물관 및 미술관 견학 등)
(심리,심성) 건강한 자아 형성 및 부적응 치유를 위한 맞춤형 상담 및 심리치료 지원* 예시 : 학생상담 및 심리 검사, 심리 치료, 학교 부적응 예방 프로그램 참여 등
(복지) 학교-가정-지역사회와 연계한 학생 통합 보호, 지원체계 구축 * 예시 : 치과, 안과 치료, 학습준비물 지원, 가정 방문, 간식비 등","1. 담당 시/군/구청 또는 시도교육청에서 조사 및 심사
2. 담당 시/군/구청 또는 시도교육청에서 보장 결정
3. 이의가 있을 경우, 담당 시/군/구청 또는 시도교육청에 이의 신청 접수
4. 담당 시/군/구청 또는 사업대상학교에서 대상자에게 서비스 제공
5. 담당 시/군/구청 또는 시도교육청에서 서비스 제공 이후 대상자의 상황 관리",,,교육부 학생지원총괄과: 044-203-6195,,"교육복지우선지원사업 관리·운영에 관한 규정
초ㆍ중등교육법"
WLF00000092,저소득층 기저귀·조제분유 지원,보건복지부 출산정책과,영아(0~24개월)를 양육하고 있는 저소득층 가정에 기저귀와 조제분유를 지원하여 경제적 부담을 경감합니다.,2026,129,월,전자바우처(바우처),"영유아, 임신 · 출산","입양·위탁, 임신·출산, 보육","한부모·조손, 장애인, 다자녀, 저소득",저소득층 가구의 영아(0~24개월)를지원합니다.,"기저귀 바우처 지원대상은 다음과 같습니다.

만2세 미만의 영아를 둔 기초생활보장, 차상위계층, 한부모가족 수급 가구를 대상으로 영아별로 지원
- 「국민기초생활보장법」 상 생계의료주거교육급여 수급 가구
- 차상위 본인부담경감대상, 차상위 자활, 차상위 장애인, 차상위계층확인서발급 가구- 「한부모가족지원법」에 의한 지원 대상 가구(청소년한부모가족 포함)
만 2세 미만의 영아를 둔 기준중위소득 80% 이하의 장애인 가구- 부 또는 모 또는 영아가 일반장애인으로 등록된 가구 대상 영아별 지원
만 2세 미만의 영아를 둔 기준중위소득 80%이하의 다자녀(2인 이상) 가구- 2인 이상 다자녀 가구 내 2세 미만 영아별로 지원

조제분유 지원대상은 다음과 같습니다.

아동복지시설공동생활가정가정위탁보호입양대상 아동, 한부모(부자조손) 및 영아 입양 가정의 아동
기저귀 지원대상 중 산모의 사망특정질병, 의식 기능의 현저한 저하 등으로 모유수유가 불가능하다고 의사가 판단하는 경우* 특정질병 : 에이즈, HTLV감염, 악성신생물, 방사선항암제 치료 등",기저귀(월 9만원)조제분유(월 11만원) 구매비용을 국민행복카드에 바우처 포인트로 지원합니다.,"1. 거주지 읍/면/동 주민센터, 보건소 또는 복지로 웹사이트(PC/모바일앱)에서 ‘서비스 신청’
2. 거주지 읍/면/동 주민센터, 주민센터 또는 복지로 웹사이트(PC/모바일앱)에서 ‘서비스 신청’
3. 담당 시/군/구청 또는 보건소에서 조사 및 심사
4. 담당 시/군/구청 또는 보건소에서 보장 결정
5. 이의가 있을 경우, 담당 시/군/구청 또는 보건소에 이의 신청 접수
6. 담당 시/군/구청 또는 보건소에서 대상자에게 서비스 제공
7. 담당 시/군/구청 또는 보건소에서 서비스 제공 이후 대상자의 상황 관리",,,"사회서비스 전자바우처: 1566-3232
보건복지상담센터: 129","사회서비스 전자바우처: https://www.socialservice.or.kr:444/
보건복지상담센터: http://www.129.go.kr",저출산ㆍ고령사회기본법
WLF00004638,가스요금할인,산업통상자원부 가스산업과,"기초생활수급자, 차상위계층, 장애인, 국가유공자 등 사회적배려대상자가 사용하는 도시가스요금을 감액하여 요금 감면을 지원합니다.",2026,053-670-0114,월,현금지급,"청년, 청소년, 중장년, 노년",서민금융,"다자녀, 보훈대상자, 저소득, 장애인","기초생활수급자 (생계급여, 주거급여, 의료급여, 교육급여)
차상위계층(「국민기초생활보장법법」 제2조제10호)
다자녀가구 (자녀가 3명 이상이거나 손자녀가 3명 이상인 가구)
중증장애인 (「장애인복지법」 제2조제2항에 따른 장애인 중에서 장애의 정도가 심한 장애인)
국가유공자 1~3급 또는 518 유공자 1~3급 판정을 받은 사람
독립유공자 또는 그 유족 중 선순위자
관련 시설 : 장애인복지시설, 다함께돌봄센터 및 아동복지시설, 노인복지시설, 한부모가족복지시설, 사회복지시설, 노숙인복지시설, 정신재활시설, 감염병관리기관(상급종합병원은 제외), 가정폭력피해자 보호시설, 성폭력피해자보호시설, 갱생보호시설, 청소년복지시설, 어린이집","「국민기초생활보장법」에서 정한 기초생활수급자(생계급여, 주거급여, 의료급여, 교육급여)
차상위계층(중위소득 50%이하)
자녀가 3명 이상이거나 손자녀가 3명 이상인 가구
「장애인복지법」제2조제2항에 따른 장애인 중 장애의 정도가 심한 장애인
「국가유공자 등 예우 및 지원에 관한 법률」및「5.18 민주유공자 예우에 관한 법률」에서 정한 1~3급 상이자
「독립유공자 예우에 관한 법률」에 의한 독립유공자 또는 수급자
위탁아동의 수와 주민등록표상 자녀를 합쳐서 3명 이상이거나 위탁아동의 수와 주민등록표상 손자녀를 합쳐서 3명 이상인 가구 ※ 18세 미만의 자녀 또는 손자녀가 주민등록표상 세대를 분리하였으나 가족관계증명서 등으로 그 관계가 확인되는 경우에는 같은 세대를 구성하고 있는 것으로 본다.","경감지원한도

생계/의료급여 수급자 中 에너지이용권 미수급자

취사용 : 1,680원
취사난방용(동절기): 148,000원
취사난방용(기타월): 9,900원

주거급여 수급자 中 에너지이용권 미수급자

취사용 : 840원
취사난방용(동절기): 148,000원
취사난방용(기타월): 4,950원

교육급여 수급자 中 에너지이용권 미수급자

취사용 : 420원
취사난방용(동절기): 148,000원
취사난방용(기타월): 2,470원

생계/의료급여 수급자 中 에너지이용권 수급자

취사용 : 1,680원
취사난방용(동절기): 86,000원
취사난방용(기타월): 9,900원

주거급여 수급자 中 에너지이용권 미수급자

취사용 : 840원
취사난방용(동절기) : 86,000원
취사난방용(기타월) : 4,950원

교육급여 수급자 中 에너지이용권 미수급자

취사용 : 420원
취사난방용(동절기): 86,000원
취사난방용(기타월): 2,470원

차상위 계층 中 에너지이용권 미수급자

취사용 : 840원
취사난방용(동절기): 148,000원
취사난방용(기타월): 4,950원

차상위 계층 中 에너지이용권 수급자

취사용 : 840원
취사난방용(동절기): 86,000원
취사난방용(기타월): 4,950원

장애인, 유공자 1~3급

취사용 : 1,680원
취사난방용(동절기): 72,000원
취사난방용(기타월): 9,900원

다자녀 가구

취사용 : 420원
취사난방용(동절기): 18,000원
취사난방용(기타월): 2,470원","1. 거주지 읍/면/동 주민센터, 복지로에서 ‘서비스 신청’
2. 거주지 읍/면/동 주민센터, 정부24에서 ‘서비스 신청’
3. 거주지 읍/면/동 주민센터, 지방보훈청에서 ‘서비스 신청’
4. 거주지 읍/면/동 주민센터, 지역도시가스사업자에서 ‘서비스 신청’
5. 거주지 읍/면/동 주민센터, 행정복지센터에서 ‘서비스 신청’
6. 담당 시/군/구청 또는 지역도시가스사업자에서 조사 및 심사
7. 담당 시/군/구청 또는 지역도시가스사업자에서 보장 결정
8. 담당 시/군/구청 또는 한국가스공사, 일반도시가스사업자에서 대상자에게 서비스 제공
9. 담당 시/군/구청 또는 한국가스공사에서 서비스 제공 이후 대상자의 상황 관리",,,"한국가스공사: 053-670-0114
산업통상부: 1577-0900","한국가스공사: www.kogas.or.kr
한국도시가스협회: www.citygas.or.kr",도시가스사업법
WLF00000026,장애인자립자금대여,보건복지부 장애인자립기반과,저소득 장애인의 소규모 창업 및 출퇴근용 자동차 구입 비용을 장기 저리로 대여하여 생업의 기반을 다지고 편리하게 이동할 수 있도록 지원합니다.,2026,129,1회성,현금대여(융자),"노년, 청년, 중장년","일자리, 생활지원, 서민금융","장애인, 저소득","가구의 소득인정액이 「국민기초생활보장법」에 의한 기준중위소득 50% 초과 100% 이하 가구의 19세 이상의등록장애인을 지원합니다.* 2025년 기준, 4인 가구 기준 3,048,887원 초과 6,097,773원 이하
자격제한 : 대여희망자 또는 보증인이 융자기관 내규 여신 취급제한자(금융채무불이행자, 신용회복중인 자, 개인회생 및 파산면책자)인 경우는 대여불가 또는 보증자격 불가
중위소득 50%이하의 장애인의 경우, 미소금융재단의 장애인대출 상품을 이용할 수 있습니다(서비스내용 동일).
시군구에서 장애인자립자금대여를 금융기관에 추천하였다하여도 해당 금융기관의 여신규정(신용등급 및 보증인 대출요건 등)에 의거 대여가 되지 않을 수 있습니다.",지원대상을 참고해주시기 바랍니다.,"장애인자립자금대여 융자요건 및 상환방법은 다음과 같습니다.

(대여목적) 생업자금, 생업용 자동차 구입비, 출퇴근용 자동차 구입비*, 취업 기술훈련비, 장애인보조기기 구입비, 자기개발 훈련비, 의료비 등※ 생활가계자금, 주택전세자금, 학자금 등의 용도로 융자 불가
(대여한도)
 - 무보증대출 : 가구당 1,200만원 이내(자동차 구입 자금은 특수설비 부착 시 1,500만원 이내)
 * 요건 : 기존 대출금 2,000만원 이하 이면서, 연간 재산세 2만원 이상 납부 또는 연간소득 600만원 이상 - 담보대출 : 5,000만원 이하(담보범위내)
(대여이자) 고정금리 연2% ('21년 4월 이전 3%)
(대여기관) 국민은행 지점
(상환방법) 5년 거치, 5년 분할 상환
자동차 구입비의 경우, 반드시 자동차 구입 전에 신청하여 대여기관으로부터 받은 융자금으로 자동차를 구입하여야 함(별도자금으로 자동차 구입 후, 대여 융자금으로 상환하는 방식 불가)","1. 거주지 읍/면/동 주민센터, 주소지 읍·면·동 주민센터 또는 복지로 웹사이트(PC/모바일앱)에서 ‘서비스 신청’
2. 거주지 읍/면/동 주민센터, 복지로 홈페이지(www.bokjiro.go.kr) 또는 복지로 웹사이트(PC/모바일앱)에서 ‘서비스 신청’
3. 담당 시/군/구청 또는 시·군·구, 금융기관에서 조사 및 심사
4. 담당 시/군/구청 또는 금융기관에서 보장 결정
5. 담당 시/군/구청 또는 금융기관에서 대상자에게 서비스 제공
6. 담당 시/군/구청 또는 시군구에서 서비스 제공 이후 대상자의 상황 관리",,,"주소지 읍·면·동 주민센터: 주소지 읍·면·동 주민센터
보건복지상담센터: 129",,"장애인복지법 시행령
장애인복지법"
WLF00001098,온가족보듬사업,성평등가족부 가족정책과,"취약가족 및 긴급·위기가족이 가족 기능을 회복하고 정서적, 경제적 자립역량을 강화할 수 있도록 합니다.",2026,1577-9337,수시,프로그램/서비스(서비스),,"생활지원, 정신건강, 보호·돌봄, 안전·위기","한부모·조손, 다문화·탈북민, 저소득","취약위기가족을 대상으로 지원합니다.

(손)자녀를 둔 한부모‧조손가족, 1인가구, 다문화가족 등 가족기능 강화를 위해 지원이 필요한 모든가족
재난, 사고 등 경제‧사회적 위기사건을 직면한 위기가족","취약가족 : 한부모가족, 조손가족, 노부모 부양가족, 손자녀 돌봄 조부모, 청소년(한)부모, 1인가구, 다문화가족, 방임(보호)아동 및 원가정, 이혼 위기 가족 등 가족기능 및 역량 강화를 위해 지원이 필요한 모든 가족
 ※ 지자체와 협의하여 기준 중위소득 100% 이하(조정 가능) 우선 지원 가능 ※ 가족상담의 경우 모든 가족을 대상으로 진행

기준에 적합한 대상자 중에서 지원이 필요하다고 판단되는 가구
 ※ 자립의지가 있는 비수급저소득 가구 우선 지원 ※ 「세월호피해구제및지원특별법」 제29조에 따라 친권자가 사망하거나 생사가 분명하지 아니한 미성년인 피해자는 학습정서지원 및 교육문화 프로그램 지원가능
(소득기준 적용 시) 건강보험료 납부확인서 또는 수급자증명서를 통해 소득기준 확인

긴급위기가족 : 재난사고 등 경제사회적 위기사건을 직면한 가족 

위기사건으로 긴급지원이 필요하다고 판단되는 경우
사례관리 대상자 중 긴급위기 상황이 발생한 경우
가족의 생계를 책임지고 있거나 가족 구성원에 돌봄을 제공하는 청소년
질병, 위기상황 등으로 도움이 필요한 1인가구","취약위기가족이 가족기능을 회복하고 정서경제적 자립역량을 강화할 수 있도록 다음의 서비스를 제공합니다.

가족상담 : 부모-자녀상담, 부부상담, 임신갈등상담, 이혼 전후 상담 등
사례관리 : 대상자의 정책 욕구와 강점 사정을 기반으로 서비스 계획 수립 후 대상자에게 적합한 서비스와 자원을 확보하여 지원인력파견, 정보제공, 지역사회 자원 활용연계 등 직간접 서비스 지원
교육문화 프로그램 및 자조모임 : 가족관계 향상을 위한 교육문화프로그램(부모교육, 가족캠프 등) 및 자조모임 등 사회적 관계망 형성 지원
긴급위기지원 : 긴급위기 상황을 직면한 가족에 대한 심리정서지원 및 긴급돌봄 등 지원","1. 거주지 읍/면/동 주민센터, 지역 가족센터에서 ‘서비스 신청’
2. 담당 시/군/구청 또는 지역 가족센터에서 조사 및 심사
3. 담당 시/군/구청 또는 지역 가족센터에서 보장 결정
4. 담당 시/군/구청 또는 지역 가족센터에서 대상자에게 서비스 제공
5. 담당 시/군/구청 또는 지역 가족센터에서 서비스 제공 이후 대상자의 상황 관리",,,한국건강가정진흥원 가족센터협력부: 02-3479-7716,"한국건강가정진흥원: www.familynet.or.kr
다문화가족지원포털 다누리: http://www.liveinkorea.kr/",건강가정기본법
WLF00000049,에너지 취약계층 고효율조명기기 무상교체 지원(취약계층 에너지복지사업),기후에너지환경부 기후적응과,에너지 취약계층인 저소득층 및 복지시설에 고효율 조명기기(LED) 무상교체로 전기요금을 줄이고 전력수요 절감에 기여합니다.,2026,02-6913-2140,1회성,현물지급,,"에너지, 생활지원",저소득,"저소득층

「국민기초생활보장법」제7조(급여의 종류)에 따른 생계의료주거교육 급여 수급권자의 가구 및 차상위계층
공공주택 특별법 시행령 제2조(공공임대주택) 중 영구임대주택

사회복지시설

「사회복지사업법」제34조(사회복지시설의 설치)에 따라 설치.운영하는 시설 * 영구임대주택의 경우, 단지 단위로 협약 체결 후 지원 가능하며, 주차장 등 공용 이용 공간 포함 필요 시 사전 협의 필요","사업 주관기관(지방자치단체)에서 지원 가구(시설)를 선정합니다.
지원 제외 기준은 다음과 같습니다. 

시설건축년도가 5년이 경과하지 않은 시설
전기시설 리모델링 계획 또는 이전계획이 있는 시설
최근 5년 이내 교체한 조명(국비, 지방비, 자비, 후원 등)
기타 해당 가구(시설)의 조명을 교체할 경우, 자원의 낭비가 발생할 경우","저효율 조명기기(백열전구, 형광등, 다운라이트 등)를 고효율 조명기기(LED)로 교체합니다. ※ 교체비용 100% 무상지원(조명 교체 공사 포함)","1. 담당 시/군/구청 또는 한국에너지재단에서 보장 결정
2. 거주지 읍/면/동 주민센터, 기초지자체(에너지과 ,지역경제과 등0에서 ‘서비스 신청’
3. 담당 시/군/구청 또는 한국에너지재단에서 조사 및 심사
4. 담당 시/군/구청 또는 기초지자체에서 조사 및 심사
5. 담당 시/군/구청 또는 기초지자체에서 보장 결정
6. 담당 시/군/구청 또는 한국에너지재단에서 대상자에게 서비스 제공
7. 담당 시/군/구청 또는 기후에너지환경부에서 대상자에게 서비스 제공
8. 담당 시/군/구청 또는 기초지자체(공사대금 처리)에서 대상자에게 서비스 제공
9. 담당 시/군/구청 또는 한국에너지재단에서 서비스 제공 이후 대상자의 상황 관리
10. 담당 시/군/구청 또는 소관 기초지자체에서 서비스 제공 이후 대상자의 상황 관리",,,"한국에너지재단(취약계층 LED 보급지원): 02-6913-2145
전국 읍·면·동 주민센터: 전국 읍·면·동 주민센터",,"전기사업법
에너지법"
WLF00001128,저소득층에너지효율개선,기후에너지환경부 기후적응과,"한파, 폭염 등 기후변화에 더욱 취약한 에너지 소외계층을 대상으로 에너지 사용 환경을 개선하여 취약계층의 기후위기 적응력을 제고합니다.",2026,1670-7653,년,현물지급,,"주거, 생활지원, 에너지",저소득,"기초생활수급가구, 차상위계층, 복지사각지대(기초지자체 추천), 사회복지시설 등을 대상으로 지원합니다.
지원제외 :수선유지비 지급 대상가구(「주거급여법」 제8조), 공공임대주택 가구(단, 기존주택 전세임대주택은 지원가능), 동사업을 지원받은지 2년이 경과되지 않은 가구",지원대상의 내용을 참고해주시기 바랍니다.,"에너지 사용환경 개선을 위해 다음을 지원합니다.

(난방지원) 단열ˑ창호ˑ바닥공사 및 보일러 보급을 통해 난방 에너지 사용환경 개선
(냉방지원) 기후위기에 취약한 에너지이용 소외계층에 고효율 에어컨 보급ˑ설치 지원

세부 지원 내용은 다음과 같습니다.

(단열공사) 외기에 노출되는 공간(벽면, 천장 등)에 단열성능을 가진 재료를 설치하여 열손실 및 유출을 차단
(창호공사) 낡거나 뒤틀림 등에 의해 외기 유입 및 단열성능이 저하된 창문, 방문 등을 PVC창호로 교체하여 기밀성 강화
(바닥공사) 보일러가 설치되어 있지 않거나, 보일러 배관이 파손된 공간에 보일러를 가동할 수 있도록 설치ˑ지원하여 열효율 제고
(물품지원) 노후ˑ고장 등 효율이 저하된 보일러를 고효율 보일러 등으로 교체 지원 및 폭염 일상화 대비 에너지절감형 소형 고효율 에어컨 지원","1. 거주지 읍/면/동 주민센터, 읍면동 주민센터에서 ‘서비스 신청’
2. 담당 시/군/구청 또는 해당없음에서 조사 및 심사
3. 담당 시/군/구청 또는 한국에너지재단에서 보장 결정
4. 담당 시/군/구청 또는 한국에너지재단에서 대상자에게 서비스 제공
5. 담당 시/군/구청 또는 한국에너지재단에서 서비스 제공 이후 대상자의 상황 관리",,,한국에너지재단: 1670-7653,한국에너지재단: www.koref.or.kr,에너지법
WLF00000102,의료급여(의료급여),보건복지부 기초의료보장과,의료급여 수급권자에 대한 의료비를 지원하여 저소득층의 국민보건 향상과 사회복지 증진에 기여합니다.,2026,129,수시,"현금지급, 현물지급",,"신체건강, 정신건강","보훈대상자, 다문화·탈북민, 저소득","지원대상은 다음과 같습니다.

「국민기초생활보장법」에 의한 수급권자
「의료급여법」에 의한 수급권자
타법에 의한 수급권자","수급자 유형별 선정기준은 다음과 같습니다.

「국민기초생활보장법」에 의한 수급자
- (1종 수급권자)
 「의료급여법」시행령 제3조제2항제1호 가목의 규정에 의한 근로능력이 없거나 근로가 곤란하다고 인정하여 보건복지부 장관이 정하는 자만으로 구성된 세대의 구성원
 「국민기초생활 보장법」시행령 제38조의 규정에 의한 보장시설에서 급여를 받고 있는 자(국민기초생활보장 시설수급자)
 「국민기초생활 보장법」제14조의2의 규정에 해당하는 자로서, 보건복지부 장관이 인정하는 자(국민기초생활보장 특례수급권자)
 보건복지부장관이 정하여 고시하는 희귀난치성질환 및 중증질환(암환자, 중증화상환자) 등록자
- (2종 수급권자)  국민기초생활보장수급자 중 의료급여 1종 수급권자 기준에 해당되지 않는 자
「의료급여법」에 의한 수급권자 : 행려환자
- (1종 수급권자) 의료급여법 제3조제1항제10호 및 동법 시행령 제2조제1호의 규정에 해당하는 자
 * 선정기준(다음 4가지 요건을 모두 충족해야 함) 
1. 일정한 거소가 없는 자 
2. 행정관서(경찰서, 소방서 등)에 의하여 병원에 이송된 자 
3. 응급의료에 관한 법률 제2조제1호 내지 제3호의 규정에 의한 응급의료 (응급처치 및 응급진료)를 받은 응급환자임이 의사진단서상 확인되는 자 4. 신분증 또는 신원조회를 통해 부양의무자가 없거나 부양의무자가 있어도 부양능력이 없거나 부양을 기피하는 것으로 파악된 자
타법에 의한 의료급여 수급권자
* '23.1.1. 이전 신청한 타법 의료급여 수급권자는 기존 1종 유지. 다만, '23.1.1. 이후 신규 신청한 수급권자에 대해서는 근로능력 유무에 따른 12종 부여
- (1종 수급권자) 「의료급여법」 시행령 제3조제2항 각호에 해당하는 사람으로 국민기초 1종 수급권자 자격기준 참고- (2종 수급권자) 타법 의료급여 수급권자 중 1종 수급권자 기준에 해당되지 않는 자",'국민건강보험 요양급여 기준'에 의한 급여대상 항목에 대한 의료비를 지원합니다.,"1. 거주지 읍/면/동 주민센터, 시군구에서 ‘서비스 신청’
2. 담당 시/군/구청 또는 시군구에서 조사 및 심사
3. 담당 시/군/구청 또는 시군구에서 보장 결정
4. 담당 시/군/구청 또는 의료급여기관에서 대상자에게 서비스 제공
5. 담당 시/군/구청 또는 시군구에서 서비스 제공 이후 대상자의 상황 관리",,,보건복지부상담센터: 129,"보건복지부 콜센터: http://www.129.go.kr
보건복지부: http://www.mohw.go.kr","의료급여법
의료급여법 시행령
의료급여법 시행규칙"
WLF00003279,언어발달지원사업,보건복지부 장애인서비스과,장애인 부모의 자녀에게 필요한 언어발달지원서비스를 제공하여 아동의 건강한 성장을 지원합니다.,2026,129,월,전자바우처(바우처),아동,"교육, 신체건강","장애인, 저소득","(자격기준) 만 12세 미만 비장애아동(한쪽부모 및 조손가정의 한쪽 조부모가 시각청각언어지적자폐성뇌병변 등록장애인)
(소득기준) 기준중위소득 120% 이하 (소득별 차등지원)",지원대상의 내용을 참고해주시기 바랍니다.,"언어듣기능력 재활 등 언어재활서비스, 독서지도, 수어지도 서비스를 제공합니다. * 논술지도, 학습지도 등 교과목 수업이나 학습지를 사용한 지도는 불가함
바우처 지원액은 아래와 같이 소득별로 차등 지원합니다. 

기초생활수급자: 월 22만원 지원(본인부담금 면제)
차상위 계층: 월 20만원(본인부담금 2만원)
차상위 초과 기준 중위소득 65% 이하: 월 18만원(본인부담금 4만원)
기준 중위소득 65% 초과 120% 이하: 월 16만원(본인부담금 6만원)","1. 담당 시/군/구청 또는 서비스 제공기관에서 대상자에게 서비스 제공
2. 거주지 읍/면/동 주민센터, 시군구, 읍면동 또는 복지로 웹사이트(PC/모바일앱)에서 ‘서비스 신청’
3. 담당 시/군/구청 또는 읍면동에서 조사 및 심사
4. 담당 시/군/구청 또는 시군구에서 보장 결정
5. 담당 시/군/구청 또는 시군구, 읍면동에서 서비스 제공 이후 대상자의 상황 관리",,,"사회서비스 전자바우처: 15266-3232
보건복지상담센터: 129","보건복지상담센터: http://www.129.go.kr
사회서비스전자바우처: https://www.socialservice.or.kr:444/","장애인복지법
아동복지법"
WLF00000072,에너지바우처,기후에너지환경부 기후적응과,에너지취약계층에게 에너지바우처를 지급하여 전기·가스·지역난방·등유·LPG 등 필요 에너지의 이용 비용을 지원합니다.,2026,1600-3190,년,전자바우처(바우처),"노년, 영유아","주거, 생활지원, 에너지","장애인, 한부모·조손, 저소득","(에너지바우처) 대상자 본인이 소득 기준을 충족하고 대상자 본인 또는 대상자 본인의 주민등록표 등본 상 세대원이 세대원 특성 기준을 모두 충족하는 세대

(소득기준)  「국민기초생활보장법」에 따른 생계, 의료, 주거, 교육 급여 중 하나 이상의 급여를 받는 자
(세대원 특성기준) 다음 어느 하나에 해당하는 자

(노인) 주민등록기준 1961. 12. 31. 이전 출생자
(영유아) 주민등록기준 2019. 1. 1. 이후 출생한 7세 이하의 취학 전 아동
(장애인)「장애인복지법」에 따라 등록된 장애인)
(임산부) 임신 중이거나 분만 후 6개월 미만인 여성)
(중증질환자, 희귀질환자, 중증난치질환자)국민건강보험법 시행령 제19조제1항 및 [별표2]에 따라 보건복지부장관이 정하여 고시하는 중증질환, 희귀질환, 중증난치질환(「본인일부부담금 산정특례에 관한 기준」 [별표3], [별표4], [별표4의2]을 가진 사람)
(한부모가족)「한부모가족지원법」 제5조 및 제5조의2에 따른 지원대상자
(소년소녀가정) 보건복지부에서 정한 아동분야 사업 중 소년소녀가정 지원대상에 해당하는 사람(「아동복지법」 제3조에 의한 가정위탁보호 아동을 포함)
(다자녀 세대) 세대원 중 부 또는 모가 있고, 그 부 또는 모의 19세 미만 자녀를 2명 이상 포함된 세대(동일 등본에 등재된 가정위탁보호아동은 자녀로 포함)


(연탄전환 에너지바우처) 대상자 본인이 연탄전환 기준을 충족하는 세대

(연탄전환 기준) 기존 연탄을 사용하는 세대 중 26. 1월 이후 연탄 외 보일러로 난방시설을 전환하고 다음 어느 하나에 해당하는 자

(기초생활수급자) 「국민기초생활 보장법」 상 생계의료주거교육급여 수급자(세대)
(차상위계층) 기초생활수급자에 해당하지 않으면서 소득인정액이 기준 중위소득의 100분의 50 이하인 자(세대)
(노인) 주민등록기준 1961. 12. 31. 이전 출생자
(장애인) 「장애인복지법」에 따라 등록된 장애인
(한부모가족) 「한부모가족지원법」 제5조 및 제5조의2에 따른 지원대상자
(소년소녀가정) 보건복지부에서 정한 아동분야 사업 중 소년소녀가정 지원대상에 해당하는 사람(「아동복지법」 제3조에 의한 가정위탁보호 아동을 포함)",지원대상의 내용을 참고해주시기 바랍니다.,"(에너지바우처) 하절기(당해 7~9월) 동안 전기요금을, 동절기(당해 10월~익년 5월) 동안 전기, 도시가스, 지역난방, 등유, 연탄, LPG를 구입할 수 있는 바우처를 세대원수에 따라 4단계로 차등 지급

실물카드(국민행복카드) 직접 결제 방식 또는 고지서 요금 자동차감 방식을 통해 지원

(연탄전환 에너지바우처) 동절기(당해 10월~익년 5월)동안 전기, 도시가스, 등유, LPG를 구입할 수 있는 바우처를 세대원수에 관계없이 동일 지급 ㅇ 실물카드(국민행복카드) 직접 결제 방식을 통해 지원","1. 거주지 읍/면/동 주민센터, 주민등록상 거주지 읍면동 행정복지센터 또는 복지로 웹사이트(PC/모바일앱)에서 ‘서비스 신청’
2. 담당 시/군/구청 또는 해당없음에서 조사 및 심사
3. 담당 시/군/구청 또는 시군구에서 보장 결정
4. 이의가 있을 경우, 담당 시/군/구청 또는 행정복지센터에 이의 신청 접수
5. 담당 시/군/구청 또는 한국에너지공단에서 대상자에게 서비스 제공
6. 담당 시/군/구청 또는 한국에너지공단에서 서비스 제공 이후 대상자의 상황 관리
7. 담당 시/군/구청 또는 시도에서 서비스 제공 이후 대상자의 상황 관리",,,에너지바우처통합상담센터: 1600-3190,에너지바우처 홈페이지: www.energyv.or.kr,"에너지법
에너지 및 자원사업 특별회계법"
WLF00005440,대중교통비 환급 지원(모두의카드),국토교통부 광역교통경제과,정기적 대중교통 이용을 지원하여 대중교통을 자주 이용하는 서민·청년층 등의 교통비 부담을 완화하고 대중교통 이용을 촉진합니다.,2026,031-427-4415,월,기타,"청년, 중장년, 노년",생활지원,"저소득, 다문화·탈북민","만 19세 이상 국민 중 월 15회 이상 대중교통 이용자를 대상으로 지원합니다.
 ※ 외국인 등록번호가 있는 외국인에 한해 회원가입 가능합니다.
※ 외국인 등록번호로 거소사실 여부를 확인할 수 없다면, ""홈페이지""로 가입 필요",지원대상의 내용을 참고해 주시기 바랍니다.,"만 19세 이상 국민 중 월 15회 이상 대중교통 이용자 대상 환급 지원 (정률형)
월 15회 이상 대중교통 이용금액의 20%~53.3% 환급 (정액형)
월 15회 이상 대중교통 이용금액이 일정 기준금액(3~10만원)을 초과하는 지출 금액 전액 환급 정률형정액형
위의 유형 중사전 선택 없이 시스템에서 자동으로 가장 큰 혜택을 적용하여 환급","1. 담당 시/군/구청 또는 한국교통안전공단에서 서비스 제공 이후 대상자의 상황 관리
2. 담당 시/군/구청 또는 한국교통안전공단에서 조사 및 심사
3. 담당 시/군/구청 또는 한국교통안전공단에서 보장 결정
4. 담당 시/군/구청 또는 국가 ,지방자치단체에서 대상자에게 서비스 제공",,,"국토교통부: 1599-0001
K-패스 고객센터: 031-427-4415","국토교통부: http://www.molit.go.kr
K-패스 고객센터: http://korea-pass.kr/",
WLF00005444,취약계층 고효율가전 구매지원(취약계층 에너지복지사업),기후에너지환경부 기후적응과,사회적 배려계층을 대상으로 고효율 가전제품 구입비용을 일정 비율 지원합니다.,2026,1551-1212,년,현금지급,,"생활지원, 에너지","저소득, 장애인, 다자녀, 보훈대상자","저소득층, 장애인 등 전기요금 복지할인을 받고 있는 가구 중 해당 지원 기기를 구매한 가구를 대상으로 지원합니다.

(가군) 장애인(기존 13급), 국가상이유공자(13급), 독립유공자, 기초생활수급자, 차상위계층, 사회복지시설, 생명유지장치 사용 가구(30% 환급, 30만원 한도)
(나군) 3자녀 이상, 출산(3년 미만) 가구, 대가족(5인 이상)(15% 환급, 30만원 한도)
 * 대상 지원기기는 support.kepco.co.kr 참조",지원대상의 내용을 참고해주시기 바랍니다.,"냉장고, 세탁기, 에어컨, TV 등 고효율 가전제품 11종의구입 비용(가구당 한도 30만원)을지원합니다.

(가군) 고효율 가전제품 구입가의 30% 환급, 30만원 한도- 장애인(기존 13급), 국가상이유공자(13급), 독립유공자, 기초생활수급자, 차상위계층, 사회복지시설, 생명유지장치 사용 가구
(나군) 고효율 가전제품 구입가의 15% 환급, 30만원 한도 - 3자녀 이상, 출산(3년 미만) 가구, 대가족(5인 이상)

대상 지원기기는 support.kepco.co.kr를참조하시기 바랍니다.","1. 이의가 있을 경우, 담당 시/군/구청 또는 한국전력공사에 이의 신청 접수
2. 거주지 읍/면/동 주민센터, 한국전력공사에서 ‘서비스 신청’
3. 담당 시/군/구청 또는 한국전력공사에서 보장 결정
4. 담당 시/군/구청 또는 한국전력공사에서 대상자에게 서비스 제공
5. 담당 시/군/구청 또는 한국전력공사에서 서비스 제공 이후 대상자의 상황 관리",,,한국전력 고객센터: 1551-1212,한국전력 고객센터: http://www.en-ter.co.kr/support/main/main.do,"에너지법
전기사업법"
WLF00003257,이동통신요금감면,과학기술정보통신부 통신경쟁정책과,사회적 취약계층을 대상으로 가계통신비 부담완화를 위해 통신요금을 감면합니다.,2026,(이동전화) 국번없이 1523,월,감면,,생활지원,"한부모·조손, 보훈대상자, 장애인, 저소득","기초생활수급자, 차상위계층, 기초연금수급자, 장애인, 국가유공자, 단체 및 시설을 지원합니다.

(기초생활수급자) 「국민기초생활보장법」에 따라 국가로부터 지원을 받는 기초생활수급자- 생계, 의료, 주거, 교육급여 수급자
(차상위계층) 「국민기초생활보장법」에 따라 소득 인정액이 기준 중위소득의 100분의 50% 이하이며, 아래 법률에 따라 지원을 받는 사람 및 그 가구원
- 「국민기초생활보장법」에 따른 자활에 필요한 사업에 참가하는 사람
- 「국민건강보험법 시행령」에 따른 희귀난치성질환자 등으로서 본인부담액을 경감 받는 사람
- 「장애인복지법」에 따른 장애수당을 지급받는 사람과 장애아동수당을 지급받는 사람
- 「한부모가족지원법」에 따른 지원대상자(이 경우 소득인정액이 기준 중위소득의 100분의 52% 이하인 사람 포함)
- 「장애인연금법」에 따라 장애인연금을 지급받는 사람
- 「사회보장기본법」제37조제2항에 따라 구축운영 중인 시스템을 통해 차상위계층에 해당함이 확인되는 사람(차상위 계층 확인서 발급 대상자)※ 가구당 4인(소득인정액 조사에 포함된 가구원으로 만6세 이하는 제외)까지 감면 가능
(기초연금수급자) 「기초연금법」 제2조 제3호에 따른 기초연금 수급자
(장애인) 「장애인복지법」에 의한 장애인
(국가유공자) 감면대상 보훈대상 코드가 전상군경(21), 공상군경(23), 4.19혁명 상이자(51), 공상 공무원(61), 국가사회발전특별공로상이자(71), 6.18 자유 상이자(81), 5.18부상자(85)인 자
(단체 및 시설)
- 「장애인복지법」에 의한 장애인 복지시설 및 장애인 복지단체
- 「초/중등교육법」에 따른 특수학교
- 「아동복지법」에 따른 아동복지시설 - 「국가유공자 등 단체설립에 관한 법률」에 따른 단체(대한민국상이군경회, 4.19 민주혁명회)",지원대상의 내용을 참고해주시기 바랍니다.,"(기초생활수급자) - 생계. 의료 급여 수급자 : 기본감면 26,000원 및 통화료 50% 감면(월최대 33,500원 감면)
- 주거. 교육 급여 수급자 : 기본감면 11,000원 및 통화료 35% 감면(월최대 21,500원 감면)

(장애인/국가유공자/단체) 기본료, 국내 음성/데이터 통화료 35% 감면
(차상위계층) 기본감면 11,000원 및 통화료 35% 감면(월최대 21,500원 감면)
(기초연금수급자) 기본료 및 통화료 50%감면(월최대 11,000원 감면)","1. 거주지 읍/면/동 주민센터, 주민센터, 통신사업자, 정부24시  또는 복지로 웹사이트(PC/모바일앱)에서 ‘서비스 신청’
2. 담당 시/군/구청 또는 통신사업자에서 조사 및 심사
3. 담당 시/군/구청 또는 통신사업자에서 보장 결정
4. 담당 시/군/구청 또는 통신사업자에서 대상자에게 서비스 제공
5. 담당 시/군/구청 또는 주민센터, 통신사업자, 정부24시 에서 서비스 제공 이후 대상자의 상황 관리",,,"개별통신사 전용 ARS: (이동전화로 국번없이) 1523
과학기술정보통신부 민원상담센터: 1335",,"전기통신사업법 시행령
전기통신사업법
보편적역무손실보전금 산정방법 등에 관한 기준"
WLF00006274,햇살론일반,금융위원회 서민금융과,제도권 금융기관 이용이 러여누 저신용·저소득자의 생계지를 지원하여 서민증의 경제적 자립·자활을 도모합니다.,2026,1397,1회성,현금대여(융자),"중장년, 노년, 청년",서민금융,저소득,"소득증빙이 가능하며 연소득 3천5백만원 이거나, 또는 개인신용평점 하위 20%이하이면서 연소득 4천5백만원 이하인 자를 대상으로 지원합니다. * '26년 4월부터 KCB 700점 또는 NICE 749점 이하
개인회생, 개인워크아웃, 새출발기금, 서금원 자체 채무조정 성실상환자의 경우 6개월 이상 성실 상환 시 공공정보 등재 시에도 신청가능",지원대상의 내용을 참고해주시기 바랍니다.,"보증한도 : 최대 1,500만원
금리 : 연 10% 이내(보증료 포함), 금융회사별 상이
보증료 : 2.5%이내
대출기간 : 5년이내, 1년 단위로 신청 가능(원리금 균등분할 상환, 중도상환 수수료 없음)","1. 거주지 읍/면/동 주민센터, IBK기업은행,경남은행,광주은행,국민은행,농협은행,부산은행,신한은행,수협은행,아이엠뱅크,우리은행,전북은행,제주은행,케이뱅크,토스뱅크,하나은행, 상호금융(농협, 수협, 신협, 새마을금고, 산립조합), 저축은행, 캐피탈(롯데), 보험(삼성생명)에서 ‘서비스 신청’
2. 담당 시/군/구청 또는 IBK기업은행,경남은행,광주은행,국민은행,농협은행,부산은행,신한은행,수협은행,아이엠뱅크,우리은행,전북은행,제주은행,케이뱅크,토스뱅크,하나은행, 상호금융(농협, 수협, 신협, 새마을금고, 산립조합), 저축은행, 캐피탈(롯데), 보험(삼성생명)에서 조사 및 심사
3. 담당 시/군/구청 또는 IBK기업은행,경남은행,광주은행,국민은행,농협은행,부산은행,신한은행,수협은행,아이엠뱅크,우리은행,전북은행,제주은행,케이뱅크,토스뱅크,하나은행, 상호금융(농협, 수협, 신협, 새마을금고, 산립조합), 저축은행, 캐피탈(롯데), 보험(삼성생명)에서 보장 결정
4. 담당 시/군/구청 또는 IBK기업은행,경남은행,광주은행,국민은행,농협은행,부산은행,신한은행,수협은행,아이엠뱅크,우리은행,전북은행,제주은행,케이뱅크,토스뱅크,하나은행, 상호금융(농협, 수협, 신협, 새마을금고, 산립조합), 저축은행, 캐피탈(롯데), 보험(삼성생명)에서 대상자에게 서비스 제공
5. 담당 시/군/구청 또는 IBK기업은행,경남은행,광주은행,국민은행,농협은행,부산은행,신한은행,수협은행,아이엠뱅크,우리은행,전북은행,제주은행,케이뱅크,토스뱅크,하나은행, 상호금융(농협, 수협, 신협, 새마을금고, 산립조합), 저축은행, 캐피탈(롯데), 보험(삼성생명)에서 서비스 제공 이후 대상자의 상황 관리",,"[추가 구비서류] 한부모가족 ·조손가족 : 한부모가족증명서 다문화가족 가족관계증명서 : 등다문화가족 확인서류 북한이탈주민 : 북한이탈주민등록확인서 등록장애인 : 장애인등록증, 또는 장애인증명서 국민기초생활수급자 : 국민기초생활수급자 증명서 차상위계층 : 차상위계층 확인서, 차상위 본인부담 경감대상자 증명서 등 근로장려금수급자 : 근로장려금수급사실 증명 또는근로장려금 결정 통지서 자활근로자 : 자활근로자 확인서""[추가 구비서류] 한부모가족 ·조손가족 : 한부모가족증명서 다문화가족 가족관계증명서 : 등다문화가족 확인서류 북한이탈주민 : 북한이탈주민등록확인서 등록장애인 : 장애인등록증, 또는 장애인증명서 국민기초생활수급자 : 국민기초생활수급자 증명서 차상위계층 : 차상위계층 확인서, 차상위 본인부담 경감대상자 증명서 등 근로장려금수급자 : 근로장려금수급사실 증명 또는근로장려금 결정 통지서 자활근로자 : 자활근로자 확인서",서민금융진흥원: 1397,서민금융진흥원: https://www.kinfa.or.kr,서민의 금융생활 지원에 관한 법률
WLF00006273,햇살론특례,금융위원회 서민금융과,소득 증빙이 어렵거나 신용등급이 상대적으로 낮아 햇살론 일반보증을 이용하기 어려운 최저신용자를 제도권 금융으로 지원합니다.,2026,1397,1회성,현금대여(융자),"청년, 노년, 중장년",서민금융,저소득,"개인신용평점 하위 20%이하이면서 연소득 35백만원 이하인 자를 대상으로 지원합니다.
개인회생, 개인워크아웃, 새출발기금, 서금원 자체 채무조정 성실상환자의 경우 6개월 이상 성실 상환 시 공공정보 등재 시에도 신청가능",지원대상의 내용을 참고해주시기 바랍니다.,"보증한도 : 최대 1,000만원
금리 : 연 12.5% 이내(보증료 포함), 사회적 배려대상자 : 9.9% 이내
대출기간 : 3년 또는 5년(원리금 균등분할 상환, 중도상환 수수료 없음)","1. 거주지 읍/면/동 주민센터, IBK기업은행,경남은행,광주은행,국민은행,농협은행,부산은행,신한은행,수협은행,아이엠뱅크,우리은행,전북은행,제주은행,케이뱅크,토스뱅크,하나은행, 상호금융(농협, 수협, 신협, 산립조합), 저축은행에서 ‘서비스 신청’
2. 담당 시/군/구청 또는 IBK기업은행,경남은행,광주은행,국민은행,농협은행,부산은행,신한은행,수협은행,아이엠뱅크,우리은행,전북은행,제주은행,케이뱅크,토스뱅크,하나은행, 상호금융(농협, 수협, 신협, 산립조합), 저축은행에서 조사 및 심사
3. 담당 시/군/구청 또는 IBK기업은행,경남은행,광주은행,국민은행,농협은행,부산은행,신한은행,수협은행,아이엠뱅크,우리은행,전북은행,제주은행,케이뱅크,토스뱅크,하나은행, 상호금융(농협, 수협, 신협, 산립조합), 저축은행에서 보장 결정
4. 담당 시/군/구청 또는 IBK기업은행,경남은행,광주은행,국민은행,농협은행,부산은행,신한은행,수협은행,아이엠뱅크,우리은행,전북은행,제주은행,케이뱅크,토스뱅크,하나은행, 상호금융(농협, 수협, 신협, 산립조합), 저축은행에서 대상자에게 서비스 제공
5. 담당 시/군/구청 또는 IBK기업은행,경남은행,광주은행,국민은행,농협은행,부산은행,신한은행,수협은행,아이엠뱅크,우리은행,전북은행,제주은행,케이뱅크,토스뱅크,하나은행, 상호금융(농협, 수협, 신협, 산립조합), 저축은행에서 서비스 제공 이후 대상자의 상황 관리",,"[추가 구비서류] 한부모가족 ·조손가족 : 한부모가족증명서 다문화가족 가족관계증명서 : 등다문화가족 확인서류 북한이탈주민 : 북한이탈주민등록확인서 등록장애인 : 장애인등록증, 또는 장애인증명서 국민기초생활수급자 : 국민기초생활수급자 증명서 차상위계층 : 차상위계층 확인서, 차상위 본인부담 경감대상자 증명서 등 근로장려금수급자 : 근로장려금수급사실 증명 또는근로장려금 결정 통지서 자활근로자 : 자활근로자 확인서""[추가 구비서류] 한부모가족 ·조손가족 : 한부모가족증명서 다문화가족 가족관계증명서 : 등다문화가족 확인서류 북한이탈주민 : 북한이탈주민등록확인서 등록장애인 : 장애인등록증, 또는 장애인증명서 국민기초생활수급자 : 국민기초생활수급자 증명서 차상위계층 : 차상위계층 확인서, 차상위 본인부담 경감대상자 증명서 등 근로장려금수급자 : 근로장려금수급사실 증명 또는근로장려금 결정 통지서 자활근로자 : 자활근로자 확인서",서민금융진흥원: 1397,서민금융진흥원: https://www.kinfa.or.kr,서민의 금융생활 지원에 관한 법률
WLF00006268,불법사금융예방대출,금융위원회 서민금융과,불법사금융에 노출되기 쉬운 저신용·저소득 금융취약계층의 대출수요를 정책서민금융으로 흡수하기 위해 소액의 생계비를 긴급하게 지원합니다.,2026,1397,1회성,현금대여(융자),"중장년, 노년, 청년",서민금융,저소득,"신용평점 하위 20%이면서 연소득 3,500만원 이하인 자 ※ 불법사금융예방대출 전용 금융교육 이수 또는 보건복지부 복지멤버십 가입 필수
지원제외대상 - 한국신용정보원에 체납정보, 금융질서문란정보가 등재된 자",지원대상의 내용을 참고해주시기 바랍니다.,"1인당 최대 1백만원 한도 내 지원
 - 연체자의 경우 기본 50만원 + 추가 50만원(6회차 이상 성실상환 시) ※ 연체자는 특정용도(의료주거교육비) 증빙 시 최대 100만원 內 대출 가능","1. 거주지 읍/면/동 주민센터, 서민금융진흥원에서 ‘서비스 신청’
2. 담당 시/군/구청 또는 서민금융진흥원에서 조사 및 심사
3. 담당 시/군/구청 또는 서민금융진흥원에서 보장 결정
4. 담당 시/군/구청 또는 서민금융진흥원에서 대상자에게 서비스 제공
5. 담당 시/군/구청 또는 서민금융진흥원에서 서비스 제공 이후 대상자의 상황 관리",,"[필수 구비서류] 신분증 필요 [추가 구비서류] 한부모가족 가구 및 조손가족 가구 : 한부모가족증명서 다문화가족 가구 : 가족관계증명서 북한이탈주민 : 북한이탈주민등록확인서 등록 장애인(해당 시 다음 중 택1) : 장애인등록증 주민센터, 장애인증명서 국민기초생활수급자 : 국민기초생활수급자 증명서 차상위계층(해당 시 다음 중 택1) : 차상위계층 확인서, 차상위본인부담경감대상자증명서 근로장려금 수급자(해당 시 다음 중 택1) : 근로장려금 수급사실 증명, 근로장려금 결정 통지서 자활근로자 : 자활근로자 확인서""[필수 구비서류] 신분증 필요 [추가 구비서류] 한부모가족 가구 및 조손가족 가구 : 한부모가족증명서 다문화가족 가구 : 가족관계증명서 북한이탈주민 : 북한이탈주민등록확인서 등록 장애인(해당 시 다음 중 택1) : 장애인등록증 주민센터, 장애인증명서 국민기초생활수급자 : 국민기초생활수급자 증명서 차상위계층(해당 시 다음 중 택1) : 차상위계층 확인서, 차상위본인부담경감대상자증명서 근로장려금 수급자(해당 시 다음 중 택1) : 근로장려금 수급사실 증명, 근로장려금 결정 통지서 자활근로자 : 자활근로자 확인서",서민금융콜센터: 1397,"서민금융진흥원: www.kinfa.or.kr
서민금융 잇다: https://loan.kinfa.or.kr",서민의 금융생활 지원에 관한 법률
WLF00006265,연탄쿠폰,산업통상자원부 석탄산업과,저소득층의 난방비 부담경감을 위해 인상에 대한 차액분을 쿠폰으로 지원합니다.,2026,1670-7653,년,프로그램/서비스(서비스),"중장년, 노년, 아동, 청소년, 청년",,"한부모·조손, 저소득, 장애인","소득이 중위소득의 50% 이하로서 부양의무자가 없거나 부양의무자가 있어도 부양받을 수 없는 가구
수급권자에 해당하지 않는 계층으로서 소득이 중위소득의 50%이하인 가구
주민등록등본상 만65세 이상인 자
｢장애인복지법｣에서 규정하는 장애인
한부모 가구 (「한부모가족지원법」 제5조)
소년소녀가정(보건복지부에서 정한 아동분야 사업 중 소년소녀가정 지원대상에   해당하는 사람(「아동복지법」 제3조에 의한 가정위탁보호 아동을 포함)","기초생활수급가구 : 「국민기초생활보장법」 제5조 제1항에서 규정하는 부양의무자가 없거나 부양의무자가 있어도 부양능력이 없는 자로서 소득인정액이 매년 보건복지부장관이 정하는 최저생계비 이하인 자
차상위계층가구
 - 차상위계층 : 「국민기초생활보장법」 제2조제11호 및 시행령 제3조의2에서 규정하는 소득인정액이 최저생계비의 120% 이하이면서 정부의 기초생활보장 수급대상에는 포함되지 못하는 자 - 한부모가족 : 「한부모가족지원법에 따라 소득인정액이 최저생계비의 130%이하인 자
소외계층가구
 - 만 65세 이상의 독거노인 - 「장애인복지법」에서 규정하는 장애인","연탄쿠폰 배부는 연 1회(472,000원, '25년기준)이며, 쿠폰가격은 연탄 가격고시에 따라 변동됩니다.","1. 담당 시/군/구청 또는 한국광해광업공단에서 대상자에게 서비스 제공
2. 거주지 읍/면/동 주민센터, 읍면동에서 ‘서비스 신청’
3. 담당 시/군/구청 또는 읍면동에서 조사 및 심사
4. 담당 시/군/구청 또는 한국광해광업공단에서 보장 결정
5. 담당 시/군/구청 또는 한국광해광업공단에서 서비스 제공 이후 대상자의 상황 관리",,[필수 구비서류] 연탄쿠폰 지원 신청서(읍면동 행정복지센터 비치),,,"에너지법
석탄산업법
석탄산업법
석탄산업법 시행령
물가안정에 관한 법률"
WLF00003211,장애인보조기기 교부,보건복지부 장애인자립기반과,생활이 어려운 저소득 장애인에게 장애인보조기구를 교부함으로써 생활능력 향상 및 복지증진을 도모합니다.,2026,129,년,현물지급,,"신체건강, 생활지원","장애인, 저소득","장애인보조기기 교부 대상자는 다음과 같습니다.

(장애종별) 「장애인복지법」에 따른 등록장애인으로서 지원품목별 장애유형에 해당되는 지체, 뇌병변, 시각, 청각, 심장, 호흡, 지적, 자폐성, 언어 장애인
(소득수준) 「국민기초생활보장법」에 따른 수급자 및 차상위 계층※ 차상위계층 : 차상위계층 확인사업, 차상위자활, 차상위본인부담, 차상위장애인(차상위 장애수당, 차상위 장애인연금 부가급여 등), 한부모 가족지원, 차상위 자산형성 지원 등
국민연금공단이 실시하는 최소적격성 검사에서 ""적격'인 자",지원대상의 내용을 참고해주시기 바랍니다.,장애인 보조기기 교부품목별 장애유형에 따라 지원기준에 적합한 보조기기 품목 지원,"1. 거주지 읍/면/동 주민센터, 읍면동 또는 복지로 웹사이트(PC/모바일앱)에서 ‘서비스 신청’
2. 담당 시/군/구청 또는 국민연금공단에서 조사 및 심사
3. 담당 시/군/구청 또는 지역보조기기센터에서 조사 및 심사
4. 담당 시/군/구청 또는 시군구에서 보장 결정
5. 담당 시/군/구청 또는 시군구에서 대상자에게 서비스 제공
6. 담당 시/군/구청 또는 지역보조기기센터에서 서비스 제공 이후 대상자의 상황 관리",,[필수 구비서류] 장애인 등록 및 서비스 신청서 [추가 구비서류] 대리 신청 시 : 위임장 및 신분증[필수 구비서류] 장애인 등록 및 서비스 신청서 [추가 구비서류] 대리 신청 시 : 위임장 및 신분증,"보건복지부 상담센터: 129
중앙보조기기센터: 1670-5529","보건복지부 상담센터: http://www.129.go.kr
중앙보조기기센터: http://knat.go.kr","장애인ㆍ노인 등을 위한 보조기기 지원 및 활용촉진에 관한 법률 시행규칙
장애인ㆍ노인 등을 위한 보조기기 지원 및 활용촉진에 관한 법률"
WLF00000076,스포츠강좌이용권,문화체육관광부 체육진흥과,저소득층 유청소년에게 지속적인 스포츠 활동 기회를 보장하여  체력향상과 건전한 여가활동을 지원합니다.,2026,1551-0078,월,전자바우처(바우처),"청소년, 영유아, 아동",문화·여가,"한부모·조손, 저소득","아래의 수급자격을 충족하는 만 518세 유․청소년을 대상으로 합니다.

「국민기초생활보장법」에 따른 생계, 의료, 주거, 교육급여 수급가구 및 차상위계층* * 차상위 장애자활본인부담경감확인서발급대상 / 법정 한부모 지원 가구
경찰청 추천 학교가정성폭력 등 범죄피해가정 유청소년","스포츠강좌이용권 누적 지원기간, 소득, 범죄피해 여부 등을 고려하여 대상자를 선정합니다.

(우선선정) 누적 이용기간 : 제한없음 / 수급자격 : 범죄피해가정(학교가정성폭력)*
(1순위) 누적 이용기간 : 신규 및 30개월 미만 / 수급자격 : 기초생활수급자(생계의료주거교육)
(2순위) 누적 이용기간 : 신규 및 30개월미만 / 수급자격 : 차상위계층, 법정 한부모가정
(3순위) 누적 이용기간 : 30개월 이상 / 수급자격 : 기초생활수급자(생계의료주거교육)
(4순위) 누적 이용기간 : 30개월 이상/ 수급자격 : 차상위층, 법정 한부모가정
* 범죄피해가구 신청자 중 지역별 배정인원 내 선정** 누적이용기간 : 스포츠강좌이용권 최근 4년간 누적 결제 횟수","월 105,000원 범위 내에서 12개월 스포츠활동 강좌비를 지급합니다. 

수강료가 105,000원 이상인 경우, 차액은 본인 부담","1. 거주지 읍/면/동 주민센터, 지방자치단체(시군구청, 주민센터, 방문), 국민체육진흥공단(인터넷)에서 ‘서비스 신청’
2. 담당 시/군/구청 또는 지방자치단체에서 조사 및 심사
3. 담당 시/군/구청 또는 지방자치단체에서 보장 결정
4. 이의가 있을 경우, 담당 시/군/구청 또는 소재지 시군구청에 이의 신청 접수
5. 담당 시/군/구청 또는 지방자치단체에서 대상자에게 서비스 제공
6. 담당 시/군/구청 또는 국민체육진흥공단에서 서비스 제공 이후 대상자의 상황 관리",,,스포츠강좌이용권 상담 및 문의(국민체육진흥공단): 1551-0078,스포츠강좌이용권 홈페이지(국민체육진흥공단): http://svoucher.kspo.or.kr,국민체육진흥법
WLF00003230,영주귀국 사할린한인 정착비 및 시설운영 지원,보건복지부 노인정책과,일제강점기 강제징용당한 사할린한인을 대상으로 영주귀국 대상자를 선정하여 귀국 및 정착생활에 필요한 비용을 지원합니다.,2026,129,월,"현금지급, 기타, 시설입소",노년,"생활지원, 주거","저소득, 장애인","영주 귀국 사할린한인 1세 및 1세의 배우자, 직계비속 1인과 그 배우자를 지원합니다.※ 2024.7.17. 개정 「사할린동포법」 시행 이후 : 사할린한인 1세, 배우자 및 자녀와 그 배우자",지원대상의 내용을 참고해 주시기 바랍니다.,"사할린동포와 그 동반가족의 영주귀국과 정착을 위해 다음을 지원합니다.

신규입국자 임대주택 비용 2인 1가구 당 1,770만원- 국토교통부(LH공사)에서 임대아파트 확보, 복지부에서 임대주택 보증금 지급
대상자 선정 후 신규 입국시 집기 비품비 140만원 지급
신규 입국시 항공료 45만원 지급
영구 및 국민임대주택 거주자에 특별생계비 매월 75,000원 지원(월 임대료 및 아파트관리비 지원)","1. 거주지 읍/면/동 주민센터, 재외공관에서 ‘서비스 신청’
2. 거주지 읍/면/동 주민센터, 대한적십자사에서 ‘서비스 신청’
3. 담당 시/군/구청 또는 대한적십자사, 사할린영사관에서 조사 및 심사
4. 담당 시/군/구청 또는 대한적십자사, 재외동포청(입국결정), 사할린한인 특별지원금(지자체(읍면동))에서 보장 결정
5. 담당 시/군/구청 또는 시군구, 사할린한인 국민임대주택 입주비용 (보건복지부)에서 대상자에게 서비스 제공
6. 담당 시/군/구청 또는 재외동포청에서 서비스 제공 이후 대상자의 상황 관리
7. 담당 시/군/구청 또는 대한적십자사에서 서비스 제공 이후 대상자의 상황 관리",,[필수 구비서류] 영주귀국 및 정착 지원 신청서[필수 구비서류] 영주귀국 및 정착 지원 신청서,"한국토지주택공사: 1600-1004
보건복지상담센터: 129","한국토지주택공사: http://www.lh.or.kr/
법무부: http://www.moj.go.kr/
대한적십자사: http://www.redcross.or.kr/
보건복지부: http://www.mohw.go.kr
보건복지상담센터: http://www.129.go.kr",사할린동포 지원에 관한 특별법
WLF00003266,직업훈련생계비대부,고용노동부 인적자원개발과,근로 취약계층이 생계비에 대한 부담없이 장기간 체계적인 훈련을 받고 더 나은 일자리로 취업할 수 있도록 지원합니다.,2026,1588-0075,수시,현금대여(융자),,"교육, 일자리",저소득,"직업훈련생계비 대부대상은 다음과 같습니다.

(비정규직 근로자) 고용보험 피보험자인 비정규직근로자
(전직 실업자)고용보험 피보험 이력이 있는 전직 실업자(실업급여 수급중인 자는 제외)
(무급휴직자) 고용보험 피보험자격을 취득한 근로자로서 휴직수당 등 금품을 받지 않고 휴직 중인 자
(자영업자인 피보험자) 자영업자 고용보험 임의가입중인 자

가구별 연간 소득금액이 기준 중위소득의 80% 이하인 사람
첨단산업 디지털 핵심 실무인재 양성훈련, 중장년내일센터 참여자는 기준 중위소득의 100% 이하, 국가기간전략산업직종훈련 참여자는 기준 중위소득의 120% 이하","고용노동부가 지원하는 훈련* 중 총 140시간 이상 직업훈련(원격훈련 제외)을 이수하여야 합니다. * 지방자치단체 설치 공공직업훈련시실에서 실시하는 취업목적의 훈련 포함
가구별 연간 소득금액이 기준 중위소득의 80% 이하이어야 합니다.*  첨단산업 디지털 핵심 실무인재 양성훈련, 중장년내일센터 참여자는 기준 중위소득의 100% 이하, 국가기간전략산업직종훈련 참여자는 기준 중위소득의 120% 이하","직업훈련생계비 대부지원 내용은 다음과 같습니다.

(대부한도) 1인당 월 최대 200만원, 총 1,000만원 이내 * 특별고용지원업종, 고용위기지역 및 특별재난지역의 경우 1인당 월 최대 200만원, 총 2천만원 이내
(상환방법) 1년 거치 3년 / 2년 거치 4년 / 3년 거치 5년 균등분할 상환 중 선택
(융자금리) 1%","1. 이의가 있을 경우, 담당 시/군/구청 또는 근로복지공단에 이의 신청 접수
2. 거주지 읍/면/동 주민센터, 근로복지공단에서 ‘서비스 신청’
3. 담당 시/군/구청 또는 근로복지공단에서 조사 및 심사
4. 담당 시/군/구청 또는 근로복지공단에서 보장 결정
5. 담당 시/군/구청 또는 근로복지공단에서 대상자에게 서비스 제공
6. 담당 시/군/구청 또는 근로복지공단에서 서비스 제공 이후 대상자의 상황 관리",,[필수 구비서류] 주민등록표등본 국세청이 발급한 전년도 소득금액증명원 [추가 구비서류] 전산을 통해 확인 불가한 경우 : 훈련기관이 발급한 수강증 비정규직 근로자 : 근로계약서 무급휴직 근로자 : 무급휴직확인서[필수 구비서류] 주민등록표등본 국세청이 발급한 전년도 소득금액증명원 [추가 구비서류] 전산을 통해 확인 불가한 경우 : 훈련기관이 발급한 수강증 비정규직 근로자 : 근로계약서 무급휴직 근로자 : 무급휴직확인서,근로복지공단: 1588-0075,"근로복지넷: welfare.comwel.or.kr
근로복지공단: www.kcomwel.or.kr/","직업훈련 생계비 대부 규정
고용보험법 시행령
고용보험법"
WLF00004637,TV수신료 면제,방송통신위원회 방송정책기획과,"기초생활수급자, 차상위계층, 장애인, 국가유공자 등의 TV수신료 요금을 감면 지원합니다.",2026,1588,월,감면,"노년, 중장년, 청소년, 청년",서민금융,"장애인, 저소득, 보훈대상자","기초생활수급자(생계급여, 의료급여수급자), 시각 및 청각 장애인, 일부 국가유공자(독립유공자, 독립유공자 선순위 유족, 국가유공자, 5.18민주화운동 부상자) 등을 대상으로 지원합니다.","1. 「국민기초생활 보장법」 제7조제1항제1호에 따른 생계급여의 수급자 또는 같은 항 제3호에 따른 의료급여의 수급자가 가지고 있는 수상기
2. 「국가유공자 등 예우 및 지원에 관한 법률」에 따라 등록된 국가유공자 중 같은 법 제4조제1항제2호제4호제6호제12호제15호 및 제17호에 따른 애국지사전상군경공상군경4.19혁명부상자공상공무원 및 국가사회발전 특별공로상이자가 가지고 있는 수상기
3. 「독립유공자예우에 관한 법률」에 따라 등록된 순국선열 및 애국지사의 유족이 가지고 있는 수상기
4. 「5ㆍ18민주유공자예우 및 단체설립에 관한 법률」에 따라 등록된 5ㆍ18민주유공자 중 같은 법 제4조제2호에 따른 5ㆍ18민주화운동부상자가 가지고 있는 수상기
5. 「장애인복지법」에 따라 등록된 시각ㆍ청각장애인이 생활하는 가정의 수상기
6. 질권이 설정되어 다른 사람이 보관 중인 수상기
7. 국가기관에 의하여 압수 또는 압류 중인 수상기
8. 영업을 목적으로 설치한 수상기 중 1개월 이상의 휴업으로 시청하지 않는 수상기
9. 영업장소의 월 전력사용량이 0킬로와트인 경우에 해당 영업장소에 설치된 수상기(월 0킬로와트인 달의 수신료에 한정한다)
10. 주거전용의 주택용 전력사용량이 월 50킬로와트 미만인 세대가 가지고 있는 수상기(월 50킬로와트 미만인 달의 수신료에 한정하며, 별장을 제외한다)
11. 공사가 행하는 텔레비전방송 중 전부 또는 일부의 시청이 불가능한 지역(이하 난시청지역이라 한다)에 거주하거나 소재하는 자가 가지고 있는 수상기
12. 그 밖에 방송미디어통신위원회가 지정하는 수상기",TV수신료 전액 면제 지원합니다.,"1. 거주지 읍/면/동 주민센터, KBS 수신료 콜센터 및 관할 사업지사에서 ‘서비스 신청’
2. 담당 시/군/구청 또는 한국방송공사에서 조사 및 심사
3. 담당 시/군/구청 또는 KBS 수신료 콜센터 및 관할 사업지사에서 보장 결정
4. 이의가 있을 경우, 담당 시/군/구청 또는 한국방송공사에 이의 신청 접수
5. 담당 시/군/구청 또는 KBS 수신료 콜센터 및 관할 사업지사에서 대상자에게 서비스 제공",,[필수 구비서류] TV 수신료 면제 대상 증빙서류 신분증 [추가 구비서류] 대리 신청 시 : 위임장 및 대리 신분증[필수 구비서류] TV 수신료 면제 대상 증빙서류 신분증 [추가 구비서류] 대리 신청 시 : 위임장 및 대리 신분증,"한국방송공사(KBS) 수신료콜센터: 1588-1801
방송통신위원회 민원상담센터: 1335",방송통신위원회 민원상담센터: http://www.kcc.go.kr,"방송법
방송법 시행령"
WLF00003207,영농도우미 지원,농림축산식품부 농촌사회서비스과,"사고, 질병 농가에 영농도우미를 지원하여 안정적인 영농활동을 통한 농가소득 증대를 도모합니다.",2026,02-2080-5424,수시,프로그램/서비스(서비스),,"생활지원, 보호·돌봄","장애인, 다문화·탈북민, 한부모·조손, 저소득","본인 또는 자녀가사고를 당했거나 질병발생 및 통원치료 등으로영농활동이 곤란한 농업경영체(법인제외)로 농지 경작면적5ha미만인 경영주 및 경영주외 농업인을 대상으로 다음 요건을 충족하여야 합니다.
2026년 기준 2016.1.1. 이후 출생한 자녀(주민등록 기준) 해당  사고 또는 질병으로 2주 이상 진단을 받았거나 3일 이상 입원한 경우
  4대 중증질환(암, 심장질환(고혈압 제외), 뇌혈관질환, 희귀난치성질환) 진단을 받은 자로 해당 질환으로 최근 6개월 이내 통원치료를 받은 경우
  제12급 법정감염병 확진자 또는 접촉한 자로 의료기관으로부터 통보를 받아 격리 중인 경우
* 법정감염병 : 「감염병의 예방 및 관리에 관한 법률」제2조 참조  안전교육이 포함된 농업인 교육과정*에 1일 이상 참여한 농업인(전체 지원인원의 5% 이내)",지원대상의 내용을 참고해주시기 바랍니다.,"사고, 질병 농가에 안정적인 영농활동을 위한 영농도우미를 지원
- 가구당 연간 10일 이내 지원 - 영농도우미 1일 인건비(84,000원)의 70%인 58,800원 국고 지원(30% 자부담)","1. 거주지 읍/면/동 주민센터, 지역농협에서 ‘서비스 신청’
2. 담당 시/군/구청 또는 농협중앙회에서 조사 및 심사
3. 담당 시/군/구청 또는 농협중앙회에서 보장 결정
4. 담당 시/군/구청 또는 농협중앙회에서 대상자에게 서비스 제공
5. 담당 시/군/구청 또는 농협중앙회 지역사회공헌부에서 서비스 제공 이후 대상자의 상황 관리",,"[필수 구비서류] 영농도우미 이용 신청서 증빙서류(진단서, 입/퇴원확인서, 의사소견서, 진료기록 및 중증질환 코드 포함된 처방서, 통원치료 혹인서, 교육 신청서 등)",농협중앙회 지역사회공헌부: 02-2080-5424,,"농어업인 삶의 질 향상 및 농어촌지역 개발촉진에 관한 특별법
농어업ㆍ농어촌 및 식품산업 기본법"
WLF00001182,학교우유급식,농림축산식품부 축산경영과,"학교우유급식을 통해 성장기 학생들에게 필수 영양소를 공급하여 신체 발달과 건강 증진을 돕고, 낙농산업의 안정적 발전을 도모합니다.",2026,044-330-1114,수시,현물지급,"아동, 청소년",생활지원,"저소득, 한부모·조손, 보훈대상자, 장애인","「초중등교육법」 제2조에 따른 학교에 재학중인 학생 중 다음에 해당하는 자를 지원합니다.

(국민기초생활수급자) 「국민기초생활보장법」제7조 제1항 제1호부터 제4호까지의 규정에 따른 수급자(생계, 의료, 주거, 교육) 가구의 학생
(차상위계층) 「국민기초생활 보장법」제2조 제10호에 따른 차상위계층* 가구의 학생
* 차상위계층은 「국민기초생활 보장법 시행령」 제3조에 따른 소득인정액이 기준 중위소득의 100분의 50 이하인 사람 중 기초생활수급자가 아닌 사람 * 차상위자활급여차상위본인부담경감차상위장애(아동)수당차상위장애인연금차상위계층확인서발급대상자 포함
(한부모가족) 「한부모가족지원법」제5조에 따른 한부모가족 지원대상자 및 자녀
(특수교육대상자) 「장애인 등에 대한 특수교육법」제15조에 따라 선정된 학생
(교육비지원대상자) 「초‧중등 교육법」제60조의4 제1항 제3호에 따른 교육비 지원 대상자
(국가유공자 자녀) 「국가유공자 등 예우에 관한 법률」제4조에 따른 국가유공자 자녀

학교우유급식 확대를 위하여 추가로 학생에게 우유를 지원하고자 하는 시‧도 중 농림축산식품부 공모를 통해 선정된 시‧도의 학생을 지원합니다.
우유바우처 시범사업으로 선정된 시군구의 학생은 지원대상에서 제외합니다.",지원대상의 내용을 참고해주시기 바랍니다.,연간 250일 내외로 우유를 무상지원 합니다. (지원한도 : 530원/개),"1. 거주지 읍/면/동 주민센터, 초중고교에서 ‘서비스 신청’
2. 담당 시/군/구청 또는 초중고교에서 조사 및 심사
3. 담당 시/군/구청 또는 초중고교에서 보장 결정
4. 담당 시/군/구청 또는 시군구에서 대상자에게 서비스 제공
5. 담당 시/군/구청 또는 각 시군구에서 서비스 제공 이후 대상자의 상황 관리",학교에서 신청,,"학교우유급식지원 상담센터: 044-330-1114
농림축산식품부: 044-201-2341","학교우유급식 정보시스템: http://www.schoolmilk.or.kr
농림축산식품부: http://www.mafra.go.kr","낙농진흥법시행령
국민기초생활 보장법
장애인 등에 대한 특수교육법
축산법
낙농진흥법"
WLF00001188,산모·신생아 건강관리 지원사업,보건복지부 출산정책과,출산가정에 건강관리사를 파견하여 산후관리를 지원함으로써 산모와 신생아의 건강을 증진하고 출산가정의 경제적 부담 경감을 지원합니다.,2026,129,1회성,전자바우처(바우처),"임신 · 출산, 영유아","신체건강, 임신·출산","다자녀, 장애인, 저소득","국내에 주민등록(주민등록을 한 재외국민 포함) 또는 외국인 등록을 둔 출산 가정*을 지원합니다. * 단, 부부 모두가 외국인인 경우 각각의국내 체류자격 비자(사증) 종류가 F-2(거주), F-5(영주), F-6(결혼이민)인 경우에 한함","산모 또는 배우자가 생계의료주거교육급여 수급자 또는 차상위계층*에 해당하는 출산가정 * 차상위본인부담경감, 차상위자활, 차상위장애인, 차상위자격확인
산모 및 배우자의 건강보험료 본인부담금 합산액이 전국가구 기준 중위소득 150%이하에 해당하는 출산 가정 * 해당 가구의 건강보험료 합산 방법은 관할 시군구(보건소)에 문의
정해진 소득기준을 초과하더라도 예외적으로 지원이 필요하다고 인정되는 유형*에 대해서는 지자체가 별도의 기준을 정해 지원 가능
 * 희귀난치성질환, 장애인 산모 및 장애 신생아, 새터민, 결혼이민, 미혼모, 분만취약지 산모, 쌍생아, 둘째아, 셋째아 이상 출산 가정, 기타 소득기준 완화 등 **지방자치단체별 지원 여부에 대한 자세한 사항은 관할 보건소 문의","산모ㆍ신생아 건강관리사가 일정기간 출산가정을 방문하여 산후관리*를 도와주는 산모ㆍ신생아 건강관리 서비스 이용권을 지급합니다.* 산모 건강관리(마사지 제외한 유방관리, 체조지원 등), 신생아 건강관리(목욕, 수유지원 등), 산모 식사준비, 산모신생아 세탁물 관리 및 청소 등
태아 유형, 출산 순위에 따라 바우처 지원기간이 상이합니다.

(예시) 태아 유형별 표준 지원기간- 단태아 : 첫째아(10일), 둘째아(15일), 셋째아 이상(15일)
 - 쌍태아(중증장애산모단태아) : 15일
 - 삼태아 이상(중증장애산모쌍태아 이상) : 25일 * 표준서비스기간을 기준으로 이용자의 선택에 따라 5일 단축 또는 5일 연장 이용 가능(단, 삼태아 이상의 경우 10일 단축 또는 15일 연장 이용 가능)","1. 거주지 읍/면/동 주민센터, 보건소 또는 복지로 웹사이트(PC/모바일앱)에서 ‘서비스 신청’
2. 담당 시/군/구청 또는 보건소   에서 조사 및 심사
3. 담당 시/군/구청 또는 보건소   에서 보장 결정
4. 이의가 있을 경우, 담당 시/군/구청 또는 보건소에 이의 신청 접수
5. 담당 시/군/구청 또는 시군구에 등록한 민간 제공기관에서 대상자에게 서비스 제공
6. 담당 시/군/구청 또는 보건소에서 서비스 제공 이후 대상자의 상황 관리",,[필수 구비서류] 사회보장급여 신청서 개인정보 수집 이용 및 제3자 제공 동의서 국민행복카드 상담전화를 위한 개인정보 제공동의서 [추가 구비서류] 위임장,"보건복지상담센터: 129
사회서비스전자바우처: 1566-3232","보건복지상담센터: http://www.129.go.kr
사회서비스전자바우처: https://www.socialservice.or.kr:444/","사회서비스 이용 및 이용권 관리에 관한 법률
모자보건법
저출산ㆍ고령사회기본법"
WLF00000060,청년내일저축계좌,보건복지부 자활정책과,"근로빈곤층 청년의 생계수급자 등으로의 하락을 사전에 예방하고, 일하는 중간계층 청년이 사회에 안착할 수 있도록 자산형성을 지원합니다. (2026년 모집기간: '26.5.4.(월) ~ '26.5.20.(수))",2026,129,월,현금지급,청년,서민금융,저소득,"가입연령 : 신청 당시 만 15세~ 39세 ※ 신청 월의 전월에 만 15세가 된 자 ~ 신청 월에 만 40세가 되는 자
근로사업소득 : 근로,사업소득이 월10만원 이상 발생
가구소득 : 소득인정액 기준 중위소득 50% 이하",지원대상의 내용을 참고해주시기 바랍니다.,"매월 본인 저축 납입자에 한하여 본인저축액 10만원 이상(매월 전월 23일~현월 22일 입금마감일 이전) 대비 정부지원금을 정액 매칭합니다.

중위소득 50%초과~100%이하 : 10만원 정액 매칭
중위소득 50%이하 : 30만원 정액 매칭(3년간 통장유지, 근로활동 지속, 교육이수, 자금사용계획서 제출시 적립금 전액 지급)

정책대상별 추가지원금(근로소득공제금(생계급여 수급 청년), 탈수급장려금, 내일키움장려금, 내일키움수익금 등) 지급이 가능합니다.","1. 거주지 읍/면/동 주민센터, 주민센터 또는 복지로 웹사이트(PC/모바일앱)에서 ‘서비스 신청’
2. 거주지 읍/면/동 주민센터, 복지로(www.bokjiro.go.kr) 또는 복지로 웹사이트(PC/모바일앱)에서 ‘서비스 신청’
3. 담당 시/군/구청 또는 주민센터에서 조사 및 심사
4. 담당 시/군/구청 또는 시군구에서 보장 결정
5. 담당 시/군/구청 또는 한국자활복지개발원에서 대상자에게 서비스 제공
6. 담당 시/군/구청 또는 시군구에서 서비스 제공 이후 대상자의 상황 관리","읍면동 주민센터 방문접수 및 복지로(https://www.bokjiro.go.kr)를 통한 온라인 신청이 가능합니다.

복지로 온라인신청 경로 : 복지로 로그인 > 서비스 신청 > 복지서비스 신청 > 복지급여 신청 > 저소득층 > 자산형성지원(청년내일저축계좌)

주소지가 아니더라도, 동일 시군구내 모든 주민센터에서 접수 가능

모집기간: '26.5.4.(월) ~ '26.5.20.(수)","[필수 구비서류]
사회복지서비스 및 급여 제공(변경) 신청서
자산형성지원사업 참여(변경) 신청서(저축동의서 포함)
청년내일저축계좌 자가진단표
개인정보 수집‧이용‧제공 동의서
금융정보 등 제공동의서
소득‧재산신고서
가족관계증명서
신분증
[조건부 구비서류]
(근로소득자) - 소득증빙
재직증명서(상시근로), 
고용보험 일용근로내역서 또는 고용임금확인서(일용근로)
(사업소득자) - 소득증빙
사업자등록증 또는 위수탁계약서(계약서 명칭 불문)(기타 사업 소득)
소득금액증명원* 또는 사업소득원천징수영수증(기타 사업 소득)
근로활동 및 소득신고서(농림 축산업)
농업경영체 확인서, 농업인확인서*, 가축사육업 허가증·등록증** 등 사업자등록증을 대체할만한 입증서류(농림 축산업)
쌀(밭)직불금 확인서 등(농림 축산업)
근로활동 및 소득신고서(어업소득)
어업경영체 확인서, 어업인확인서*(어업소득)
수협의 어가별 위판기록(어업소득)
어촌계 자료 등의 어종별 출하량 등 거래 관련 증빙 서류(어업소득)","보건복지상담센터: 129
자산형성지원 콜센터: 1522-3690","보건복지상담센터: http://www.129.go.kr
자산형성포털: https://hope.welfareinfo.or.kr",국민기초생활 보장법
WLF00000059,희망복지지원단 통합사례관리,보건복지부 지역복지과,"지역주민의 다양한 욕구에 맞춤형 서비스를 연계, 제공함으로써 지역주민의 안정적인 삶을 지원합니다.",2026,129,수시,프로그램/서비스(서비스),,"보호·돌봄, 정신건강, 생활지원, 일자리, 신체건강, 주거, 안전·위기","저소득, 한부모·조손","다양한 욕구를 가진 지역 주민을 대상으로 하되, 복지욕구 및 경제적 여건을 고려하여 빈곤계층의 탈빈곤･빈곤예방을 중점으로 지원합니다.","다음에 해당하는 가구를 선정하여 서비스를 지원합니다. 

통합사례관리를 통해 탈빈곤, 자활 지원 가능 가구(기초생활수급자 중 특히 신규수급자, 기초수급 탈락자 등)
차상위 빈곤가구, 특히 긴급지원 대상가구 및 국민기초생활수급자자격 탈락 가구 중 통합사례관리를 통해 빈곤예방 지원 가능 가구
지자체 복지사각지대 조사를 통해 발굴된 위기가구* 중 통합사례관리가 필요한 가구 * 위기가구: 가족돌봄청년, 청중장년 1인가구, 돌봄위기가구, 저소득 한부모 및 청소년 한부모 가구, 휴폐업자, 실직자, 자살 고위험군, 고독사 위험자등","대상자별 욕구에 따라 다음의 다양한 서비스를 맞춤형으로 제공합니다.
 

가족 내외부로부터 안전 유지
신체적, 정신적 건강 유지
의식주 관련 일상생활 유지
가족 돌봄
기초생활 해결
취(창)업 및 고용서비스 연계
주거 내외부 환경 개선
법률적 지원 및 권익 보장","1. 담당 시/군/구청 또는 행정주민센터에서 보장 결정
2. 거주지 읍/면/동 주민센터, 읍면동 주민센터에서 ‘서비스 신청’
3. 담당 시/군/구청 또는 희망복지지원단에서 조사 및 심사
4. 담당 시/군/구청 또는 희망복지지원단에서 보장 결정
5. 담당 시/군/구청 또는 희망복지지원단에서 대상자에게 서비스 제공
6. 담당 시/군/구청 또는 행정주민센터에서 대상자에게 서비스 제공
7. 담당 시/군/구청 또는 희망복지지원단에서 서비스 제공 이후 대상자의 상황 관리
8. 담당 시/군/구청 또는 행정주민센터에서 서비스 제공 이후 대상자의 상황 관리",,,보건복지상담센터: 129,보건복지부: http://www.mohw.go.kr,사회보장급여의 이용ㆍ제공 및 수급권자 발굴에 관한 법률
WLF00004639,전기요금 복지할인,기후에너지환경부 전력시장과,"기초생활수급자, 차상위계층, 기초연금수급자, 장애인, 국가유공자의 전기요금 부담을 경감하고자 요금감면을 지원합니다.",2026,129,월,현금지급,"노년, 중장년, 청년",생활지원,"저소득, 장애인, 보훈대상자","전기요금 할인 지원 대상은 다음과 같습니다.

(기초생활수급자) 「국민기초생활보장법」에서 정한 생계급여, 의료급여, 주거급여, 교육급여 수급자
(차상위계층) 「국민기초생활보장법」에서 정한 차상위계층으로 다음에 해당하는 자
- 국민기초생활보장법 제9조 제5항 (생계급여 지급자)
- 국민건강보험법 시행령 별표2 제3호 라목(희귀성난치질환자로 본인부담액 경감자)
- 장애인복지법 제49조, 제50조(장애(아동)수당 지급자)
- 한부모가족지원법 제5조(소득인정액이 최저생계비의 100분의 130 이하인자 포함)
가구원수가 5인 이상인 가구, 가구원 중 자녀가 3인 이상인 가구(세대별 주민등록표상 세대주와의 관계가 자(子)3인 또는 손(孫)3인으로 표시된 가구
(장애인) 「장애인복지법」에 의한 1~3급 장애인
(상이유공자) 「국가유공자 등 예우 및 지원에 관한 법률」 및 「5.18 민주유공자 예우에 관한 법률」에서 정한 1~3급상이자
(독립유공자) 「독립유공자 예우에 관한 법률」에 의한 독립유공자 또는 독립유공자의 구너리를 이전받은 유족 1인",지원대상의 내용을 참고해주시기 바랍니다.,"주거용 전력에 대해 전기요금 할인을 지원합니다.

장애인, 유공자, 기초생활수급자 : 해당월 전기요금 : 월 8,000원 한도
차상위 : 해당월 전기요금 : 월 2,000원 한도
사회복지시설 : 해당월 전기요금에서 일반용 20%, 주택용 21.6% 할인
※ 심야전력(갑) : 기초생활수급자 31.4%, 차상위계층 29.7%, 사회복지시설 31.4%
※심야전력(을) : 기초생활수급자 20%, 차상위계층 20%, 사회복지시설 20%
대가족 : 300kWh 초과 600kWh 이하 사용량 누진1단계 하향 적용(월 12,000원 한도)
3자녀 : 해당월 전기요금의 20% 할인(월 12,000원 한도)
생명유지장치 : 300kWh 초과 600kWh 이하 사용량 누진1단계 하향 적용","1. 거주지 읍/면/동 주민센터, 한국전력공사에서 ‘서비스 신청’
2. 담당 시/군/구청 또는 한국전력공사에서 조사 및 심사
3. 담당 시/군/구청 또는 한국전력공사에서 보장 결정
4. 담당 시/군/구청 또는 한국전력공사에서 대상자에게 서비스 제공
5. 담당 시/군/구청 또는 한국전력공사에서 서비스 제공 이후 대상자의 상황 관리",,,"한국전력공사-사이버지점: 123
보건복지상담센터: 129",한국전력공사-사이버지점: cyber.kepco.co.kr,"전기사업법
전기사업법
전기사업법
전기사업법"
WLF00000099,저소득장애인 진단서 발급비 및 검사비 지원사업,보건복지부 장애인정책과,저소득장애인 등에게 장애정도 심사용 진단서 발급비 및 검사비 일부를 지원합니다.,2026,129,수시,현금지급,"노년, 중장년, 청년","신체건강, 정신건강","장애인, 저소득","다음의 대상자에게 장애정도 심사용 진단서 발급 및 검사비를 지원합니다.

신규 장애인 등록이 필요한 기초생활수급자 * 생계, 의료, 주거, 교육급여 수급자 중 하나의 자격만 취득하고 있어도 지원 가능
재판정시기가 도래한 장애인 중 기초생활수급자 또는 차상위계층 * 직권 재판정의 경우에는 저소득 여부와 무관하게 일반 장애인의 경우에도 지원

유의사항은 다음과 같습니다.

장애정도 심사결과가 장애정도결정에 해당하지 않더라도 지원 가능 * 다만, 허위 또는 부정으로 확인되어 경찰청 등에서 통보된 대상자는 심사결과 장애상태가 확인 된 경우에 지원가능
1명의 장애유형별 진단내역에 대해 각각 장애유형별로 지원 가능
장애등급의 조정신청, 이의신청의 경우는 지원 불가",지원대상의 내용을 참고해주시기 바랍니다.,"지원 기준비용 내에서 지원하고 추가비용은 신청인이 부담합니다.* 영수증 금액이 지원기준보다 적은 경우 영수액으로 지원(영수증 확인)
지원 내용은 다음과 같습니다. 

진단서 발급비 지원 : 지적장애, 자폐성장애, 정신장애 : 최대 4만원 / 그 외의 장애 : 최대 1만 5천원
검사비 지원 : 최대 10만원","1. 거주지 읍/면/동 주민센터, 읍면동에서 ‘서비스 신청’
2. 담당 시/군/구청 또는 시군구에서 조사 및 심사
3. 담당 시/군/구청 또는 시군구에서 보장 결정
4. 담당 시/군/구청 또는 시군구에서 대상자에게 서비스 제공
5. 담당 시/군/구청 또는 시군구에서 서비스 제공 이후 대상자의 상황 관리",,[필수 구비서류] 장애인 등록 및 서비스 신청서 통장 사본 영수증[필수 구비서류] 장애인 등록 및 서비스 신청서 통장 사본 영수증,보건복지부 상담센터: 129,"보건복지부: http://www.mohw.go.kr
보건복지부 상담센터: http://www.129.go.kr",장애인복지법
WLF00004658,과학문화 바우처 지원,과학기술정보통신부 과학기술문화과,과학문화 소외지역 및 계층을 대상으로 과학문화 체험 기회 제공을 통한 격차 해소에 기여하고자 합니다.,2026,1551-0012,1회성,전자바우처(바우처),"아동, 청소년","문화·여가, 교육",저소득,"6세 이상(2019.12.31 이전 출생자)기초생활수급자, 차상위계층, 법정한부모가을 대상으로 지원합니다.","학령기 학생(초, 중, 고) 및 그와 동일한 연령 신청자 학령기 학생(초, 중, 고) 및 그와 동일한 연령을 둔 부모
과학문화 바우처 이용 경험이 없는 신규 기초생활수급자
과학문화바우처 이용 경험이 없는 신규 차상위계층","과학문화 상품 및 서비스를 이용할 수 있는 온라인 포인트를 지급합니다.

(제공금액) 100,000원
(제공상품) 과학교구, 과학도서 등
- (교구) DIY 키트, 체험키트 등 - (도서) 과학 관련 도서
(사용기간) 발행일로부터 3개월(※ 사용기간 이후 잔여포인트 소멸 및 사용 불가)

과학문화 바우처는 초과발행 물량이 있으므로, 사용기간 중에 예산이 소진될 경우 바우처 사용이 조기에마감될 수 있습니다.
발행된 바우처 포인트를 전액 미사용할 경우, 차년도 바우처 신청시 선정되지 않을 수 있습니다.","1. 거주지 읍/면/동 주민센터, 한국과학창의재단에서 ‘서비스 신청’
2. 담당 시/군/구청 또는 한국과학창의재단에서 조사 및 심사
3. 담당 시/군/구청 또는 한국과학창의재단에서 보장 결정
4. 담당 시/군/구청 또는 한국과학창의재단에서 대상자에게 서비스 제공
5. 담당 시/군/구청 또는 한국과학창의재단에서 서비스 제공 이후 대상자의 상황 관리",,"[필수 구비서류] 온라인신청서 수혜자격 증빙서류(국민 기초생활 수급자 증명서, 차상위계층확인서, 한부모 가족 등)""[필수 구비서류] 온라인신청서 수혜자격 증빙서류(국민 기초생활 수급자 증명서, 차상위계층확인서, 한부모 가족 등)",과학문화바우처 지원센터: 1551-0012,과학문화바우처 지원센터: https://scivoucher.ezwel.com/,과학기술기본법
WLF00001184,암환자의료비지원,보건복지부 질병정책과,"저소득층 암환자에게 의료비를 지원하여 경제적 부담을 완화하고, 의료이용 장벽을 낮춰 암 환자의 치료 접근성을 향상시키기 위해서 지원하고 있습니다.",2026,031-920-2029,수시,현금지급,"아동, 영유아, 노년, 청소년, 중장년, 청년",신체건강,저소득,"소아 암환자 의료비 지원 대상자는 다음과 같습니다.

(대상자) 건강보험(소득재산조사 기준 충족) 의료급여(당연선정), 만18세 미만 연속
(지원암종) 전체암종
(지원금액) 백혈병 3,000만원, 기타 2,000만원(조혈모세포이식 시 3,000만원)
해당 사업은 관할 보건소를 통해 신청하여 이용가능합니다.

성인 암환자 의료비 지원 내용은 다음과 같습니다.

(대상자) 의료급여수급권자 당연선정 및 연속 최대 3년 지원, 건강보험가입자 차상위 본인 부담 경감 대상자 * 단, 건강보험가입자(50% 이하)인 사람이 2021년 6월 30일까지 국가암검진을 수검, 만 2년 이내 5대 암(위암, 간암, 대장암, 유방암, 자궁경부암)을 진단 또는 2021년 6월 30일까지 폐암으로 진단받은 경우, 지원기준에 해당하면 신청 후 지원 가능
(지원암종) 전체암종
(지원금액) 본인부담금 연간 최대 300만원(급여비급여 본인부담금 구분없이, 진료발생일 기준)까지 지원","소아 암환자 선정기준은다음과 같습니다.

소득 기준과 재산기준 모두 충족하는 경우에만 지원대상자로 선정

성인 암환자 의료비 선정기준은 다음과 같습니다.

(성인, 의료급여수급권자) 당연선정, 연속 최대 3년 지원
(성인, 건강보험 지원 기준 해당자)

1) 21.6.30일까지 국가암검진을 수검 받고, 2년 이내(23.6까지) 5대 암(위암, 간암, 대장암, 자궁경부암, 유방암)을 진단 또는 21.6.30일까지 폐암으로 진단받은 경우 지원기준에 해당하면 신청 후 지원 가능
2) 당해년도 건강보험가입자 기준에 해당되는 자","의료비 지원 범위는 다음과 같습니다.

암 진단 과정에서 소요된 검사(진단)관련 의료비
암 진단일(최종 진단) 이후의 암 치료비
암 치료로 인한 합병증 관련 의료비
전이된 암, 재발암 치료비
의료비 관련 약제비","1. 거주지 읍/면/동 주민센터, 보건소에서 ‘서비스 신청’
2. 담당 시/군/구청 또는 시·군·구, 읍·면·동 사무소, 보건소에서 조사 및 심사
3. 담당 시/군/구청 또는 보건소에서 보장 결정
4. 담당 시/군/구청 또는 보건소에서 대상자에게 서비스 제공
5. 담당 시/군/구청 또는 보건소에서 서비스 제공 이후 대상자의 상황 관리",,[필수 구비서류] 암 검진 결과 통보서 1부 건강보험료 납부확인서 1부[필수 구비서류] 암 검진 결과 통보서 1부 건강보험료 납부확인서 1부,"보건복지상담센터: 129
대한민국정보포털
보건복지부 질병정책과: 044-202-2506
국가암센터 암환자의료비사업 담당자: 031-920-2029, 2045","공공보건포털 e보건소: http://www.e-health.go.kr
국가암정보센터: http://www.cancer.go.kr
보건복지부 상담센터: http://www.129.go.kr
대한민국정보포털: http://www.cms.korea.go.kr",암관리법
WLF00001062,정보통신보조기기 보급,과학기술정보통신부 디지털포용정책팀,장애인의 기능적 한계를 보완개선하여 정보화를 통한 역량을 증진할 수 있도록 정보통신보조기기 보급을 지원합니다.,2026,1588-2670,년,현물지급,,생활지원,"저소득, 보훈대상자, 장애인","정보통신 보조기기 보급대상은 다음과 같습니다.

「장애인복지법」제32조의 규정에 의하여 등록한 장애인
「국가유공자 등 예우 및 지원에 관한 법률」제6조의 규정에 의하여 등록된 자","아래의 항목을 종합적으로 고려하여 개인(신규신청자 우선)을 대상으로 선정합니다.
- 중증장애인 우선
- 저소득층 우선
- 구직자, 학생, 취업자 순
- 보조기기 사용 적합도 및 활용도 높은 자
서류심사, 방문상담(해당하는 경우), 전문가 평가 등 절차에 따라 공정하고 객관적으로 선정합니다.","정보통신 보조 기기 구매 비용의 80%를 지원합니다. ※ 단, 기초 생활수급권자는 90%까지 지원
정보통신 보조기기 지원 품목은 다음과 같습니다. 

시각장애: 화면낭독 소프트웨어, 독서 확대기 등
지체뇌병변 장애: 특수 마우스, 특수 키보드 등
청각언어장애: 영상전화기, 의사소통 보조기기 등","1. 거주지 읍/면/동 주민센터, 17개 광역시·도(일부는 시군구)에서 ‘서비스 신청’
2. 담당 시/군/구청 또는 17개 광역시·도에서 조사 및 심사
3. 담당 시/군/구청 또는 17개 광역시·도에서 보장 결정
4. 담당 시/군/구청 또는 17개 광역시·도에서 대상자에게 서비스 제공
5. 담당 시/군/구청 또는 17개 광역시·도(일부는 시군구)에서 서비스 제공 이후 대상자의 상황 관리",,[필수 구비서류] 정보통신보조기기 신청서 장애인 증명서 또는 국가 유공자 확인원 [추가 구비서류] 기초생활 수급자 증명서 차상위 장애인 확인서 위임장,한국지능정보사회진흥원: 1588-2670,한국지능정보사회진흥원: www.at4u.or.kr,지능정보화 기본법
WLF00000056,의료급여(요양비),보건복지부 기초의료보장과,의료급여 수급권자에게 의료비를 지원하여 저소득층의  국민보건 향상과 사회복지 증진에 기여합니다.,2026,129,수시,현금지급,임신 · 출산,"임신·출산, 신체건강",저소득,수급권자가 긴급하거나 그 밖의 부득이한 사유로  의료급여 기관과 동일한 기능을 수행하는 기관에서  질병･부상･출산 등에 대하여 의료급여를 받거나 의료급여기관 외의 장소에서 출산을 한 때에 그 의료급여에 상당하는 금액을 수급권자에게 요양비로 지급합니다.,"요양비(출산비를 제외한 협의의 요양비) 지급 요건은 다음과 같습니다.
 

(질병 부상 출산 요양비) 의료급여기관을 이용할 수 없거나 의료급여기관이 없는 사유로 인하여 질병부상출산(사산의 경우로서 임신 16주 이상)에 대하여 요양을 받은 경우
(자동복막투석(복막관류액 등)) 만성신부전환자가 의사의 처방전에 따라 자동복막투석 시 사용되는 복막관류액 또는 소모성재료를 의료급여기관 외의 의약품 판매업소에서 구입사용한 경우
(당뇨병 소모성 재료) 당뇨병 환자가 의사의 처방전에 따라 혈당검사 또는 인슐린주사에 사용되는 소모성 재료를 의료급여기관 외의 의료기기 판매업소에서 구입사용한 경우
(당뇨병 관리기기)제1형 당뇨병환자가 의사의 처방전에 따라 당뇨병에 사용되는 관리기기(연속혈당 측정기, 인슐린 자동주입기)를 의료급여기관 외의 의료기기 판매업소에서 구입사용한 경우
(자가도뇨 소모성 재료) 신경인성 방광환자가 의사의 처방전에 따라 자가도뇨에 사용되는 소모성 재료를 의료급여 기관 외의 의료기기판매업소에서 구입사용한 경우
(산소치료) 산소치료를 필요로 하는 환자가 가정에서 의사의 산소처방전에 의하여 보건복지부 장관이 정하여 고시하는 방법으로 가정에서 산소치료를 받는 경우
(인공호흡기 대여서비스 등) 인공호흡기를 필요로 하는 환자가 의사의 처방전에 따라 건강보험공단에 등록된 업소에서 인공호흡기 치료 서비스를 제공받는 경우
(기침유발기) 인공호흡기 사용하는 사람 중 기침유발기를 필요로 하는 환자가 의사의 처방전에 따라 건강보험공단에 등록된 업소에서 기침유발기 서비스를 제공받는 경우
(양압기)양압기를 필요로 하는 환자가 의사의 처방전에 따라 건강보험공단에 등록된 업소에서 양압기 서비스를 제공받는 경우","요양비 지급 범위는 다음과 같습니다.
- 질병, 부상, 출산 요양비
- 자동복막투석에 사용되는 복막관류액 또는 소모성 재료비
- 산소 치료
- 당뇨 소모성 재료
- 당뇨병 관리기기
- 자가도뇨 소모성 재료(간헐적 도뇨 카테터)
- 인공호흡기 대여서비스 등
- 기침유발기
- 양압기","1. 거주지 읍/면/동 주민센터, 시군구 또는 복지로 웹사이트(PC/모바일앱)에서 ‘서비스 신청’
2. 담당 시/군/구청 또는 시군구에서 조사 및 심사
3. 담당 시/군/구청 또는 시군구에서 보장 결정
4. 담당 시/군/구청 또는 의료기관에서 대상자에게 서비스 제공
5. 담당 시/군/구청 또는 시군구에서 서비스 제공 이후 대상자의 상황 관리",,"[필수 구비서류] (의료급여기관을 이용할 수 없거나, 의료급여기관이 없는 경우) 요양비 지급 청구서 요양비 명세서 또는 세금 계산서 의료급여기관에서 의료급여를 받을 수 없었던 사유를 증명할 수 있는 서류 (의료급여기관 외에 장소에서 출산한 경우) 요양비 지급 청구서 출산 사실을 증명할 수 있는 서류",보건복지상담센터: 129,"보건복지상담센터: http://www.129.go.kr
보건복지부: http://www.mohw.go.kr","의료급여법
의료급여법 시행규칙"
WLF00000067,의료급여 장애인보조기기 지원,보건복지부 기초의료보장과,의료급여수급 장애인에게 장애인보조기기비용을 지원하여 저소득 장애인의 삶의 질 향상과 사회복지 증진에 기여합니다.,2026,129,수시,현금지급,,"생활지원, 신체건강","장애인, 저소득",의료급여 수급권자 중 「장애인복지법」에 따라 등록한 장애인을 지원합니다.,지원대상의 내용을 참고해주시기 바랍니다.,"의료급급여대상 장애인보조기기의 유형, 기준액 및 내구연한에 따라 보조기기 구입비용을 지원합니다.* 「국민건강보험법」시행규칙 별표7 제2호에 따름 
보조기기 유형별 기준액, 고시금액 및 실구입금액 중 가장 낮은 금액을 지원합니다.
기금에서 부담하는 금액외의 금액은 수급권자가 전액 부담합니다.
보조기기의 사용에 소요되는 건전지 등 소모품의 구입비용과 수리비용에 대하여는 전동 휠체어/전동스쿠터 장착용 전지를 제외하고 기금에서 부담하지 않습니다.","1. 거주지 읍/면/동 주민센터, 시군구에서 ‘서비스 신청’
2. 담당 시/군/구청 또는 시군구에서 조사 및 심사
3. 담당 시/군/구청 또는 시군구에서 보장 결정
4. 담당 시/군/구청 또는 공급업체에서 대상자에게 서비스 제공
5. 담당 시/군/구청 또는 시군구에서 서비스 제공 이후 대상자의 상황 관리",,[필수 구비서류] 보조기기 급여신청서 보조기기 처방전 해당 보조기기의 처방을 위해 실시한 검사 결과 관련 서류[필수 구비서류] 보조기기 급여신청서 보조기기 처방전 해당 보조기기의 처방을 위해 실시한 검사 결과 관련 서류,보건복지상담센터: 129,"보건복지상담센터: http://www.129.go.kr
보건복지부: http://www.mohw.go.kr","의료급여법 시행규칙
의료급여법"
WLF00000061,의료급여임신.출산진료비지원,보건복지부 기초의료보장과,임신 또는 출산한 의료급여 수급자와 2세미만 자녀에게 의료비를 지원하여 저소득층 국민보건 향상과 사회복지 증진에 기여합니다.,2026,129,수시,현금지급,"임신 · 출산, 영유아","신체건강, 임신·출산",저소득,의료급여 수급자 중 임신 중이거나 출산(유산 및 사산 포함)한 수급권자 및 출생일로부터2세 미만의 자녀를 지원합니다.,지원대상의 내용을 참고해 주시기 바랍니다.,"임신출산 진료비로 100만원을 지원합니다(다태아는 태아당 100만원). 
 
임신과 출산에 관련된 진료를 편리하게 받기 어려운 분만취약지역에 계속하여 30일 이상 거주하는 경우 20만원 추가 지원됩니다. 
 
진료비 지원 방법 : 의료기관에서 진료받은 본인부담금(비금여 포함)에 대해 사용 가능(지원금액 한도내에서 본인부담금이 차감되는 방법으로 지원) * 지원대상자로 선정되면, 의료기관(병의원, 약국)에서 건강보험공단으로 진료비 차감을 요청하고, 건강보험공단에서 의료기관(병의원, 약국)으로 진료비 지급 
분만취약지 
 
인천 : 강화군, 옹진군 
경기 : 연천군, 가평군,양평군 
강원 : 홍천군, 인제군, 정선군, 평창군, 화천군 
충북 : 보은군, 괴산군, 단양군 
전북 : 진안군, 무주군, 장수군 
전남 : 보성군,완도군, 진도군, 신안군 
대구 : 군위군 
경북 : 의성군, 청송군, 영양군, 영덕군, 청도군, 봉화군, 울릉군 
경남 : 의령군, 남해군,합천군, 산청군 * 「공공보건의료에 관한 법률」에 따라 보건복지부 '분만취약지 지원사업'에서 규정하는 지역에 한함","1. 거주지 읍/면/동 주민센터, 시군구 또는 복지로 웹사이트(PC/모바일앱)에서 ‘서비스 신청’
2. 담당 시/군/구청 또는 시군구에서 조사 및 심사
3. 담당 시/군/구청 또는 시군구에서 보장 결정
4. 담당 시/군/구청 또는 의료기관에서 대상자에게 서비스 제공
5. 담당 시/군/구청 또는 시군구에서 서비스 제공 이후 대상자의 상황 관리",,"[필수 구비서류] 의료급여 임신･출산 진료비 지원(변경) 신청서 임신･출산 확인서(분만예정일, 출산일 또는 유산일이 기재된 소견서)""[필수 구비서류] 의료급여 임신･출산 진료비 지원(변경) 신청서 임신･출산 확인서(분만예정일, 출산일 또는 유산일이 기재된 소견서)",보건복지상담센터: 129,"보건복지부 상담센터: http://www.129.go.kr
보건복지부: http://www.mohw.go.kr",의료급여법 시행규칙
WLF00006196,자활성공지원금 지급·관리,보건복지부 자활정책과,"근로능력 있는 수급자가 자활 참여 후 취·창업 등 장기적 자립까지 연결되도록 취·창업 의지를 고취하고, 일정기간 이상 근속을 유도합니다.",2026,129,1회성,현금지급,"청년, 노년, 중장년","서민금융, 일자리",저소득,"(지급대상) 자활근로사업에 참여하던 생계급여 수급자가 민간시간 취창업으로 생계급여 탈수급한 경우 지급합니다.
(지급요건)  자활근로사업 참여 이력  민간시장 취창업  생계급여 탈수급  일정기간(6개월1년) 경과 모두 충족시 지급",지원대상의 내용을 참고해주시기 바랍니다.,"6개월 근속시 1회차 50만원, 추가 6개월(12개월) 근속시 2회차 100만원 지급","1. 거주지 읍/면/동 주민센터, 읍면동 또는 복지로 웹사이트(PC/모바일앱)에서 ‘서비스 신청’
2. 담당 시/군/구청 또는 시군구에서 조사 및 심사
3. 담당 시/군/구청 또는 시군구에서 보장 결정
4. 담당 시/군/구청 또는 시군구에서 대상자에게 서비스 제공
5. 담당 시/군/구청 또는 시군구에서 서비스 제공 이후 대상자의 상황 관리",,"[필수 구비서류] 자활성공지원금 지급 신청서 (취업자) 근로계약서 (프리렌서 및 노무제공자) 소득 금액 증명원, 사업자 등록증, 노무 제공 입증 증빙자료 등 (창업자) 사업자 등록증, 임대차 계약서 등""[필수 구비서류] 자활성공지원금 지급 신청서 (취업자) 근로계약서 (프리렌서 및 노무제공자) 소득 금액 증명원, 사업자 등록증, 노무 제공 입증 증빙자료 등 (창업자) 사업자 등록증, 임대차 계약서 등",보건복지상담센터: 129,보건복지부: https://www.mohw.go.kr/,국민기초생활 보장법
WLF00003232,농업인안전보험,농림축산식품부 농업정책보험과,농업인이 농작업 중 발생한 피해를 보상받기 위해 가입하는 정책보험 보험료의 일부를 지원합니다.,2026,1544-4000,1회성,현금지급,"청년, 중장년","생활지원, 안전·위기",저소득,"농업인안전보험 가입대상은 다음과 같습니다.

만 15～87세*(단, 일부상품은 84세)로 영농에 종사하는 농업인* 일반1형일반2형일반3형산재근로자전용은 만 1587세, 산재형은 만1584세
위 농업인을 피보험자*로 하는 보험계약자
* ｢산업재해보상보험법｣에 따른 산업재해보상보험 및 ｢어선원 및 어선 재해보상보험법｣에 따른 어선원보험의 적용을 받은 사람은 제외. 단, 산재어선원 보험의 적용받는 사업장 이외의 장소에서 농업작업을 하려는 농업인 또는 농업근로자는 피보험자가 될 수 있음 * 최근 2년 이내에 보험 관련 보험사기행위로 형사처벌을 받은 사람은 제외

농작업근로자안전보험 가입대상은 다음과 같습니다.

만 1587세의 농업근로자(90일 미만)를 고용한 경영주인 농업인","농업인안전보험 국고 지원자격은 다음과 같습니다.

「농어업경영체 육성 및 지원에 관한 법률」에 따라 농업경영체에 등록된 자를 피보험자*로 하여 보험계약을 체결하는 자
* 경영주인 농업인 및 경영주외 농업인(무급가족종사자, 피고용인-외국인근로자 포함)을 말함
  ｢산업재해보상보험법｣에 따른 산업재해보상보험 및 ｢어선원 및 어선 재해보상보험법｣에 따른 어선원보험의 적용을 받은 사람은 제외
- 단, 산재어선원 보험의 적용받는 사업장 이외의 장소에서 농업작업을 하려는 농업인 또는 농업근로자는 피보험자가 될 수 있음 최근 2년 이내에 보험 관련 보험사기행위로 형사처벌을 받은 사람은 제외

농작업근로자안전보험 국고 지원자격은 다음과 같습니다.

농업경영체에 등록된 농업경영주가 자신의 농업활동에 종사하는 90일 미만의 근로자(만 1587세)를 피보험자로 보험계약을 체결하는 경우 국고지원","농업인안전보험 본인부담보험료의 일부를 지원합니다.

일반농가 : 50%
영세농가(기초생활수급자 및 차상위계층) : 70%

농작업 중 안전사고로 인한 신체 등 손해시 보험금을 지급합니다.","1. 거주지 읍/면/동 주민센터, NH농협생명에서 ‘서비스 신청’
2. 담당 시/군/구청 또는 NH농협생명에서 조사 및 심사
3. 담당 시/군/구청 또는 NH농협생명에서 보장 결정
4. 담당 시/군/구청 또는 NH농협생명에서 대상자에게 서비스 제공
5. 담당 시/군/구청 또는 NH농협생명에서 서비스 제공 이후 대상자의 상황 관리",,[필수 구비서류] 보험금 청구서 신분증 통장 사본 [추가 구비서류] 가족관계 증명서 주민등록등본[필수 구비서류] 보험금 청구서 신분증 통장 사본 [추가 구비서류] 가족관계 증명서 주민등록등본,NH농협생명: 1544-4000,NH농협생명: http://www.nhlife.co.kr,농어업인의 안전보험 및 안전재해예방에 관한 법률
WLF00003202,의료급여(본인부담 상한금),보건복지부 기초의료보장과,의료급여 수급권자에게 의료비를 지원하여 저소득층의 국민보건 향상과 사회복지 증진에 기여합니다.,2026,129,년,현금지급,,"정신건강, 신체건강","저소득, 다문화·탈북민, 보훈대상자","의료급여수급자 중 급여대상 본인부담금이 대통령령에서 정하는 금액을 초과한 수급권자에게 지원합니다.

1종의 경우 매 1개월간 5만원 초과한 경우 초과금액 전액 지급
2종의 경우 연간 80만원을 초과한 경우 초과금액 전액 지급 ※ 다만 의료법 제3조 제2항제3호에 따른 요양병원에 연간 240일을 초과하여 입원한 경우의 급여대상 본인부담금에 대하여는 연간 120만원을 초과한 경우 초과금액 전액

2종 수급권자의 경우, 본인부담 보상제를 선적용한 후 본인부담금이 일정 수준(상한 기준액)을 초과한 경우 사후에 해당 시군구청장은 그 초과금액을 수급권자에게 지급함
비급여항목은 지원대상 아님 * 다만, 노인틀니, 치과임플란트, 선별급여, 상급종합병원종합병원병원한방병원 이상 의료기관 상급병실료(23인실), 추나요법 및 연장승인 미신청 등으로 인한 건보부담적용금액 등은 본인부담금 보상 대상 제외(의료급여법 시행령 별표 1 제3호) ※지급금액이 2,000원 미만일 경우에는 지급하지 않음(의료급여법 제34조제2항)","지원 제외 대상자는 다음과 같습니다.

적용배제(이중지급 금지) 규정에 의하여 타 사업에서 지원되는 경우 지원금액을 제외한 본인부담금에 대해 지급
- 장애인복지법에 의한 등록장애인으로 의료비 지원대상인 경우
- 긴급복지지원법에서 의료비를 지원받은 경우
- 보건소 희귀난치성질환자 지원, 소아암지원 사업 등 대상자로 의료비를 지원받은 경우- 기타 사회복지공동모금회 등 공공기관 등에서 지원받는 진료비 등 수급권자 본인이 지급하지 아니하는 진료비
100/100 본인부담 진료비
- 진료개시일이 상한일수를 초과한 경우(시행규칙 제8조의3의 규정에 따른 급여 상한기준을 초과하여 발생한 경우)
- 입원 식대 중 본인부담금 등 - 요양병원 중 정신병원과 장애인의료재활시설을 제외한 요양병원에서 입원진료를 받는 수급권자가 의료급여의뢰서 없이 다른 의료급여기관에서진료를 받는 경우에 소요된 비용의 총액
비급여 항목(법 제7조의 규정에 따라 의료급여 대상에서 제외되는 비급여 항목으로 진료를 받고 본인이 부담한 경우)
의료급여 제한 사유에 해당되는 경우(수급권자가 자신의 고의 또는 중대한 과실로 인하여 의료급여가 발생된 경우 등)
부당이득금 징수 대상에 해당하는 경우(수급권자가 속임수 그 밖의 부정한 방법으로 의료급여를 받은 경우)
시행규칙 별표 1의2 제2호에 의하여 연간 외래진료 횟수가 365회를 초과하여 본인부담률 30%가 적용되는 경우","의료급여수급자 중 급여대상 본인부담금이 대통령령에서 정하는 금액을 초과한 수급권자에게 지원합니다.

1종의 경우 매30일간 5만원 초과한 경우 초과금액 전액 지급
2종의 경우 연간 80만원을 초과한 경우 초과금액 전액 지급* 다만 요양병원에 연간 240일을 초과하여 입원한 경우의 급여대상 본인부담금에 대하여는 연간 120만원을 초과한 경우 초과금액 전액

본인부담 보상제를 선적용한 후, 본인이 지불한 본인부담 금액이 일정 수준(상한 기준액)을 초과한 경우 사후에 해당 시군구청장은 그 초과금액을 수급권자에게 지급합니다.* 비급여항목은 지원대상 아님","1. 거주지 읍/면/동 주민센터, 시군구에서 ‘서비스 신청’
2. 담당 시/군/구청 또는 시군구에서 조사 및 심사
3. 담당 시/군/구청 또는 시군구에서 보장 결정
4. 담당 시/군/구청 또는 시군구에서 대상자에게 서비스 제공
5. 담당 시/군/구청 또는 시군구에서 서비스 제공 이후 대상자의 상황 관리",,[필수 구비서류] 본인부담금 초과금액 지급청구서[필수 구비서류] 본인부담금 초과금액 지급청구서,보건복지부 상담센터: 129,보건복지부 상담센터: http://www.129.go.kr,"의료급여법
의료급여법 시행령"
WLF00001093,독거노인·장애인 응급안전안심서비스,보건복지부 노인정책과,안전의 사각지대에 있는 노인과 장애인이 응급상황을 인지하고 응급상황에 대처할 수 있도록 안전대책을 마련하여 지역사회 예방적 돌봄을 지원합니다.,2026,129,수시,현물지급,노년,"생활지원, 안전·위기","저소득, 장애인, 한부모·조손","상시 보호가 필요한 독거노인, 노인2인가구, 조손가구, 장애인가구를 대상으로 지원합니다.","노인가구 선정기준은 다음과 같습니다.

* 통합돌봄 연계 대상자 우선지원
(독거노인) 주민등록상 거주지와 동거자 유무와 관계없이 실제로 혼자 살고있는 만 65세 이상의 노인
(노인2인가구) 노인(65세이상) 2인으로 구성되며 기초생활수급자, 차상위 또는 기초연금수급자인 가구 중
- 한 명이 질환을 앓고있거나 거동이 불편한 경우- 모두 75세 이상인 경우
(조손가구) 노인(65세이상)과 손자녀(24세이하)로만 구성된 가구 중
- 노인 1인 및 손자녀는 독거노인 기준과 동일 - 노인2인 및 손자녀는 노인2인 가구 기준과 동일

장애인 가구 선정기준은 다음과 같습니다.(아래 사항 중 하나에 해당)

장애인활동지원 수급자이면서 독거 또는 취약가구에 해당하는 장애인
장애인 활동지원 수급자 외 장애인으로서 기초지자체장이 독거, 취약가구 등의 생활 여건을 고려해 상시 보호가 필요하다고 인정하는 장애인 ※ 취약가구 : 세대별 주민등록표에 등재된 대상자 외 가구 구성원 모두가 장애인이거나 만 18세 이하 또는 만65세 이상인 경우
선정제외 대상 : 정부(지자체) 재정이 투입되어 24시간 활동지원을 받고 있는 장애인※ 응급안전안심서비스를 이용하던 중 24시간 활동지원을 받게 되는 경우 댁내장비는 반드시 철거","독거노인장애인 응급안전안심시스템을 활용하여 응급상황 모니터링/안전확인/생활교육/서비스 연계 등을 제공합니다.

독거노인장애인 댁내에 화재, 활동센서 및 응급호출기 등을 설치하여 응급상황에 상시 대응 및 안전확인을 필요로 하는 독거노인장애인을 대상으로 비주기적으로 안적확인을 실시
대상자의 안부 및 욕구파악/독거노인응급안전돌보미시스템의 점검 및 사용법 안내, 응급안전안심시스템 이용사례 교육
실제 응급상황여부 확인 및 사후관리진행
안전확인시 부재중 등으로 미 확인 시 이웃(이장 등)을 활용한 안전확인 조치","1. 거주지 읍/면/동 주민센터, 시군구 수행기관에서 ‘서비스 신청’
2. 거주지 읍/면/동 주민센터, 읍면동주민센터에서 ‘서비스 신청’
3. 담당 시/군/구청 또는 시군구 사업팀에서 조사 및 심사
4. 담당 시/군/구청 또는 시군구 사업팀에서 보장 결정
5. 담당 시/군/구청 또는 시군구 사업팀에서 대상자에게 서비스 제공
6. 담당 시/군/구청 또는 시군구 수행기관에서 서비스 제공 이후 대상자의 상황 관리
7. 담당 시/군/구청 또는 읍면동주민센터에서 서비스 제공 이후 대상자의 상황 관리",,[필수 구비서류] 응급안전안심서비스 신청서[필수 구비서류] 응급안전안심서비스 신청서,"중앙모니터링센터: 1566-3232(단축번호 +7)
보건복지상담센터: 129",보건복지상담센터: www.129.go.kr,"장애인활동 지원에 관한 법률
노인복지법
장애인복지법"
WLF00001148,근로·자녀장려금,재정경제부 소득세제과,소득이 적어 생활이 어려운 자영업자 또는 근로자 가구에 근로장려금과 자녀장려금을 지급하여 근로 의욕을 더하고 소득과 자녀양육비를 지원합니다.,2026,126,년,현금지급,,"서민금융, 일자리, 생활지원",저소득,"전년도 6월 1일 현재 가구원 모두가 소유하고 있는 재산 합계액이 2.4억원 미만이면 신청할 수 있습니다. ※ 가구원은 신청자, 배우자, 부양자녀, 동일주소에서 생계를 같이하는 직계존비속 등을 포함합니다.

재산합계액 1.7억 미만 : 해당장려금의100% 지급
재산합계액 1.7억 이상 ~ 2.4억 미만 : 해당장려금의 50% 지급

장려금을 받으려는 거주자에게 국세체납액이 있는 경우 장려금의 30% 한도 내에서 충당한 후 지급합니다.","근로소득 또는 사업소득 또는 종교인소득이 있는 거주자로서 아래 요건을 갖춘 경우 장려금 신청이 가능합니다.

(공통사항 요건)
1) 전년도 12월 31일 현재 대한민국 국적을 가진 자(외국인중에 대한민국 국적을 가진 자와 혼인한자, 대한민국 국적의 부양자녀가 있는 자 포함)일 것
2) 전년도 중 다른 거주자의 부양자녀가 아닐 것3) 거주자(배우자 포함)가 전문직 사업을 영위하고 있는 자가 아닐 것
(근로장려금 요건)
1) 가구원 구성에 따른 가구 구분
 단독가구 : 배우자, 부양자녀, 부양부모가 없는 가구
 홑벌이 가구 : 배우자의 총급여액 등이 300만 원 미만이거나, 부양자녀 또는 부양부모가 있는 가구
- 부양자녀 : 18세 미만(중증장애인은 연령제한 없으며, 일시퇴거시에도 가구원 인정), 연 소득금액 1백만원 이하
- 부양부모 : 70세 이상 부 또는 모(중증장애인은 연령제한 없으며 일시 퇴거시에도 가구원 인정), 연 소득금액 1백만원 이하
 맞벌이 가구 : 배우자의 총급여액 등이 300만 원 이상인 가구
2) 소득요건 : 전년도 부부합산 연간 총소득이 기준금액 미만일것
※ 총소득기준금액 : 단독가구: 2,200만원, 홑벌이가구 : 3,200만원, 맞벌이가구 : 4,400만원 미만3) 재산요건 : 전년도 6월 1일 현재 가구원 소유 주택,토지,건물,전세보증금,예금 등 재산합계액 2.4억원 미만일 것
(자녀장려금 요건)
1) 18세 미만(중증장애인은 연령제한 없음)의 부양자녀가 있는 경우일 것
2) 소득요건 : 홑벌이가구, 맞벌이 가구- 7,000만원 미만 3) 재산요건 : 전년도 6월 1일 현재 가구원 소유 주택,토지,건물,전세보증금,예금 등 재산합계액 2.4억원 미만일 것","부부의 총급여액 등을 합산한 금액을 기준으로 하여 근로장려금과 자녀장려금을 차등 지원합니다.
근로장려금은 다음과 같이 지원합니다. 

단독가구
 - (총급여액 등 400만원 미만) 총급여액 등 x 400분의 165
 - (총급여액 등 400만원~900만원 미만) 165만원 정액 - (총급여액 등 900만원~2,200만원 미만) 165만원 - (총급여액 등 - 900만원) x 1,300분의 165
홑벌이 가구
 - (총급여액 등 700만원 미만)총급여액 등 x 700분의 285
 - (총급여액 등 700만원~1,400만원 미만) 285만원 정액 - (총급여액 등 1,400만원~3,200만원 미만) 285만원 - (총급여액 등 - 1,400만원) x 1,800분의 285
맞벌이 가구
 - (총급여액 등 800만원 미만) 총급여액 등 x 800분의 330
 - (총급여액 등 800만원~1,700만원 미만) 330만원 정액 - (총급여액 등 1,700만원~4,400만원 미만) 330만원 - (총급여액 등 - 1,700만원) x 2,700분의 330

자녀장려금은 자녀 1인당 50만원~100만원을 지급하며, 세부내용은 다음과 같습니다. 

홑벌이 가구
 - (총급여액 등 2,100만원 미만) 부양자녀의 수 x 100만원 - (총급여액 등 2,100만원~7,000만원 미만) 부양자녀의 수 x [100만원 - (총급여액 등 - 2,100만원) x 4,900분의 50]
맞벌이 가구
 - (총급여액 등 2,500만원 미만) 부양자녀의 수 x 100만원 - (총급여액 등 2,500만원~7,000만원 미만) 부양자녀의 수 x [100만원 - (총급여액 등 - 2,500만원) x 4,500분의 50]","1. 거주지 읍/면/동 주민센터, 관할세무서에서 ‘서비스 신청’
2. 담당 시/군/구청 또는 관할세무서에서 조사 및 심사
3. 담당 시/군/구청 또는 관할세무서에서 보장 결정
4. 담당 시/군/구청 또는 관할세무서에서 대상자에게 서비스 제공
5. 담당 시/군/구청 또는 관할세무서에서 서비스 제공 이후 대상자의 상황 관리",,"[필수 구비서류] 종류에 맞는 서류 ① 근로소득, 사업소득 또는 종교인소득 원천징수영수증 ② 급여 또는 사업소득 수령통장 사본 ③ 급여 또는 사업소득 지급대장 사본 ④ 근로소득 또는 사업소득 원천징수부 사본 ⑤ 직장가입자용 건강보험료 납부확인서 ⑥ 국민연금보험료 납부증명서 ⑦ 피보험자용 고용보험 일용근로내역서 ⑧ 근로소득 또는 사업소득 지급확인서""[필수 구비서류] 종류에 맞는 서류 ① 근로소득, 사업소득 또는 종교인소득 원천징수영수증 ② 급여 또는 사업소득 수령통장 사본 ③ 급여 또는 사업소득 지급대장 사본 ④ 근로소득 또는 사업소득 원천징수부 사본 ⑤ 직장가입자용 건강보험료 납부확인서 ⑥ 국민연금보험료 납부증명서 ⑦ 피보험자용 고용보험 일용근로내역서 ⑧ 근로소득 또는 사업소득 지급확인서",국세청 근로장려세제: 126,국세청 근로장려세제: http://www.hometax.go.kr/,"조세특례제한법
조세특례제한법 시행령
조세특례제한법 시행규칙"
WLF00003198,장애아동수당,보건복지부 장애인자립기반과,장애로 인하여 생활이 어려운 장애아동이 보다 편안한 생활을 할 수 있도록 지원합니다.,2026,129,월,현금지급,"아동, 청소년",생활지원,"장애인, 저소득","18세 미만의 등록 장애인으로 국민기초생활보장수급자 및차상위계층을 지원합니다.
소득인정액, 연령, 기타 기준은 선정기준의 내용을 참고해주시기 바랍니다.","국민기초생활보장 수급자 및 차상위계층을 대상으로 합니다.
가구의 범위는 국민기초생활보장제도의 가구 범위와 동일하게 적용하며, 「가정 해체 방지를 위한 별도 가구 특례」적용이 가능합니다.
소득인정액 산정방식은 국민기초생활보장제도(생계급여)의 방식을 적용합니다. ※ 다만, 차량가액 산정방식은 주거.교육급여 기준 적용

소득의 범위 : 사적이전소득, 보장기관확인소득, 부양비는 적용하지 않음

차상위 계층 선정 기준은 소득인정액이 기준 중위소득 50% 이하인 경우로, 2026년 기준 4인 가구 3,247,369원 이하입니다. ※ 부양의무자 기준은 적용하지 아니함
소득인정액 기준은 다음과 같습니다.

소득인정액 : 기준중위소득 50% 이하
소득인정액 = 소득평가액 + 재산의 소득환산액
소득평가액 = 실제소득 - 가구특성별 지출 - 근로소득공제
재산의 소득환산액 = {(일반/금융재산의 종류별가액-기본재산액-부채)+승용차 재산가액}  재산의 종류별 소득환산액

연령 기준은 다음과 같습니다.

신청월 현재18세 미만(신청일이 속하는 월의 말일까지 18세가 되는 경우 제외)
다만, 18~20세로서「초중등교육법」 제 2조에 따른 학교*에 재학(휴학 포함) 중인 자는 포함(단, 장애인연금을 받는 경우 제외)
 * 신청일이 속하는 월의 말일까지 18세가 되는 자는 제외 * 특수학교의 전공과정도「초중등교육법」제2조에 따른 학교에 포함됨

기타 기준은 다음과 같습니다.

신청일 현재 「장애인복지법」제32조에 따라 등록한 장애인
장애 정도가 심한 장애인 및 심하지 않은 장애인
* 중증장애인 : 장애인연금법 상 중증장애인에 해당하는 자* 경증장애인 : 장애인연금법 상 중증장애인에 해당하지 않는 자

장애인연금법상 중증장애인이란?

장애인연금법 제2조 제1호, 같은법 시행령 제2조, 장애정도 판정기준(보건복지부 고시 제2025-228호) 제5장 장애인연금 수급을 위한 중증장애인 판정기준에 해당하는 자","중증장애아동수당(중증장애인) 지급액은 아래와 같습니다. 

국민기초생활보장 생계 또는 의료급여 수급자 : 매월 22만원
국민기초생활보장 주거 또는 교육급여 수급자 및 차상위계층 : 매월 17만원
보장시설수급자(생계, 의료) : 매월 9만원

경증장애아동수당(경증장애인) 지급액은 아래와 같습니다. 

국민기초생활보장 생계 또는 의료급여 수급자 : 매월 11만원
국민기초생활보장 주거 또는 교육급여 수급자 및 차상위계층 : 매월 11만원
보장시설수급자(생계, 의료) : 매월 3만원","1. 거주지 읍/면/동 주민센터, 전국 읍·면·동 주민센터 또는 복지로 웹사이트(PC/모바일앱)에서 ‘서비스 신청’
2. 담당 시/군/구청 또는 시·군·구에서 조사 및 심사
3. 담당 시/군/구청 또는 시·군·구에서 보장 결정
4. 담당 시/군/구청 또는 시·군·구에서 대상자에게 서비스 제공
5. 담당 시/군/구청 또는 시·군·구에서 서비스 제공 이후 대상자의 상황 관리",,[필수 구비서류] 장애인복지서비스 수급희망 이력관리 신청서[필수 구비서류] 장애인복지서비스 수급희망 이력관리 신청서,"전국 읍·면·동 주민센터: 전국 읍·면·동 주민센터
보건복지상담센터: 129",,장애인복지법
WLF00004661,청년월세 지원사업,국토교통부 청년주거정책과,"고금리·고물가 등으로 경제적 어려움을 겪는 청년층의 주거비 부담 경감을 위해 월 최대20만원씩 최장 24개월간 월세를 지원합니다(생애1회).
  ※ '26년 신규 신청기간: 3.30(월) 09:00 ~ 5.29(금) 16:00까지",2026,1599-0001,월,현금지급,청년,주거,저소득,"※ '26년 신규수혜자 신청접수 기간: 3.30(월) 09:00 ~ 5.29(금) 16:00까지
※ 선정자 공지: 9.14(월)
※ '26년에는 6만명을 선정할 예정(지원자가 많을 경우 소득, 재산 등이 낮은 인원을 선정)
※ '26년 신규 수혜자는 '28년 12월까지만 지원 - '26년에 선정된 이후 지급 중지 등으로 인해 '28년까지 24개월(회) 지원을 다 못 받았다면, '29년 이후 정기 신청기간에 재신청(소득, 재산 재심사)하여 선정될 때 지원을 재개하고 잔여횟수만 지원

19세~34세 독립거주 무주택 청년 중 청년가구 소득이 기준 중위소득 60% 이하이면서, 원가구 소득이 중위소득 100% 이하인 청년을 지원합니다. ※  30세 이상, 혼인(이혼), 미혼부모,  30세 미만 미혼 청년의 소득이 중위소득 50% 이상으로 생계를 달리한다고 시군구청장이 인정하는 경우 등은 원가구 소득 미고려

(청년가구) 청년 + 배우자 + 직계비속 + 동일 주소지에 거주하는 그 외「민법」상 가족
(원가구) 청년독립가구 + 1촌이내 직계혈족(부모)

아래에 해당하는 경우 지원 대상에서 제외합니다. 

주택 소유자(분양권, 입주권 포함)
직계존속형제자매 등 2촌 이내 혈족(배우자의 2촌 이내 혈족 포함) 주택 임차
공공주택특별법에 따른 공공임대주택(공무원임대주택 포함) 거주
1실(방)에 다수가 거주하는 방식의 전대차인 경우(단, 1실에 다수가 거주하는 경우라도 임대인과 별도 임대차계약 체결 시 지원 가능)
국토부 또는 지자체 에서 시행하는 청년월세 지원 수혜 중인 자(수혜종료 후 신청 가능) 등
과거 '청년월세 한시 특별지원'사업에 선정되어 이미 24개월을 수혜받은 자 등","청년가구 소득재산평가액 산정 기준은 다음과 같습니다. 

 소득평가액이「국민기초생활 보장법」 제2조제11호에 따른 기준 중위소득의 60% 이하 - 소득평가액 = ㉮근로소득 + ㉯사업소득 + ㉰재산소득 + ㉱공적이전소득 - ㉲근로사업소득공제
 일반재산, 자동차 등의 재산에 관하여 총재산가액이 1.22억원 이하 - 총재산가액= ㉳일반재산가액 + ㉴자동차가액 - ㉵부채(임차보증금 마련 용도의 부채만 인정)

원가구 소득재산평가액 산정 기준 다음과 같습니다. 

 소득평가액이 「국민기초생활 보장법」 제2조제11호에 따른 기준 중위소득의 100% 이하 - 소득평가액 = ㉮근로소득 + ㉯사업소득 + ㉰재산소득 + ㉱공적이전소득 - ㉲근로사업소득공제
 일반재산, 자동차 등의 재산에 관하여 총재산가액이 4.7억원 이하
 - 총재산가액= ㉳일반재산가액 + ㉴자동차가액 - ㉵부채(주택구입임차보증금 마련 용도의 부채만 인정)
 
 * 참고
 ㉮ (근로소득) 상시근로자소득 
 ㉯ (사업소득) 기타사업소득 
 ㉰ (재산소득) 임대소득, 이자소득 
 ㉱ (공적이전소득) 국민연금급여, 사학퇴직연금급여, 공무원퇴직연금급여, 군인퇴직연금급여, 별정우체국연금, 산재보험급여(휴업급여, 장해급여, 유족급여, 상병보상금), 실업급여 
 ㉲ (근로소득공제) 근로사업소득30% 
 ㉳ (일반재산) 건축물(건물, 시설물, 기타), 주택, 토지(밭, 논, 대지, 임야, 기타), 임차보증금(전월세보증금, 상가보증금), 선박, 항공기, 회원권(골프, 콘도미니엄, 승마, 종합체육시설이용, 요트) 
 ㉴ (자동차) 자동차가액 
 ㉵ (부채) 다음에 따른 증빙서류를 제출한 경우에만 인정
 - 대출금 : 금융기관 대출금, 금융기관이외기관 대출금
 - 공공기관 대출금 : 농지연금 등
 ※ 주택구입, 임차보증금 마련 용도의 부채만 인정 ※ 취득한 주택의 등기사항 증명서 상 소유권 이전등기 접수일로부터 3개월 이내 대출한 자금의 경우 주택구입자금으로 인정","월세로 거주하는 청년을 대상으로 실제 납부하는 임대료를 최대 480만원(월 최대 20만원)까지 최대 24개월(회) 동안 매월 분할하여 지원합니다.

실제 월세 범위 내에서 지원하며,임차보증금, 관리비 등은 제외후 지원합니다.
주거급여 수급자의 경우 주거급여액 중 월차임분(청년 주거급여 분리지급액 포함)을 차감한 금액만 지원합니다.
방학기간 등으로 수급기간이 연속적이지 않더라도 지급기간 내 24개월(회)분을 지원합니다.

지급기간 : ~ 2028년 12월
 

2026년 신규 수혜자는 2028년 12월까지 지원
2026년에 선정된 이후 지급 중지 등으로 인해 '28년까지 24개월(회)지원을 다 못 받았다면, '29년 이후 정기 신청기간에 재신청(소득, 재산 재심사)하여 선정될 때 지원을 재개하고 잔여횟수만 지원","1. 거주지 읍/면/동 주민센터, 지자체 또는 복지로 웹사이트(PC/모바일앱)에서 ‘서비스 신청’
2. 거주지 읍/면/동 주민센터, 지자체 또는 복지로 웹사이트(PC/모바일앱)에서 ‘서비스 신청’
3. 담당 시/군/구청 또는 지자체에서 조사 및 심사
4. 담당 시/군/구청 또는 지자체에서 보장 결정
5. 이의가 있을 경우, 담당 시/군/구청 또는 지자체에 이의 신청 접수
6. 담당 시/군/구청 또는 지자체에서 대상자에게 서비스 제공
7. 담당 시/군/구청 또는 지자체에서 서비스 제공 이후 대상자의 상황 관리",,[필수 구비서류] 임대차계약서 월세이체 증빙서류 서약서 입금통장 사본 가족관계증명서 [추가 구비서류] 위임장 거주사실 입증서류 부채 증빙서류 사실혼/사실이혼 입증서류[필수 구비서류] 임대차계약서 월세이체 증빙서류 서약서 입금통장 사본 가족관계증명서 [추가 구비서류] 위임장 거주사실 입증서류 부채 증빙서류 사실혼/사실이혼 입증서류,국토교통부: 1599-0001,"국토교통부: https://www.molit.go.kr/
마이홈포털: https://www.myhome.go.kr/","주거기본법
청년기본법"
WLF00001169,의료급여 틀니·치과임플란트,보건복지부 기초의료보장과,틀니 및 치과임플란트에 대하여 의료급여를 실시하여 65세 이상 노인 수급권자의 경제적 부담을 완화하고 구강건강 향상을 도모합니다.,2026,129,1회성,현물지급,노년,신체건강,저소득,"65세 이상 의료급여 수급권자를 대상으로 합니다.

(노인틀니)65세 이상 의료급여 수급권자
(치과임플란트)65세 이상 부분 무치악 환자(완전 무치악은 제외)",지원대상의 내용을 참고해주시기 바랍니다.,"틀니, 치과임플란트에 대해 의료급여를 적용합니다.

(틀니) 레진상 완전틀니, 금속상 완전틀니, 클라스프 부분틀니, 사전 임시 틀니, 사후 유지관리
* 사후 유지관리는 틀니 급여화 이전에 비급여로 제작하여 사용하고 있는 수급권자 포함
- 동일부위(상악하악) 동일종류(완전틀니˙부분틀니)의 경우 7년에 1회 급여 적용* 단, 구강상태가 심각하게 변화되어 새로운 틀니제작이 불가피하다고 인정되는 의학적 소견이 있거나, 천재지변 등 그 밖의 부득이한 사유로 틀니를 재제작할 경우에 한하여 7년 이내에 재제작 가능
(치과임플란트) 1인당 평생 2개 급여적용, 비귀금속도재관(PFM 크라운) 또는 지르코니아 크라운 보철수복 시술시 급여 인정 - 상･하악 구분 없이 구치부(어금니), 전치부(앞니) 모두 적용

본인부담은 다음과 같습니다.

(틀니) 급여비용총액의 1종 수급권자 5%, 2종 수급권자 15%
(치과임플란트) 급여비용총액의 1종 수급권자 10%, 2종수급권자 20%

의료급여 진료절차(1차2차3차)를 준용합니다.","1. 거주지 읍/면/동 주민센터, 의료급여기관이 국민건강보험공단 요양기관 정보마당에 전산 등록에서 ‘서비스 신청’
2. 거주지 읍/면/동 주민센터, 보장기관(특별시장·광역시장·도지사, 시장·군수·구청장)에서 ‘서비스 신청’
3. 담당 시/군/구청 또는 보장기관(특별시장·광역시장·도지사, 시장·군수·구청장)에서 조사 및 심사
4. 담당 시/군/구청 또는 보장기관(특별시장·광역시장·도지사, 시장·군수·구청장)에서 보장 결정
5. 담당 시/군/구청 또는 의료서비스 제공: 의료기관, 급여비용 지급 : 보장기관에서 대상자에게 서비스 제공
6. 담당 시/군/구청 또는 보장기관(특별시장·광역시장·도지사, 시장·군수·구청장)에서 서비스 제공 이후 대상자의 상황 관리",NULL,[필수 구비서류] 의료급여 틀니 대상자 등록 신청서 의료급여 치과임플란트 대상자 등록 신청서[필수 구비서류] 의료급여 틀니 대상자 등록 신청서 의료급여 치과임플란트 대상자 등록 신청서,"보건복지상담센터: 129
건강보험심사평가원: 1644-2000
보건복지부기초의료보장과: 044-202-3098","보건복지상담센터: https://www.129.go.kr
건강보험심사평가원: https://www.hira.or.kr","의료급여법 시행령
의료급여법 시행규칙
의료급여수가의 기준 및 일반기준"
WLF00000867,방과후학교 자유수강권,교육부 방과후돌봄정책과,방과후학교 수업을 통해 저소득층 자녀의 지속적이며 실직적인 교육기회를 확대하고 공교육 활성화 및 저소득층의 교육격차 해소를 돕습니다.,2026,1544-9654,수시,프로그램/서비스(서비스),"청소년, 아동","보호·돌봄, 교육","다문화·탈북민, 한부모·조손, 저소득",초중고교 재학생을 대상으로 지원합니다.,"(1순위) 우선지원대상자- 기초생활수급자(생계의료주거교육급여), 한부모가정, 법정 차상위대상자 
(2순위) 소득에 따른 지원 대상자
- (1순위 우선지원대상자 제외) 기준 중위소득 100% 범위 내에서 시도교육청의 예산 범위 내에서 지원 대상자 선정
* 시도교육청 운영 계획 등에 따라 지원 중위소득 기준 조정 가능
(3순위) 학교장 추천자- 증빙이 곤란한 경제적 어려움으로 교육비 지원이 필요한 경우 담임교사가 추천 
(기타) 법무부장관이 추천하는 난민 인정자 또는 그 자녀 및 기타, 육아기 근로시간 단ㅊㄱ 활용 가정 자녀 등기타","저소득층 등 학생이 방과후학교 프로그램 등을 수강한 경우 1인당 연간 60만원 내외에서 지원합니다.

지원 대상자로 선정되고, 방과후학교 프로그램을 신청ㆍ수강한 경우에만 해당 금액 지원
방과후학교 프로그램을 수강하지 않은 경우 미지원
방과후학교 자유수강권 지원액을 초등돌봄교육(초등), 방과후 학교(중등)및 방과후 보육료, 토요프로그램에 활용 가능","1. 거주지 읍/면/동 주민센터, 부모 또는 학생의 주민등록상 주소지 관할 읍면동 주민센터 또는 복지로 웹사이트(PC/모바일앱)에서 ‘서비스 신청’
2. 담당 시/군/구청 또는 사회보장통합관리망 또는 시군구청 에서 조사 및 심사
3. 담당 시/군/구청 또는 초중고교에서 보장 결정
4. 이의가 있을 경우, 담당 시/군/구청 또는 사회보장통합관리망 또는 시군구청 에 이의 신청 접수
5. 담당 시/군/구청 또는 초중고교에서 대상자에게 서비스 제공
6. 담당 시/군/구청 또는 초중고교에서 서비스 제공 이후 대상자의 상황 관리",,"[필수 구비서류] 사회보장급여 신청서 소득 재산 신고서, 소득 재산 확인서류 금융정보 등 제공 동의서 교육 정보화 지원 동의서""[필수 구비서류] 사회보장급여 신청서 소득 재산 신고서, 소득 재산 확인서류 금융정보 등 제공 동의서 교육 정보화 지원 동의서",교육비 원클릭 신청 시스템 상담센터: 1544-9654,교육비 원클릭 신청 시스템: https://oneclick.neis.go.kr,초ㆍ중등교육법
WLF00003184,온동네 초등돌봄교육,교육부 늘봄학교정책과,정규수업 외 시간에 초등학생의 성장과 발달을 위해 학교와 지역사회의 다양한 돌봄과 교육 자원을 연계하여 종합적으로 운영하는 학교 교육활동을 제공합니다.,2026,02-6222-6060,년,프로그램/서비스(서비스),아동,보호·돌봄,"한부모·조손, 저소득","희망하는 초등학교 1~2학년 학생 누구나 이용 가능합니다.
초등학교 3~6학년의 경우, 각 학교의 여건에 따라 수강신청 등의 과정을 거쳐 참여 대상자로 선정되면 이용 가능합니다.",지원대상의 내용을 참고해주시기 바랍니다.,"정규수업 전 아침, 정규수업 후 희망시간까지(최장 오후 8시) 돌봄서비스를 제공합니다. 
 
(초1~2) 희망자 모두에게 대상 맞춤형 프로그램은 연중 매일 2시간 무료 제공 
(초1~6) 미래역량 함양, 진로탐색 등 사교육과는 차별화되고 경쟁력 있는 프로그램 제공","1. 거주지 읍/면/동 주민센터, 초등학교에서 ‘서비스 신청’
2. 담당 시/군/구청 또는 초등학교에서 조사 및 심사
3. 담당 시/군/구청 또는 초등학교에서 보장 결정
4. 이의가 있을 경우, 담당 시/군/구청 또는 초등학교에 이의 신청 접수
5. 담당 시/군/구청 또는 초등학교에서 대상자에게 서비스 제공
6. 담당 시/군/구청 또는 초등학교에서 서비스 제공 이후 대상자의 상황 관리",,,"교육부 민원콜센터: 02-6222-6060
자녀 재학(입학예정) 초등학교로 문의",교육부: http://www.moe.go.kr,초·중등학교 교육과정
WLF00000062,기존주택등 매입임대주택 지원사업,국토교통부 주거복지지원과,도심 내 기초생활수급자 등 저소득층이 현 생활권에서 거주할 수 있도록 공공주택사업자가 다가구 등 기존주택 등을 매입하여 개·보수 또는 리모델링하여 저렴하게 공급하여 주거안정 을 도모합니다.,2026,1600-1004,수시,현물지급,"노년, 중장년, 청년",주거,"저소득, 한부모·조손, 다자녀, 장애인","'일반 매입임대주택' 입주 대상자는 다음과 같습니다.

(1순위)
 - 생계급여 수급자 또는 의료급여수급자
 -「한부모가족지원법 시행규칙」제3조에 따라 성평등가족부장관이 정하는 기준에 해당하는 한부모가족
 -「국민기초생활보장법」제1조제1호 또는 제2조제10호에 해당하는 사람 중 최저주거기준에 미달하거나 소득대비 임차료의 비율이 30% 이상인 경우
 -「국민기초생활보장법」제2조제1호 또는 제2조제10호에 해당하는 고령자 -「장애인복지법」제32조제1항에 따라 장애인 등록증이 교부된 사람 중 해당 세대의 월평균 소득이 전년도 도시근로자 가구원 수별 가구당 월평균 소득의 70% 이하이고 영구임대주택 자산기준을 충족하는 경우
(2순위)
- 전년도 도시근로자 가구당 월평균 소득이 50% 이하(영구임대주택 자산 기준 이하)인 자- 장애인등록증이 교부된 자 중 월평균 소득이 전년도 도시근로자 가구당 월평균 소득 100% 이하(영구임대주택 자산 기준 이하)인 자
(3순위) 전년도 도시근로자 가구당 월평균 소득 70% 이하인 자로서 시장 등이 선정하는 자

전세형 매입임대주택 : 무주택 세대구성원(소득과 자산요건을 적용하지 않음)
'청년 매입임대주택' 입주 대상자는 다음과 같습니다.
 

(1순위)
 - 「국민기초생활보장법」 제7조에 따른 생계, 주거, 의료급여 중 어느 하나에 해당하는 급여를 받는 수급자의 가구
 - 「한부모가족지원법」 시행규칙 제3조에 따라 성평등가족부장관이 정하는 기준에 해당하는 한부모가족 - 「국민기초생활보장법」 제2조제10호에 해당하는 가구
(2순위)
 - 본인과 부모의 월평균 소득이 전년도 도시근로자 가구당 월평균 소득 100% 이하이고 - 본인과 부모의 자산이 규칙 제13조제2항에 따라 국토교통부 장관이 정하는 국민임대주택의 자산기준을 충족하는 청년
(3순위)
 - 제1순위 및 제2순위에 해당하지 아니하는 사람 중 본인의 월평균 소득이 전년도 도시근로자 가구당 월평균 소득 100% 이하이고 - 규칙 제13조제2항에 따라 국토교통부장관이 정하는 행복주택(청년)의 자산기준을 충족하는 청년

'신혼,신생아 매입임대주택Ⅰ' 입주 대상자는 다음과 같습니다.
 

(1순위) 신생아 가구, 「한부모가족지원법 시행규칙」제3조에 따라 성평등가족부장관 고시 한부모 가족
(2순위)
 - 1순위가 아닌 신혼부부 중 미성년 유자녀 가구(태아 및 미성년자 입양 포함) - 1순위가 아닌 한부모가족(6세 이하 자녀를 둔 경우로 한정)
(3순위) 자녀가 없는 신혼부부, 예비 신혼부부
(4순위) 제1순위와 제2순위에 해당하지 아니하는 사람 중 6세 이하 자녀가 있는 혼인 가구

'신혼, 신생아 매입임대주택Ⅱ' 입주 대상자는 다음과 같습니다.

(1순위) 신생아 가구, 성평등가족부장관 고시 한부모가족
(2순위) 임신 중이거나 출산입양하여 자녀가 있는 신혼부부, 예비 신혼부부 및 6세 이하 자녀가 있는 한부모가족
(3순위) 자녀가 없는 신혼부부, 예비 신혼부부
(4순위) 제1순위와 제2순위에 해당하지 아니하는 사람 중 6세 이하 자녀가 있는 혼인 가구
(5순위) 제1, 2, 3, 4순위가 아닌 혼인가구

고령자 매입임대주택

(1순위) 제9조제1항제1호에 해당하는 사람 (일반 매입임대주택 1순위)
(2순위) 제9조제1항제2호에 해당하는 사람 (일반 매입임대주택 2순위)

다자녀 매입임대주택

(1순위)
 - 「국민기초생활보장법」 제7조에 따른 생계주거의료교육급여 중 어느 하나에 해당하는 급여를 받는 수급자 가구
 - 「국민기초생활보장법」 제2조제10호에 해당하는 가구
 -「한부모가족지원법 시행규칙」제3조에 따라 성평등가족부 장관이 정하는 기준에 해당하는 한부모 가족
(2순위) 제1순위에 해당하지 아니하는 사람
(3순위) 제1, 2순위에 해당하지 아니하는 사람


보다 자세한 지원내용은 ""기존주택등 매입임대주택 업무처리지침"" 참조",소득기준 : 국가데이터처전년도 도시근로자 가구당 월평균 소득 기준 100% * 자산기준은 유형별로 다르게 적용,도심내 최저소득계층이 현 생활권에서 저렴한 주거비 부담으로 거주할 수 있도록 공공주택사업자가 다가구주택 등 기존주택 등을 매입하여 개보수하거나 개량한 후 임대합니다.,"1. 거주지 읍/면/동 주민센터, 읍면동에서 ‘서비스 신청’
2. 담당 시/군/구청 또는 시군구에서 조사 및 심사
3. 담당 시/군/구청 또는 시군구에서 보장 결정
4. 담당 시/군/구청 또는 한국토지주택공사, 지방공사에서 대상자에게 서비스 제공
5. 담당 시/군/구청 또는 읍면동에서 서비스 제공 이후 대상자의 상황 관리
6. 담당 시/군/구청 또는 공공주택사업자에서 서비스 제공 이후 대상자의 상황 관리",,[필수 구비서류] 매입입대주택 공급 신청서 신혼부부 매입임대주택 공급 신청서[필수 구비서류] 매입입대주택 공급 신청서 신혼부부 매입임대주택 공급 신청서,한국토지주택공사: 1600-1004,한국토지주택공사: http://www.lh.or.kr/,"공공주택 특별법 시행령
공공주택 특별법
공공주택 특별법 시행규칙"
WLF00003273,의료급여(본인부담 보상금),보건복지부 기초의료보장과,의료급여 수급권자에 대한 의료비를 지원하여 저소득층 국민보건 향상과 사회복지 증진에 기여합니다.,2026,129,월,현금지급,,"정신건강, 신체건강","다문화·탈북민, 보훈대상자, 저소득","의료급여 수급권자 중에서 급여대상 본인부담금이 일정한 금액을 초과한 수급권자에게 지원합니다.

1종의 경우매1개월간 2만원 초과 5만원 이하인한 경우 초과금액의 50%를 보상
2종의 경우매1개월간 20만원 초과한 경우 초과금액의 50% 보상

비급여항목은 지원대상이 아닙니다.","지급 제외 대상

적용배제(이중지급 금지)규정에 의하여 타 사업에서 지원되는 경우 지원금액을 제외한 본인부담금에 대해 지급

장애인복지법에 의한 등록장애인으로 의료비 지원 대상인 경우
긴급복지지원법에서 의료비를 지원받은 경우
보건소 희귀난치성질환자 지원, 소아암지원 사업 등 대상자로 의료비를 지원받은 경우
기타 사회복지공동모금회 등 공공기관 등에서 지원받는 진료비 등 수급권자 본인이 지급하지 아니하는 진료비

100/100 본인부담 진료비(시행규칙 별표 1의 2)

진료개시일이 상한일수를 초과한 경우(시행규칙 제8조의3의 규정에 따른 급여 상한기준을 초과하여 발생한 경우)
입원 식대 중 본인부담금 등
요양병원 중 정신병원과 장애인의료재활시설을 제외한 요양병원에서 입원진료를 받는 수급권자가 의료급여의뢰서 없이 다른 의료급여기관에서진료를 받는 경우에 소요된 비용의 총액

비급여 항목 : 법 제7조의 규정에 따라 의료급여 대상에서 제외되는 비급여 항목으로 진료를 받고 본인이 부담한 경우
의료급여 제한 사유에 해당되는 경우(법 제15조) : 수급권자가 자신의 고의 또는 중대한 과실로 인하여 의료급여가 발생된 경우 등
부당이득금 징수 대상에 해당하는 경우(법 제23조) : 수급권자가 속임수 그 밖의 부정한 방법으로 의료급여를 받은 경우
시행규칙 별표 1의2 제2호에 의하여 연간 외래진료 횟수가 365회를 초과하여 본인부담률 30%가 적용되는 경우","본인부담금이 매 1개월간 일정 금액(1종 : 2만원, 2종 : 20만원)을 초과한 경우에 초과 금액의 50%를 보상합니다.

수급권자의 급여대상 본인부담금이 대통령령에서 정하는 금액을 초과한 경우, 그 초과금액의 50%에 해당하는 금액을 보상합니다.
다만, 노인틀니, 치과임플란트, 선별급여, 상급종합병원종합병원병원한방병원 이상 의료기관 상급병실료(23인실), 추나요법 및 연장승인 미신청 등으로 인한 건보부담적용금액 등은 본인부담금 보상 대상에서제외합니다.
지급금액이 2,000원 미만일 경우에는 지급하지 않습니다(의료급여법 제34조제2항).","1. 거주지 읍/면/동 주민센터, 시군구에서 ‘서비스 신청’
2. 담당 시/군/구청 또는 시군구에서 조사 및 심사
3. 담당 시/군/구청 또는 시군구에서 보장 결정
4. 이의가 있을 경우, 담당 시/군/구청 또는 시군구에 이의 신청 접수
5. 담당 시/군/구청 또는 시군구에서 대상자에게 서비스 제공
6. 담당 시/군/구청 또는 시군구에서 서비스 제공 이후 대상자의 상황 관리",,[필수 구비서류] 본인부담금의 일부 지급 청구서[필수 구비서류] 본인부담금의 일부 지급 청구서,보건복지부 상담센터: 129,보건복지부 상담센터: http://www.129.go.kr,의료급여법 시행령
WLF00003171,의료급여본인부담면제,보건복지부 기초의료보장과,의료급여 수급권자에 대한 의료비를 지원하여 저소득층 국민보건 향상과 사회복지 증진에 기여합니다.,2026,129,수시,현물지급,,신체건강,"다문화·탈북민, 보훈대상자, 저소득","1종 수급권자 중 외래 본인부담금 면제자 대상은 다음과 같습니다.

당연 적용(사유 발생시 일괄 적용) : 18세 미만인 자, 행려환자, 등록 결핵질환자, 등록 중증질환자, 등록 희귀질환자 및 등록 중증난치질환자, 선택의료급여기관 적용자, 잠복결핵감염자의 잠복결핵 치료
신청에 의한 적용(의료급여기관 외래진료 본인일부부담 면제신청서 [서식 16] 제출 시 적용) : 20세 미만 재학생, 임산부, 가정간호대상자","1종 수급권자 중 외래 본인부담금 면제자 대상 기준은 다음과 같습니다.

등록 결핵질환자, 중증질환자, 희귀질환자 및 중증난치질환자 - 보건복지부장관이 고시하는 결핵질환, 중증질환자, 희귀질환 및 중증난치질환을 가진 자로서 산정특례 등록한 자
선택의료급여기관 이용자
- 단, 선택의료급여기관에서 외래진료를 받거나 선택의료급여기관에서 교부한 처방전에 따라 의약품을 조제 받은 경우, 응급상황 및 장애인 보조기기를 지급받으려는 경우에 한하여 선택의료급여기관이 아닌 다른 의료급여기관에서 외래진료를 받은 경우에 한함- 선택의료급여기관으로부터 의뢰 및 재의뢰 받아 외래진료를 받거나 교부된 처방전에 따라 의약품을 조제받은 경우에는 본인일부부담 하여야 함(시행규칙 제19조의4 제2항)
20세 미만인 자로 중고등학교 재학 중인 자 1종：재학증명서 제출
임산부
- 임신임을 신고한 날부터 출산예정일 후 6개월까지 본인부담면제- (유산,사산 시) 당초 신고 받은 출산예정일부터 6개월까지 본인부담면제. 다만, 건강생활유지비를 지원받기 원하는 경우 본인부담면제 대상에서 제외
가정간호대상자- 가정간호 전담부서가 설치된 의료급여기관에서 가정간호를 받고 있음을 증명할 수 있는 서류(가정간호 진료대상 확인서, 진단서 등)를 첨부한 경우에 한하여 본인부담면제자로 등록
잠복결핵감염자의 잠복결핵 치료(22.3.22.부터) - 「결핵예방법」에 따른 잠복결핵감염자의 잠복결핵 치료에 대하여 의료급여를 실시하는 경우","대상자가 외래 진료를 받을 경우, 의료급여 비용의 본인부담금 전액을 면제합니다.(비급여 제외)","1. 담당 시/군/구청 또는 시군구에서 조사 및 심사
2. 담당 시/군/구청 또는 시군구에서 보장 결정
3. 담당 시/군/구청 또는 의료기관에서 대상자에게 서비스 제공
4. 담당 시/군/구청 또는 시군구에서 서비스 제공 이후 대상자의 상황 관리",,,보건복지부 상담센터: 129,보건복지부 상담센터: http://www.129.go.kr,의료급여법 시행령
WLF00003228,의료급여 선택의료급여기관제,보건복지부 기초의료보장과,의료급여 수급권자에 대한 의료비를 지원하여 저소득층 국민보건 향상과 사회복지 증진에 기여합니다.,2026,129,수시,현물지급,,"정신건강, 신체건강","저소득, 다문화·탈북민, 보훈대상자","선택의료급여기관 적용 대상자는 다음과 같습니다.

동일 질환으로 여러 병의원을 이용하거나 중복투약으로 인하여 연간 급여일수 상한일수를 초과하여 의료급여를 받고자 하는 자
자발적 참여자","연간 의료급여 일수 초과 이전에 의료급여 일수 연장승인을 요청하였거나, 병의원을 선택하는 신청서를 시군구청이나 읍면동에 제출한 수급자 중에서 의료급여심의위원회에서 급여 일수 연장을 승인하는 것이 타당하다고 판단한 수급자에 대해지원합니다.","본인이 선택한 의료급여기관을 다음 연도 말까지 이용할 것을 조건으로 당해연도 급여일수를 연장합니다.

1종 수급권자가 지정한 선택의료급여기관을 이용할 경우, 의료급여 비용 중 본인부담금 전액을 면제(2종 제외)","1. 거주지 읍/면/동 주민센터, 시군구에서 ‘서비스 신청’
2. 담당 시/군/구청 또는 시군구에서 조사 및 심사
3. 담당 시/군/구청 또는 시군구에서 보장 결정
4. 이의가 있을 경우, 담당 시/군/구청 또는 시군구에 이의 신청 접수
5. 담당 시/군/구청 또는 의료기관에서 대상자에게 서비스 제공
6. 담당 시/군/구청 또는 시군구에서 서비스 제공 이후 대상자의 상황 관리",,,보건복지상담센터: 129,보건복지상담센터: http://www.129.go.kr,의료급여법 시행규칙
WLF00003190,의료급여(의료급여대지급금지원),보건복지부 기초의료보장과,의료급여 수급권자에 대한 의료비를 지원하여 저소득층 국민보건 향상과 사회복지 증진에 기여합니다.,2026,129,수시,현금대여(융자),,"신체건강, 정신건강","다문화·탈북민, 보훈대상자, 저소득",보장기관(시군구 또는 읍면동)에 대지급금을 신청한 수급자 중 대불조건에 해당되는 수급자를 대상으로 지원합니다. * 비급여 항목은 지원대상 아님,지원대상의 내용을 참고해 주시기 바랍니다.,"의료급여 2종 수급권자가 의료급여기관에 입원하여 발생한 급여비용 중 본인부담금이 20만원을 초과한 경우, 20만원을 초과한 금액중 수급권자 본인 또는 부양의무자의 신청에 의해 보장 기관이 승인한 금액","1. 거주지 읍/면/동 주민센터, 시군구에서 ‘서비스 신청’
2. 담당 시/군/구청 또는 시군구에서 조사 및 심사
3. 담당 시/군/구청 또는 시군구에서 보장 결정
4. 이의가 있을 경우, 담당 시/군/구청 또는 시군구에 이의 신청 접수
5. 담당 시/군/구청 또는 시군구에서 대상자에게 서비스 제공
6. 담당 시/군/구청 또는 시군구에서 서비스 제공 이후 대상자의 상황 관리",,,보건복지부 상담센터: 129,보건복지부 상담센터: http://www.129.go.kr,의료급여법
WLF00000923,"의료급여 중증질환, 희귀질환 및 중증난치질환자 지원",보건복지부 기초의료보장과,의료급여 수급권자에 대한 의료비를 지원하여 저소득층 국민보건 향상과 사회복지 증진에 기여합니다.,2026,129,수시,현물지급,,신체건강,"다문화·탈북민, 보훈대상자, 저소득","의료급여 수급자 중에서 보건복지부 장관이 고시하는 중증질환자, 희귀질환, 중증난치질환(결핵질환자 포함)을 가진 사람을 지원합니다.",의료급여 기관에서 '의료급여 산정특례등록 신청서'를 발급 받아 거주지 관할 시/군/구청 또는 읍/면/동에 신청서를 제출하고 등록한 경우 산정특례가 적용됩니다.* 의료급여 기관을 통한 전산등록 가능,"급여비용에 대한 본인부담을 면제합니다.
의료급여 1종 수급권자 자격을 부여합니다.
단계별(제1차  제2차  제3차의료급여기관) 의료급여 절차를 예외적용 합니다.(뇌혈관심장질환자는 제외)
질환군별 급여일수를 별도로 산정합니다. * 다만 보건복지부 장관이 고시하는 뇌혈관이나 심장 질환자, 중증 외상 환자는 적용 기간이 짧은 점을 감안하여 본인부담 면제혜택만 부여","1. 거주지 읍/면/동 주민센터, 시군구에서 ‘서비스 신청’
2. 담당 시/군/구청 또는 시군구에서 조사 및 심사
3. 담당 시/군/구청 또는 시군구에서 보장 결정
4. 이의가 있을 경우, 담당 시/군/구청 또는 시군구에 이의 신청 접수
5. 담당 시/군/구청 또는 의료기관에서 대상자에게 서비스 제공
6. 담당 시/군/구청 또는 시군구에서 서비스 제공 이후 대상자의 상황 관리",,,보건복지부 콜센터: 129,보건복지부 콜센터: http://www.129.go.kr,"의료급여법
의료급여수가의 기준 및 일반기준"
WLF00003218,의료급여(의료급여건강생활유지비),보건복지부 기초의료보장과,의료급여 수급권자에 대한 의료비를 지원하여 저소득층 국민보건 향상과 사회복지 증진에 기여합니다.,2026,129,월,현금지급,,"신체건강, 정신건강","다문화·탈북민, 보훈대상자, 저소득","1종 수급권자 전체의 외래 본인부담금을 지원합니다.(본인부담 면제자, 급여제한자 제외)* 비급여항목은 지원대상 아님","1종 수급권자 전체를 대상으로 지원합니다.

본인부담면제자, 급여제한자의 경우에는 건강생활유지비 지원 제외 * 본인부담면제자：18세 미만자, 등록희귀질환, 중증난치질환자(등록하지 않은 인체면역결핍바이러스 질환자는 건강생활유지비 지급) 또는 등록 중증질환자, 임산부, 행려환자, 가정간호를 받고 있는 자, 선택의료급여기관 이용자, 노숙인 등
현역사병, 전투경찰 등 군복무자는 복무기간 동안 매년 1월분 지원- 입대연도 해당월에 1월분과 매년 1월 1일에 1월분을 자격정보에 생성","1종 수급권자(본인 부담 면제자, 급여 제한자 제외) 1인당 매월 6천원을 지급합니다.","1. 담당 시/군/구청 또는 시군구에서 조사 및 심사
2. 담당 시/군/구청 또는 시군구에서 보장 결정
3. 이의가 있을 경우, 담당 시/군/구청 또는 시군구에 이의 신청 접수
4. 담당 시/군/구청 또는 시군구에서 대상자에게 서비스 제공
5. 담당 시/군/구청 또는 시군구에서 서비스 제공 이후 대상자의 상황 관리",,,보건복지부 상담센터: 129,"보건복지부: www.mohw.go.kr
보건복지부 상담센터: www.129.go.kr",의료급여법 시행규칙
WLF00005446,어업인 안전보험,해양수산부 소득복지과,"어업작업 중 발생하는 부상·질병·장해 또는 사망 등 어업작업안전재해를 보상하여 산재보험 또는 어선원재해보상보험 가입대상에서 제외된 어업인과 어업근로자(양식산업발전법에 따른 양식업(종사)자 포함)의 생활안정을 도모하고, 사회복귀 촉진을 지원합니다.",2026,1588-4119,년,현금지급,"청년, 청소년, 중장년, 노년","생활지원, 안전·위기",저소득,"만 15세~90세 어업인 또는 어업근로자(소금제조 관련 종사자 포함)를 대상으로 합니다.* 단,성별, 연령 및 위험직종 구분없이 단일보험료 적용

「수산업․어촌 발전 기본법」제3조 제3호에 따른 어업인(「양식산업발전법」에 따른 양식업(종사)자 포함)
「농어업경영체육성 및 지원에 관한 법률」 제2조제5호에 따른 어업법인에 고용되어 근로를 제공하는 사람

제외대상

「산업재해보상보험법」에 따른 산업재해보상보험의 적용을 받는 사람
「어선원 및 어선 재해보상보험법」에 따른 어선원보험의 적용을 받는 사람은 제외
단 산재어선원보험을 적용받는 사업장 이외의 장소에서 어업작업을 하려는 어업인 또는 어업근로자는 피보험자가 될 수 있음",지원대상의 내용을 참고해주시기 바랍니다.,주계약 보험료의 50%(기초생활수급자 및 차상위계층의 경우 70%)를 지원합니다.,"1. 거주지 읍/면/동 주민센터, 수협중앙회 또는 회원조합에서 ‘서비스 신청’
2. 담당 시/군/구청 또는 수협중앙회 또는 회원조합에서 조사 및 심사
3. 담당 시/군/구청 또는 수협중앙회 또는 회원조합에서 보장 결정
4. 담당 시/군/구청 또는 수협중앙회 또는 회원조합에서 대상자에게 서비스 제공
5. 담당 시/군/구청 또는 수협중앙회에서 서비스 제공 이후 대상자의 상황 관리",,,"어업인 안전보험: 1588-4119
수협: 02-2240-2114","어업인 안전보험: http://www.suhyup-bank.com/
수협: http://www.suhyup.co.kr/",농어업인의 안전보험 및 안전재해예방에 관한 법률
WLF00006260,장애인 주택개조사업,국토교통부 주거복지정책과,"저소득 장애인이 거주하는 주택의 편의시설·안전장치 설치·개선비용을 지원, 일상생활에서의 이동안전 및 활동편의 증진을 목적으로 합니다.",2026,1599-0001,년,프로그램/서비스(서비스),,주거,"장애인, 저소득","「장애인복지법(제2조)」에 해당하는 등록장애인을 대상으로 지원합니다.
(소득기준) 등록장애인 가구의 소득이 전년도 도시근로자 가구당 월평균 소득액 이하인 자(주거약자법 시행령 제7조)
(산정방법) 등록장애인 세대의 세대원의 소득을 합산하여 산출 ※ 전산상으로 소득 확인 불가 시 국민건강보험 건강보험료 조회  국세청(원천징수영수증, 근로소득 지급명세서, 소득금액증명) 등 관련 자료를 통해 확인
(선정방법) 지원 신청자가 확보된 예산(지방비 50%매칭)보다 많을 경우, 1순위는 기준 중위소득의 50% 이하, 그 외 2순위 후보자로 선발",지원대상의 내용을 참고해주시기 바랍니다.,"(설치기준) 주택 내의 편의시설 개선 등을 원칙으로 하고, 편의시설 종류 및 기준은「장애인주택 개조사업 편의시설 설치기준(붙임1)*」을 적용 * 그 외 편의시설 설치항목과 기준 등은「장애인‧노인‧임산부 등의 편의증진 보장에 관한 법률 시행규칙」 별표1 , 「주거약자법 시행령」 별표2 적용
다만, 외부 화장실 주택 내 이전과 개보수, 거주주택과 연결하는 출입‧경사로 설치 등 장애인 편의증진 목적의 시설개선은 포함 * 장애인 편의시설 설치 등에 부수되는 연계보수(도배장판 등 마감공사)도 가능
(편의시설 선정) 지원대상 거주주택 상태와 장애인 유형등급 등을 먼저 조사한 후, 장애인 등의 의견*을 충분히 반영하여 맟춤형으로 설치
【붙임 2】체크리스트를 참고하여, 조사결과를 토대로 지원대상 장애인의 신청(우선순위 등 포함)을 받아 편의시설을 최종 선정","1. 담당 시/군/구청 또는 시.군(각 광역 및 기초 지방정부)에서 조사 및 심사
2. 담당 시/군/구청 또는 시.군(각 광역 및 기초 지방정부)에서 보장 결정
3. 담당 시/군/구청 또는 시.군(각 광역 및 기초 지방정부)에서 대상자에게 서비스 제공
4. 담당 시/군/구청 또는 시.군(각 광역 및 기초 지방정부)에서 서비스 제공 이후 대상자의 상황 관리",,,"국토교통부: 1599-0001
등록주소지 관할 시.군 담당부서로 문의",국토교통부: www.molit.go.kr,장애인ㆍ고령자 등 주거약자 지원에 관한 법률
WLF00003240,평생교육이용권 지원,교육부 평생학습정책과,"사회적 취약계층(저소득층, 장애인)을 대상으로 바우처를 제공하여 실질적인 평생교육 기회를 제공합니다.",2026,1600-3005,년,전자바우처(바우처),"청년, 중장년, 노년",교육,"저소득, 한부모·조손","저소득층(기초생활수급자, 차상위계층), 지역별 특성화 대상자, 디지털 교육 수요자(30세이상), 노인(65세이상) 등 103,000명 대상
만 19세 이상 등록 장애인(장애인복지법 제2조 근거) 중 12,000명 지원- 단, 신청규모가 예산 범위를 초과할 경우 신청 장애인 중 소득수준 고려 선정","평생교육바우처 이용자 선정을 위한 신청자격은 다음과 같습니다.

기초생계급여수급자
기초의료급여수급자
기초주거급여수급자
기초교육급여수급자
한부모가족보호대상자
차상위장애연금 대상자
차상위장애수당 대상자
차상위자활대상자
차상위본인부담경감대상자
차상위계층대상자
광역지자체별 특성화대상자 30세 이상 디지털 교육 수요자 65세 이상 노인
등록장애인(만19세이상)","1인당 연간 35만원 이내 평생교육 바우처를 제공합니다.
평생교육 바우처는 평생교육강좌 수강료 및 수강에 필요한 교재비에 사용 가능합니다.
평생교육바우처 사용기관은 다음과 같습니다.
- 학점취득교육(학점은행제 등)
- 지자체평생학습관, 대학 부설 평생교육원
- 평생교육 바우처 사용기관으로 등록된 시설
바우처 사용방법 및 사용기관 정보는평생교육 바우처(www.lllcard.kr) 홈페이지를 통해 확인 가능합니다.","1. 거주지 읍/면/동 주민센터, 17개 광역지자체에서 ‘서비스 신청’
2. 담당 시/군/구청 또는 국가평생교육진흥원, 광역지자체에서 조사 및 심사
3. 담당 시/군/구청 또는 국가평생교육진흥원, 광역지자체에서 보장 결정
4. 이의가 있을 경우, 담당 시/군/구청 또는 국가평생교육진흥원, 광역지자체에 이의 신청 접수
5. 담당 시/군/구청 또는 국가평생교육진흥원, 광역지자체에서 대상자에게 서비스 제공
6. 담당 시/군/구청 또는 국가평생교육진흥원, 광역자치단체에서 서비스 제공 이후 대상자의 상황 관리",,,평생교육 바우처 콜센터: 1600-3005,"평생교육 바우처: http://www.lllcard.kr
정부24+: https://plus.gov.kr","장애인복지법
평생교육법
평생교육법 시행령"
WLF00000074,양곡할인,농림축산식품부 식량정책과,정부양곡을 기초수급가구 및 차상위계층에 할인된 가격으로 지원함으로써 저소득층의 생활안정을 도모합니다.,2026,주소지 행정복지센터,월,현물지급,,생활지원,"저소득, 한부모·조손","정부양곡의 직접 이용을 목적으로 구입을 희망하는 기초생활수급자 및 차상위계층을 대상으로 합니다.

기초생활수급자(생계, 의료, 주거, 교육)
법정 차상위계층* 법정 차상위계층 지원사업: 차상위계층 건강보험 본인부담 경감, 차상위 장애(아동)수당, 차상위 장애인연금, 차상위 자활근로, 차상위계층 자격확인
「한부모가족지원법」제5조 및 제5조의2에 따른 지원 대상자 가구",정부양곡 구입을 희망하는 기초생활수급자 및 차상위계층에게지원합니다. * 수급자가 의무적으로 구입하는 것이 아님,"복지용 쌀의 할인을 지원합니다. 

생계급여, 의료급여 수급자는 10kg 1포당2,500원을 개인부담합니다.
주거급여, 교육급여 수급자 및 차상위계층은 10kg 1포당 10,000원을 개인부담합니다.","1. 거주지 읍/면/동 주민센터, 읍면동 에서 ‘서비스 신청’
2. 담당 시/군/구청 또는 읍면동 에서 조사 및 심사
3. 담당 시/군/구청 또는 읍면동 에서 보장 결정
4. 이의가 있을 경우, 담당 시/군/구청 또는 읍면동 에 이의 신청 접수
5. 담당 시/군/구청 또는 읍면동 에서 대상자에게 서비스 제공
6. 담당 시/군/구청 또는 읍면동 에서 서비스 제공 이후 대상자의 상황 관리",,,소관 행정복지센터: 소관 행정복지센터,,양곡관리법
WLF00000035,개발제한구역 거주민 생활비용보조사업,국토교통부 녹색도시과,개발제한구역 지정으로 생활의 불편을 겪는 구역 내 저소득 주민에게 보전부담금을 재원으로 생활비용을 보조합니다.,2026,1599-0001,년,현금지급,,"주거, 생활지원",저소득,"다음의 어느 하나에 해당하는 사람으로서 해당 가구의 월평균 소득금액이 도시지역 가구당 월평균 소득 이하인 세대를 대상으로 합니다.

지정당시거주자
지정당시거주자의 자녀 또는 배우자로서 출생 또는 혼인 이후 그와 함께 개발제한구역에서 계속하여 거주한 사람(지정당시거주자인 세대주가 사망한 경우에 한정)
* 다만, 자녀 또는 배우자가 다음에 해당하는 경우에는 개발제한구역에서 계속하여 거주한 것으로 봄
- 생업을 목적으로 3년 이하의 기간 동안 개발제한구역 밖에 거주한 경우 - 학업을 목적으로 개발제한구역 밖에 거주한 경우","2025년 지원 기준

개발제한구역 지정당시거주 가구 중 국가데이터처가발표한 전년도 도시지역 가구당 월평균 소득액* 이하인 세대* 2025.1.12025.12.31 기간 사용한 생활비용 보조는 전년도(2024년) 통계청 발표 자료(6,474,708원) 기준

지원 제외 기준

신청 당시 최근 3년간 3회 이상 법과 이 시행령에 따라 불법행위로 형사 처벌을 받은 사람과 불법행위에 대한 시정명령을 받고 이를 이행하지 아니한 사람은 지원에서 제외합니다.

2026년 지원기준은 2026년 4~5월경 확정 후 공지예정","학자금, 전기료, 건강보험료, 정보통신비, 의료비, 상하수도비 등 생활비용에 대해 세대당 연1회 60~100만원 한도로 지원합니다.
'25년에 사용한 학자금, 전기료, 건강보험료 등 생활비용을 '25년 개발제한구역 주민지원사업 예산으로 지원(예정)합니다.","1. 거주지 읍/면/동 주민센터, 시군구, 읍면동에서 ‘서비스 신청’
2. 담당 시/군/구청 또는 시군구에서 조사 및 심사
3. 담당 시/군/구청 또는 시군구에서 보장 결정
4. 담당 시/군/구청 또는 시군구에서 대상자에게 서비스 제공
5. 담당 시/군/구청 또는 시군구에서 서비스 제공 이후 대상자의 상황 관리",읍면동 주민센터 직접 방문 신청 주민센터에서 조회읍면동 주민센터 직접 방문 신청 주민센터에서 조회,,국토교통부: 1599-0001,국토교통부: http://www.molit.go.kr/happyhouse,"개발제한구역의 지정 및 관리에 관한 특별조치법
개발제한구역의 지정 및 관리에 관한 특별조치법 시행령"
WLF00000864,희귀질환자 의료비 지원사업,질병관리청 희귀질환관리과,희귀질환자 중 저소득층 건강보험가입자에게 본인부담금 등 의료비를 지원하여 경제적 부담을 경감합니다.,2026,043-719-8778,수시,"감면, 현금지급",,"신체건강, 생활지원",저소득,"신청질환에 대한 동일한 종류의 산정특례에 등록된 건강보험가입자 중 환자가구 및 부양의무자가구 소득재산기준만족자를 대상으로 지원합니다.※ 산정특례 등록자에 한하여 등록신청 및 지원이 가능하므로 반드시 희귀질환자 산정특례 등록 후 보건소에 신청 또는 헬프라인을 통해 온라인 신청
다음에 해당하는 자는 지원대상자 선정에서 제외합니다.

외국 국적자 (단, 외국인 특례에 따라 지원대상자에 해당하는 외국인은 지원 가능)
국적을 상실하거나 국외에 이주한 자","(지원대상자 선정의 일반원칙)

건강보험가입자
- 환자가구의 소득/재산수준과 부양의무자가구의 소득/재산수준을 조사 평가하여 지침에서 정한 기준에 합당한 자를 지원대상자로 선정함- 질환별 본인부담 의료비 수준의 차이를 감안하여 지원대상자 선정을 위한 소득/재산 기준을 차등 적용함
의료급여 수급권자
- 간병비(105개질환), 특수조제분유 및 저단백즉석밥 구입비(28개질환), 옥수수전분 구입비(9개질환)만 신청 가능하므로 진단서를 통해 대상질환 확인- 관할부서에서 소득/재산조사 및 평가를 이미 거쳤으므로, 의료급여 수급권자 자격여부 확인으로 소득/재산조사를 갈음함
차상위 건강보험가입자
- 간병비(105개질환), 특수조제분유 및 저단백즉석밥 구입비(28개질환), 옥수수전분 구입비(9개질환)만 신청 가능하므로 진단서를 통해 대상질환 확인 - 관할부서에서 소득/재산조사 및 평가를 이미 거쳤으므로, 차상위 본인부담경감대상자 자격여부 확인으로 소득/재산조사를 갈음함

(소득/재산 조사 및 평가의 일반원칙)

환자/부양의무자가구 기준과 소득/재산기준 중 이 지침에서 정하지 않은 사항은 26년도 국민기초생활보장사업 안내의 내용을 준용하여 적용


선정기준

환자가구
 - 소득 : 기준 중위소득 140% 미만 - 재산 : 가구규모별/지역별 일정금액 미만


부양의무자가구
 - 소득 : 기준 중위소득 200% 미만 - 재산 : 가구규모별/지역별 일정금액 미만","(비용감면) 요양급여 중 본인부담금(진료비, 보조기기 구입비, 인공호흡기 및 기침유발기 대여료)을 감면 지원합니다.

환자가구와 부양의무자가구의 소득 및 재산 기준을 만족하는 건강보험가입자 대상
요양급여비 : 희귀질환자 의료비 지원사업 대상질환(1,413개 질환) 및 그 합병증으로 인한 진료 시
보조기기 구입비 : 장애인 등록법에 등록된 자로서 담당 의사의 진단서 또는 처방전을 발급받아 구입 (대상 질환 : 101개 질환) ※ 국민건강보험법시행규칙 별표7(제26조제1항 관련)과 장애인보장구에 대한 보험급여기준에 따라 지급받은 급여비용 중 본인이 부담하여야 하는 금액을 지원
인공호흡기 및 기침유발기 대여료 : 국민건강보험공단에서 인공호흡기 대여료를 지원받는 대상자 (대상 질환 : 111개 질환)

(현금급여) 간병비(월 30만원), 특수식이 구입비(특수조제분유(연간 360만원 이내),저단백즉석밥(연간 168만원 이내) 옥수수전분(연간 168만원 이내)를 지원합니다.

간병비(월 30만원)
 - 환자가구와 부양의무자가구의 소득 및 재산 기준을 만족하는 건강보험가입자 또는 의료급여 수급권자 및 차상위 본인부담경감대상자 대상
 - 지체 또는 뇌병변 '장애의 정도가 심한 장애인' 중 장애정도가 별도의 의학적 기준을 충족하는 자 (대상 질환 : 105개 질환) ※ 지체장애끼리 합산장애 외의 종합장애를 인정하지 않음, 지체장애 1급 또는 뇌병변장애 1급 해당자 준하는 기준임
특수식이 구입비 : 특수조제분유(연간 360만원 이내),저단백즉석밥(연간 168만원 이내), 옥수수전분(연간 168만원 이내) 구입비
 - 환자가구와 부양의무자가구의 소득 및 재산 기준을 만족하는 건강보험가입자 또는 의료급여 수급권자 및 차상위 본인부담경감대상자 대상
 - 특수조제분유 : 만 19세 이상, 28개질환, 연간 360만원 이내 지원
 - 저단백즉석밥 : 만 19세 이상, 28개질환, 연간 168만원 이내 지원 - 옥수수전분 : 9개 질환, 연간 168만원 이내 지원, 만 18세 미만 소아청소년 소득재산조사 면제","1. 거주지 읍/면/동 주민센터, 보건소에서 ‘서비스 신청’
2. 거주지 읍/면/동 주민센터, 희귀질환 헬프라인(https://helpline.kdca.go.kr) 누리집에서 ‘서비스 신청’
3. 담당 시/군/구청 또는 시군구 보건소에서 조사 및 심사
4. 담당 시/군/구청 또는 시군구 보건소에서 보장 결정
5. 이의가 있을 경우, 담당 시/군/구청 또는 시군구 보건소에 이의 신청 접수
6. 담당 시/군/구청 또는 국민건강보험공단에서 대상자에게 서비스 제공
7. 담당 시/군/구청 또는 시군구보건소에서 서비스 제공 이후 대상자의 상황 관리","1. 건강보험 산정특례 등록신청서 의사가 발급, 전산 등록 2. 의료비지원 온라인 신청",건강보험 산정특례 등록신청서,희귀질환헬프라인: 043-719-8778,희귀질환헬프라인: https://helpline.kdca.go.kr,희귀질환관리법
WLF00006256,경제적 신체적 배려대상자 병역이행 지원,병무청 병역공개과,"경제적, 신체적 배려대상자가 병역이행을 원활히 할 수 있도록 도움을 주기 위해 9개 지원분야를 선정하여 지원합니다.",2026,1588-9090,1회성,"감면, 현금지급, 기타",,서민금융,"저소득, 한부모·조손","사회복무요원 소집 대상자로서 경제적 신체적 배려대상인 사람 중 다음 조건에 해당하는 경우 지원합니다. 
 
1. 모집병 지원 시 가산점 부여(3점) : 기초생활수급자 중 생계급여 수급자 
2. 병역처분변경출원자 진단서 발급비용 지원 : 기초생활수급자, 차상위계층, 한부모가족지원대상자 
3. 병역판정검사 시 우선 위탁검사 실시 :  기초생활수급자, 차상위계층, 한부모가족지원대상자 
4. 사회복무요원 겸직허가 : 기초생활수급자, 차상위계층, 한부모가족지원대상자 
5. 산업기능요원 편입 시 우선순위 부여 : 기초생활수급자, 차상위계층, 한부모가족지원대상자 
6. 현역병 입영일자 희망시기 반영 : 기초생활수급자, 차상위계층, 한부모가족지원대상자 
7. 사회복무요원 우선소집 희망시기 반영 : 기초생활수급자, 차상위계층, 한부모가족지원대상자 
8. 대체역 우선소집 희망시기 반영 : 기초생활수급자, 차상위계층, 한부모가족지원대상자 
9. 중증질환자 서류심사로 병역처분 : 악성혈액질환자 등 중증질환 확인자",지원대상의 내용을 참고해주시기 바랍니다.,"1. 모집병 지원 시 가산점 부여(3점) : 기초생활수급자 중 생계급여 수급자
2. 병역처분변경출원자 진단서 발급비용 지원 : 기초생활수급자, 차상위계층, 한부모가족지원대상자
3. 병역판정검사 시 우선 위탁검사 실시 :  기초생활수급자, 차상위계층, 한부모가족지원대상자
4. 사회복무요원 겸직허가 : 기초생활수급자, 차상위계층, 한부모가족지원대상자
5. 산업기능요원 편입 시 우선순위 부여 : 기초생활수급자, 차상위계층, 한부모가족지원대상자
6. 현역병 입영일자 희망시기 반영 : 기초생활수급자, 차상위계층, 한부모가족지원대상자
7. 사회복무요원 우선소집 희망시기 반영 : 기초생활수급자, 차상위계층, 한부모가족지원대상자
8. 대체역 우선소집 희망시기 반영 : 기초생활수급자, 차상위계층, 한부모가족지원대상자
9. 중증질환자 서류심사로 병역처분 : 악성혈액질환자 등 중증질환 확인자","1. 거주지 읍/면/동 주민센터, 병무청에서 ‘서비스 신청’
2. 담당 시/군/구청 또는 병무청에서 조사 및 심사
3. 담당 시/군/구청 또는 병무청에서 보장 결정
4. 이의가 있을 경우, 담당 시/군/구청 또는 병무청에 이의 신청 접수
5. 담당 시/군/구청 또는 병무청에서 대상자에게 서비스 제공
6. 담당 시/군/구청 또는 병무청에서 서비스 제공 이후 대상자의 상황 관리",,,병무청: 1588-9090,병무청: www.mma.go.kr,병역법
WLF00006246,우수고등학교 해외유학 장학금(드림장학금),교육부 청년장학지원과,학업에 대한 의지와 열정이 있는 저소득층 우수 고등학생에게 해외유학 기회를 제공하여 글로벌 인재로의 성장을 지원합니다.,2026,1599-2000,수시,현금지급,"청년, 청소년",서민금융,저소득,"국내 고교 2,3학년 재학(예정)자 중 해외대학 입학을 희망하는 저소득층(기초생활수급자, 차상위계층) 학생을 대상으로 지원합니다. * 단, 2년 이상 외국 학교에 재학하거나 거주한 자는 제외
성적기준

고교 재학 중 직전학기까지 전체학기 동안 이수한 과목 중 학년별 성적기준을 충족하는 과목들의 이수단위 합계가 24단위 이상(3학년) 또는 12단위 이상(2학년)
학년별 성적기준: (고교3학년) 3등급 이내 또는 B 이상 / (고교2학년) 2등급 이내 또는 B이상
영어과목의 경우 (고교3학년) 2등급 이내 또는 A 이상 / (고교2학년) 1등급 이내 또는 A이상",지원대상의 내용을 참고해주시기 바랍니다.,"유학준비생(국내장학생)

고교 2학년: 선발 후 익월부터 차년도 2월말까지 월 50만원 지원
고교 3학년: 선발 후 익월부터 차년도 2월말까지 월 70만원 지원

유학생(해외장학생)

연간 최대 7만 USD(학비+체제비) 지원, 항공료는 별도
 * 체재비: 연간 최대 2만 USD까지 정액 지급(국가 및 도시 차등) * 재학 중 항공료 지원: 지원기간 중 총 1만 USD 이내에서 항공료 실비 지원","1. 거주지 읍/면/동 주민센터, 한국장학재단 홈페이지에서 ‘서비스 신청’
2. 담당 시/군/구청 또는 한국장학재단 홈페이지에서 조사 및 심사
3. 담당 시/군/구청 또는 한국장학재단 홈페이지에서 보장 결정
4. 담당 시/군/구청 또는 한국장학재단 홈페이지에서 대상자에게 서비스 제공
5. 담당 시/군/구청 또는 한국장학재단 홈페이지에서 서비스 제공 이후 대상자의 상황 관리",,,한국장학재단 콜센터: 1599-2000,한국장학재단: www.kosaf.go.kr,교육기본법
WLF00001164,기초연금,보건복지부 기초연금과,노인에게 기초연금을 지급하여 안정적인 소득기반을 제공함으로써 노인의 생활안정을 지원합니다.,2026,1355,월,현금지급,노년,"생활지원, 서민금융",저소득,"만 65세 이상인 어르신으로서소득인정액이 매년 보건복지부장관이 정하여 고시하는 금액 이하인 사람에게지원합니다. 

단, 직역연금 수급권자와 그 배우자는 기초연금 지급대상에서 제외하나, 특례대상과 예외대상에 해당하는 경우는 수급권자의 범위에 포함","연령 : 만 65세이상인 자
소득인정액 : 가구의 소득인정액이 선정기준액 이하인 자, 소득인정액은 아래와 같이 계산합니다.
2026도 선정기준액은 단독가구는 2,470,000원, 부부가구는 3,952,000원

소득인정액 = 소득평가액 + 재산의 소득환산액
소득평가액 = {0.7 X (근로소득 - 116만원)} + 기타 소득
재산의 소득환산액 = [ {(일반재산 - 기본재산액*) + (금융재산 - 2,000만원) - 부채} X 재산의 소득환산율  12월] + P**
 *기본재산액은 대도시 및 특례시 1억3,500만원, 중소도시 8,500만원, 농어촌 7,250만원 **P는 고급자동차 및 회원권의 가액으로 월 100%의 소득환산율을 적용







직역연금 수급권자 제외 요건은 아래과 같습니다. 

공무원, 사립학교교직원, 군인, 별정우체국직원 등 직역연금의 수급권자와 그 배우자는 기초연금 지급대상에서 제외
(예외) 다음 어느 하나에 해당하는 직역연금의 수급권자 및 그 배우자는 기초연금 수급권자 범위에 포함
 * 연계퇴직연금 또는 연계퇴직유족연금 수급권자 중 직역재직기간이 10년 미만인 경우 * 유족연금일시금, 장해일시금, 비공무상 장해일시금, 비직무상 장해일시금, 퇴직유족연금일시금, 퇴직유족일시금을 받은 이후 5년이 경과된 경우
(특례) 기초연금 수급권자 대상에서 제외되는 직역연금 수급권자 및 그 배우자 중 아래의 경우에 해당하는 자
 * 1949년 6월 30일 이전 출생자로 종전의 「기초노령연금법」에 따른 기초노령연금 수급권자가 소득인정액이 선정기준액 이하인 경우 * 1996년 6월 30일 이전 출생자로 「장애인연금법」 부칙 제4조에 따른 장애인연금 특례수급권자가 65세에 도달할 당시의 소득인정액이 선정기준액 이하인 경우","매월 25일에 기준연금액(349,700원)과 국민연금 급여액 등을 고려하여 기초연금액을 지급합니다.* 25일이 토공휴일인 경우에는 그 전 일에 지급
기초연금액의 감액은 아래의 경우 이뤄집니다. 

(부부감액) 본인과 그 배우자가 모두 기초연금 수급권자인 경우에는 각각의 기초연금액에서 기초연금액의 20%를 감액
(소득역전방지 감액) 소득인정액과 기초연금액(부부2인 수급가구는 부부감액 적용 이후)을 합산한 금액이 선정기준액 이상인 경우에는 선정기준액을 초과하는 금액의 범위에서 기초연금액의 일부를 감액","1. 거주지 읍/면/동 주민센터, 전국 국민연금공단 지사 또는 복지로 웹사이트(PC/모바일앱)에서 ‘서비스 신청’
2. 거주지 읍/면/동 주민센터, 전국 읍면동 주민센터 또는 행정복지센터 또는 복지로 웹사이트(PC/모바일앱)에서 ‘서비스 신청’
3. 거주지 읍/면/동 주민센터, (온라인신청) 복지로 또는 복지로 웹사이트(PC/모바일앱)에서 ‘서비스 신청’
4. 담당 시/군/구청 또는 주소지 관할 시군구에서 조사 및 심사
5. 담당 시/군/구청 또는 주소지 관할 시군구에서 보장 결정
6. 이의가 있을 경우, 담당 시/군/구청 또는 주소지 관할 시군구에 이의 신청 접수
7. 담당 시/군/구청 또는 주소지 관할 시군구에서 대상자에게 서비스 제공
8. 담당 시/군/구청 또는 주소지 관할 시군구에서 서비스 제공 이후 대상자의 상황 관리",,,"국민연금공단: 1355
보건복지상담센터: 129","국민연금공단: http://www.nps.or.kr
보건복지상담센터: http://www.129.go.kr",기초연금법
WLF00001103,초중고 교육비 지원사업(고교학비 지원),교육부 학생지원총괄과,형편이 어려운 저소득층 가정의 자녀에게 교육의 기회를  보장하기 위해서 학비를 지원합니다.,2026,1544-9654,수시,"감면, 현물지급, 실물바우처","청소년, 아동",교육,"한부모·조손, 저소득","초중고 학생 교육비 지원 대상자는 다음과 같습니다.

저소득층 수급 자격을 보유하거나, 가구의 소득인정액이 지원기준에 해당하는 학생 * 단 시도교육청별로 지원 범위 상이
각 학교별 학교장 추천이 결정된 학생
법무부장관이 추천하는 난민 인정자 또는 그 자녀

아래에 해당하는 경우에는 지원에서 제외합니다.

공무원 및 기업체, 은행 등 직장에서 학비보조를 받는 자의 자녀
타 부처 및 지방자치단체, 공공기관 등의 학비지원 대상자의 자녀
일정 이상의 소득/재산이 있어 학비부담에 어려움이 없는 자의 자녀
기타 법령에 따라 학비 전액 또는 일부를 지원받고 있거나 받기로 예정된 학생","다음의 기준에 따라 대상자를 선정합니다.* 시도교육청 여건에 따라 예산의 범위 내에서 지원

(저소득층 수급 자격 기준) 학생 또는 학생이 속한 가구원 중 1인 이상이 아래 자격을 보유한 경우
- 생계급여/의료급여/주거급여/교육급여 수급자, 한부모가족보호대상자(법정한부모)
 - 법정 차상위 대상자(차상위 자활대상자, 차상위 본인 부담 경감 대상자, 차상위 장애 수당 대상자, 차상위 장애연금대상자, 차상위계층확인서발급 대상자)* 외국인 등록번호를 부여받은 경우에도 신청 가능
(소득인정액기준) 소득인정액이 시도교육감이 정하는 기준에 해당되는 가구
(학교장추천기준) 교육비 지원을 신청하고 소득재산 조사 후 탈락하였으나 증빙이 곤란한 경제적 어려움으로 교육비 지원이 필요한 경우 학생복지심사위원회를 거쳐 학교장 추천 대상자로 선정된 학생
(기타기준) 법무부장관이 추천하는 난민 외국인인정자 또는 그 자녀","고등학교입학금, 수업료, 학교운영지원비를 납부 면제합니다.
방과후 활동 지원을 위해 이용권을 지급합니다.
교육정보화 지원을 위해 PC 및 인터넷 설치를 지원합니다.","1. 거주지 읍/면/동 주민센터, 읍면동 또는 복지로 웹사이트(PC/모바일앱)에서 ‘서비스 신청’
2. 담당 시/군/구청 또는 시군구에서 조사 및 심사
3. 담당 시/군/구청 또는 학교에서 보장 결정
4. 담당 시/군/구청 또는 교육청에서 대상자에게 서비스 제공
5. 담당 시/군/구청 또는 학교/교육청에서 서비스 제공 이후 대상자의 상황 관리",,"임대차계약서 전•월세로 거주하는 경우 해당 전• 월세계약서﻿ 본인 소유 주택을 다른 사람에게 임대한(빌려준) 경우, 해당 전 •월세계약서﻿ 상가를 임대해서 사업체를 운영하는 경우, 해당 상가계약서﻿ 논• 밭 등 기타 재산을 빌려주거나 빌린 경우, 해당 임대차계약서﻿  공공기관 부채증명원 : 정부, 지자체, LH공사, 미소금융, 한국장학재단 등 공공기관에 대출이 있는 경우 해당 대출 증명서류﻿ 기타 부채증명서류 : 법원 판결 또는 법원의 화해 조정에 따라 개인간 채무가 확정된 경우, 해당 판결문﻿ 사용대차 확인서 : 친지 또는 타인의 주택에 무상으로 거주하는 경우, 집주인이 확인한 사용대차 확인서, 가족관계증명","교육비 원클릭 신청 시스템 상담센터: 1544-9654
서울특별시교육청: 02-1396
경기도교육청 교육정보화 담당자: 031-820-0554
강원특별자치도교육청(교육비, 교육정보화): 033-259-0883
인천광역시교육청: 032-420-8445
부산시교육청 교육정보화담당: 051-860-0764
세종시교육청: 044-320-3313
전남교육청: 061-260-0076
경남교육청: 055-210-5179
충남교육청(교육정보화): 041-640-6933
전북교육청(교육비,교육정보화): 063-239-3364
충북교육청(교육정보화): 043-290-2888
제주교육청(교육급여,고교학비): 064-710-0604
경북교육청(고교학비,교육급여): 054-805-3806
광주광역시교육청(교육급여,교육비): 062-380-4010~4011
대구광역시교육청: 053-231-0752
대전광역시교육청: 042-616-8802~3,5
울산광역시교육청: 052-210-2867",교육비 원클릭 신청 시스템 상담센터: https://oneclick.moe.go.kr,초ㆍ중등교육법
WLF00001091,국가유공자의료급여증발급,국가보훈부 보훈의료정책과,저소득 국가유공자와 가족들의 의료비 부담 경감을 위해 국가유공자 의료급여증을 발급합니다.,2026,1577-0606,수시,프로그램/서비스(서비스),,"정신건강, 신체건강","보훈대상자, 저소득","아래 대상자에 대해 의료급여증을 발급합니다.

「독립유공자 예우에 관한 법률 」,「국가유공자 등 예우 및 지원에 관한 법률」및 「보훈보상대상자 지원에 관한 법률」의 적용을 받고 있는 사람과 그 가족으로서 국가보훈부장이 의료급여가 필요하다고 추천한 사람 중 보건복지부장관이 의료급여가 필요하다고 인정한 사람
국가보훈부장 추천 후, 보건복지부 장관이 의료급여가 필요하다고 인정한 경우 의료급여증을 발급

보장가구 구성 및 가족의 범위는 수권자 및 그 가족을 대상으로 합니다. 

주민등록표에 기재된 자로 생계나 주거를 같이 하는 자에게 지원 (「민법」상 가족의 범위에 속하지 않는 동거인은 제외)
동일 주민등록표에 기재되지 아니하였더라도 배우자와 30세 미만 미취업 미혼 자녀는 포함
외국인의 범위, 보장가구 제외자 범위 등은 국민기초생활보장법 준용","소득인정액(기준 중위소득)이 산정기준에 해당하는 자를 지원합니다. 

일반 가구 : 기준 중위소득 80% 이하인 경우
취약 가구 : 기준 중위소득 100% 이하인 경우
 * 취약가구 : 18세 미만, 65세 이상, 장애정도가 심한 장애인 및 국가유공자 등 상이등급 1~3급인 사람으로만 구성된 가구
  장애정도가 심한 장애인 : 19.7.1일 전 장애4급으로서 취약가구 적용을 받고 있는 가구는 기존 수급권 보호
   국가유공자 등 상이등급 1~3급인 사람 : 「국가유공자 등 예우 및 지원에 관한 법률 시행령」 제14조제3항에 해당하는 자 중 3급 이상(1~3급)의 상이등급 해당자
상이1급자 특례 : 계속보호대상자 중 재산소득기준 적용 없이 지원(본인)
국가유공자 의료특례(본인)

소득인정액 산정방식은 다음과 같습니다.

소득인정액 = 소득평가액 + 재산의 소득환산액
소득평가액 = 실제소득 - 가구특성별 지출비용 - 근로소득공제* 근로소득공제 : 상시  일용 근로 소득 일부 공제
재산의 소득환산율
- 일반재산, 금융재산, 자동차에 대해 연4%적용(월 0.333%)
- 소득 재산 확인 결과, 공제후 금융재산 총액이 250백만원 이상일 경우 의료급여 제외
- 기본재산 공제 : 대도시(13,500만원), 중소도시(8,500만원), 농어촌(7,250만원)
- 금융재산 공제 : 가구당 2,000만원
- 자동차 공제 : 상이 1~7급의 2,000cc이하 자동차 1대 재산산정 제외 - 보훈부 자체 대출이 있는 경우 잔액(대출)증명서 제출시 부채로 반영
공적소득 공제 : 보훈부 지급 간호수당, 생활조정수당을 공제
2023.1.1. 부터 근로능력유무에 따라 의료급여 1,2종 구분","의료급여증을 발급하여 개인의 질병, 부상 등에 대한 의료서비스를 제공합니다.(진찰, 검사, 약제, 치료재료 지급, 수술, 입원 등)","1. 거주지 읍/면/동 주민센터, 보훈(지)청에서 ‘서비스 신청’
2. 담당 시/군/구청 또는 시군구청에서 조사 및 심사
3. 담당 시/군/구청 또는 보훈(지)청에서 보장 결정
4. 담당 시/군/구청 또는 지방자치단체에서 대상자에게 서비스 제공
5. 담당 시/군/구청 또는 보훈(지)청에서 서비스 제공 이후 대상자의 상황 관리",1. 관할 보훈청에 방문 신청 2. 정부24에서 신청,"의료급여증 (신규발급, 추가발급, 재발급) 신청서 (의료급여법 시행규칙 : 별지서식 8호)""의료급여증 (신규발급, 추가발급, 재발급) 신청서 (의료급여법 시행규칙 : 별지서식 8호)",국가보훈부 상담센터: 1577-0606,국가보훈부 상담센터: www.mpva.go.kr,의료급여법
WLF00003265,장애수당,보건복지부 장애인자립기반과,장애인연금 비수급 경증장애인을 대상으로 장애로 인한 추가적 비용을 보전하여 저소득 장애인 가구의 생활 안정을 도모합니다.,2026,129,월,현금지급,"노년, 중장년, 청년",생활지원,"장애인, 저소득","18세 이상의 등록한 장애인 중 「장애인연금법」상 중증장애인이 아닌 국민기초생활보장수급자 및 차상위 계층에게 지원합니다.

장애인연금법상 중증장애인이란? 장애인연금법 제2조 제1호, 같은 법 시행령 제2조, 장애정도 판정기준(보건복지부 고시 제2025-228호) 제5장 장애인연금 수급을 위한 중증장애인 판정기준에 해당하는 자

소득인정액, 연령, 기타 기준은 선정기준의 내용을 참고해주시기 바랍니다.","국민기초생활보장 수급자 및 차상위계층을 대상으로 합니다.

가구의 범위는 국민기초생활보장제도의 가구 범위와 동일하게 적용하며, 「가정 해체 방지를 위한 별도 가구 특례」적용이 가능합니다.

소득인정액 산정방식은 국민기초생활보장제도(생계급여)의 방식을 적용합니다. ※ 다만, 차량가액 산정방식은 주거.교육급여 기준 적용
차상위 계층 선정 기준은 소득인정액이 기준 중위소득 50% 이하인 경우로, 2026년 기준 4인 가구 3,247,369원 이하입니다. ※ 부양의무자 기준은 적용하지 아니함
소득인정액 기준은 다음과 같습니다.

소득인정액 : 기준중위소득 50% 이하
소득인정액 = 소득평가액 + 재산의 소득환산액
소득평가액 = 실제소득 - 가구특성별 지출 - 근로소득공제
재산의 소득환산액 = {(일반/금융재산의 종류별가액-기본재산액-부채)+승용차 재산가액}  재산의 종류별 소득환산액

연령 기준은 다음과 같습니다.

신청 월 현재18세 이상인 자*, 다만, 18~20세로서「초중등교육법」 제 2조에 따른 학교**에 재학(휴학도 포함) 중인 자는 제외
 * 신청일이 속하는 월의 말일까지 18세가 되는 자 포함 ** 「장애인 등에 대한 특수교육법」에 따른 학교도 포함

기타 기준은 다음과 같습니다.

신청일 현재 「장애인복지법」제32조에 따라 등록한 장애인
 - 장애정도 : 장애인연금법 상 중증장애인에 해당하지 않는 자 - 단, 아래의 경우는 장애 정도 재심사를 면제함","기초수급(생계,의료,주거,교육급여) 및 차상위계층에게 월 6만원의 장애수당을 지급합니다.
보장시설 수급자(생계, 의료급여)에게 월 3만원의 장애수당을 지급합니다.","1. 거주지 읍/면/동 주민센터, 전국 읍·면·동 주민센터 또는 복지로 웹사이트(PC/모바일앱)에서 ‘서비스 신청’
2. 담당 시/군/구청 또는 시·군·구에서 조사 및 심사
3. 담당 시/군/구청 또는 시·군·구에서 보장 결정
4. 담당 시/군/구청 또는 시·군·구에서 대상자에게 서비스 제공
5. 담당 시/군/구청 또는 시·군·구에서 서비스 제공 이후 대상자의 상황 관리",1. 주민센터 방문 신청 2. 복지로 신청1. 주민센터 방문 신청 2. 복지로 신청,,"전국 읍·면·동 주민센터: 전국 읍·면·동 주민센터
보건복지상담센터: 129",보건복지상담센터: http://www.129.go.kr,장애인복지법
WLF00003249,장애인연금,보건복지부 장애인자립기반과,장애로 인하여 생활이 어려운 중증장애인에게 매월 일정금액의 연금을 지급하여 생활안정 지원과 복지 증진 및 사회통합을 도모합니다.,2026,129,월,현금지급,"중장년, 노년, 청년",생활지원,"저소득, 장애인","18세 이상의 등록한중중장애인 중 소득인정액이 보건복지부장관이 매년 결정고시하는 금액 이하인 경우에 지원합니다.

장애인연금법상의 중증장애인 : 장애정도판정기준(5장)에 따른 장애유형별 의학적 판정기준에 해당하는 사람이거나 장애정도를 2개 이상 받은 장애인으로서 그 장애정도 중 하나가 심한 사람
근거 :「장애인연금법」 제2조제1호, 「장애인연금법」 시행령 제2조, 장애정도판정기준(제5장 장애인연금 수급을 위한 중증장애인 판정기준)

소득인정액, 연령, 기타 기준은 선정기준의 내용을 참고해주시기 바랍니다.","신청하는 달을 기준으로 18세 이상을 대상으로 합니다.(신청일이 속하는 월의 말일까지 18세가 되는 자 포함)
본인과 배우자의 소득인정액과 재산의 소득환산액을 합산한 금액(소득인정액)이 선정기준액 이하이어야 합니다.

2026년 선정기준액은 단독가구 140만원, 부부가구 224만원 입니다.


소득인정액 산출 방식은 아래와 같습니다.

소득인정액 = ⓐ 월 소득평가액 + ⓑ 재산의 소득환산액
ⓐ 월 소득평가액 = (상시근로소득 ‑ 상시근로소득 공제)+(기타 월소득 합계)
 - 상시근로소득 공제 : 1인당(본인과 배우자 각각 적용) 월 95만원 기본공제 후 30% 추가 공제 (상시근로소득 반영액 = (상시근로소득 ‑ 95만원)70%)
 - 기타 월소득 합계 : 사업소득, 재산소득, 공적이전소득, 사적이전소득(무료임차소득)
 - 공적이전소득 : 각종 법령의 규정에 의해 정기적으로 지급되는 각종 수당연금급여기타 금품(국민연금, 공무원연금, 군인연금, 사립학교교직원연금, 산재급여 등)
 - 사적이전소득 : 고소득가구 중증장애인의 경제적 수준을 평가하기 위해 세대별 주민등록표를 같이하는 1촌의 직계 존비속(부모와 자녀)과 그 배우자(사위 또는 며느리)의 주택을 조회하여 추정하는 소득
 - 무료임차소득 : 중증장애인의 주민등록상 주소지의 주택이 세대별 주민등록표를 같이 하는 1촌의 직계 존비속(부모와 자녀)과 그 배우자(사위 또는 며느리) 소유로서 시가표준액 6억원 이상인 주택인 경우(단, 세대별 주민등록표를 달리 하는 경우, 전월세인 경우)
 * 산정방식 : 주택의 시가표준액  지분율  0.78% 12개월
ⓑ 재산의 월 소득환산액 = [{(일반재산-기본재산액 공제)+(금융재산-2,000만원)-(부채)} 재산의 소득환산율(연 4%)12개월] + (고급자동차, 고가회원권의 재산가액)
 - 기본재산액 공제 : 대도시 1억 3,500만원, 중소도시 8,500만원, 농어촌 7,250만원
 - 금융재산 공제 : 가구별 2,000만원(인당 적용하는 것이 아님)
 - 고급자동차, 각종회원권의 재산가액은 월 100% 소득으로 환산하여 적용됨(일반재산에서 제외) * 고급자동차의 기준 :  차량가액이 4,000만원 이상 승용차, 승합차 또는 이륜차로서  차령이 10년 미만인 차량
공제액이 해당 소득재산을 초과하는 경우 해당항목은 0원으로 처리, 남는 금액으로 금융재산을 공제하지 않음에 유의


다음의 직역연금 요건에 해당 시, 장애인연금 수급대상에서 제외합니다.

공무원, 사립학교교직원, 군인, 별정우체국직원 등 직역연금 수급권자 및 그 배우자
다만, 다음 조건에 해당하는 경우에는 장애인연금 수급대상에 포함합니다.
  직역재직기간 10년 미만인 연계퇴직연금수급권자 및 그 배우자  장해일시금, 비공무상 장해일시금, 비직무상 장해일시금, 퇴직유족연금일시금, 퇴직유족일시금(공무상 사망 등에 따라 순직유족연금 대신 받은 경우 또는 직무상유족연금을 갈음하여 선택한 경우)을 받은 이후 5년이 경과된 직역연금 수급권자 및 그 배우자","(기초급여) 18세~65세가 되는 전달까지 수급권을 유지하고 있는 자에게 지급합니다. ※ 개인의 상황에 따라 연금액은 차이가 있을 수 있음

(18~64세) 2026년 기준 매월 349,700원을 지급합니다.(감액이 없는 최고 지급액 기준)
(65세 이상) 동일한 성격의 급여인 기초연금으로 전환하여 지급하고, 기초급여는 지급하지 않습니다. - 65세가 되는 달의 전달까지 기초급여 지급, 65세가 되는 달부터 기초연금 지급(별도 신청 필요)
(부부감액) 부부가 모두 기초급여를 받는 경우에는 각각의 기초급여액에 20%를 감액하여 지급합니다. - 부부감액 시, 기초급여액 지급 예시 : (349,700원80%)= 279,760원(1인 기준)
(초과분 감액) 약간의 소득인정액 차이로 인해 발생하는 기초급여를 받는 자와 못 받는 자의 소득역전을 방지하기 위해 기초급여액의 일부를 단계별로 감액하여 지급합니다.
 - 초과분 감액 대상자 : (소득인정액 + 기초급여액)  선정기준액
 - 부부 2인 수급자의 경우 초과분 감액 대상자 : (소득인정액 + 부부감액한 기초급여액)  선정기준액 - 선정기준액과 소득인정액의 차액에 따라 2만원 단위로 절삭하여 지급
1인 수급 시, 차액(2만원 이하~34만원 초과)에 따라 2만원 단위로 최소 2만원에서 최대 349,700원을 지급합니다.
2인 수급 시, 차액(4만원 이하~52만원 초과)에 따라 4만원 단위로 최소 4만원에서 최대 559,520원을 지급합니다.
종전 장애수당 수급자 및 국민기초생활수급자는 부부감액은 적용, 초과분감액은 미적용합니다.
기초급여 특례수급자(직역연금 수급자)는 부부감액, 초과분감액 모두 적용합니다.

(부가급여) 18세 이상 장애인연금 수급자 중 기초생활보장(생계의료주거교육급여) 수급자와 차상위계층, 차상위 초과자에게 지급합니다.

기초생활보장수급자(일반/ 생계, 의료수급) : 65세 미만9만원, 65세 이상 439,700원
보장시설수급자(일반/ 생계, 의료수급) : 65세 미만 0원, 65세 이상 0원
보장시설수급자(급여특례/ 생계, 의료수급) : 65세 미만 0원, 65세 이상 8만원
차상위계층(일반/ 주거, 교육수급) : 65세 미만 8만원, 65세 이상 8만원
차상위계층(급여특례/ 주거, 교육수급) : 65세 미만 -원, 65세 이상 15만원
차상위초과(일반) : 65세 미만 3만원, 65세 이상 5만원","1. 거주지 읍/면/동 주민센터, 읍면동 또는 복지로 웹사이트(PC/모바일앱)에서 ‘서비스 신청’
2. 담당 시/군/구청 또는 시군구에서 조사 및 심사
3. 담당 시/군/구청 또는 시군구에서 보장 결정
4. 담당 시/군/구청 또는 시군구에서 대상자에게 서비스 제공
5. 담당 시/군/구청 또는 시군구에서 서비스 제공 이후 대상자의 상황 관리",1. 주민센터 방문 신청 2. 복지로 신청1. 주민센터 방문 신청 2. 복지로 신청,,보건복지상담센터: 129,보건복지상담센터: http://www.129.go.kr,장애인연금법
WLF00003225,환경보건이용권,환경부 환경보건정책과,"환경보건이용권(10만원 상당 포인트)을 통해 기초생활수급자 13세 미만 어린이에게 환경성질환 예방용품, 청소서비스, 건강체험, 진료비 지원 및 실내환경 유해인자 진단·컨설팅 등 지원합니다.",2026,1544-0331,년,"프로그램/서비스(서비스), 현물지급",,"안전·위기, 주거, 생활지원, 신체건강","저소득, 한부모·조손, 장애인","환경유해인자 노출에 민감한 취약계층 어린이에게 환경보건 서비스를 지원합니다.

기초생활수급자 또는 차상위계층 13세 미만 어린이(2014.1.1. 이후 출생자) - 상품서비스진료비 10,000명,실내환경 컨설팅 1,000명 지원","지원대상, 신청방법의 내용을 참고해주시기 바랍니다.","상품서비스진료비 

환경보건이용권 온라인몰 내환경성질환 예방상품(아토피로션, 곰팡이제거제 등), 서비스(살균청소,건강나누리캠프)을 포인트(10만원 상당) 한도 내 이용 가능 ※ 포인트는 선정자 발표 후 7일 이내 일괄 지급, 계정별 선정자 다수인 경우 포인트 합산 지급
진료비 지원 : 환경성질환 질병코드에 한하여 대상자의 환경성 진료비, 약제비 실비 지원
 ※ 환경성질환 질병 코드 : 아토피성 피부염(L20), 혈관운동성 및 알레르기성 비염(J30), 천식(J45), 천식지속상태(J46) ※ 환경보건이용권시스템에서만 이용 가능하며 증빙서류 검토 후 진료비･약제비 비용 환급 가능
상품서비스 이용 : 환경보건이용권시스템에서 및온라인을 통해 이용
 ※ 서비스 이용을 위해서는 환경보건이용권시스템 내 지급받은 포인트를 온라인 전용 포인트로 전환 후 사용 ※ 포인트 전환 후 온라인몰에서 환경보건이용권시스템으로 재전환 불가하므로 진료비 정산 희망 시 해당 금액만큼 제외하고 온라인몰로 포인트 전환 필요
건강나누리 캠프는 온라인몰에서 신청가능(선착순*)하며 캠프 개최 전 신청 기간(캠프 개최 전월 1일 09:00~15일 18:00)동안은 포인트 차감 없이 취소 가능
  ※ 신청 프로그램 일정, 장소, 대상자 명단 등 모두 입력 시 접수 완료
이용기간
  가. (1차) '26.4.18. ~ 7.31  나. (2차) '26.8.8. ~ 10.30  * 미사용포인트는 이월 및 환급이 불가하며 소멸예정
이용권 한도 초과분에 대해서는 본인 부담 결제 필요


실내환경 컨설팅

실내환경 컨설팅 대상자는 별도 포인트 발급 없이 컨설팅 진행
전문인력(2인1조)이 가정을 방문하여 환경유해인자, 외기상태, 실내구조 등을 측정점검, 결과 및 저감관리 방안 안내(※ 방문 시, 환경성 질환 예방 용품 제공)
 - 실내공기질 측정분석원(1인) : 환경유해인자 측정 및 외기 상태, 실내 구조 등 전반적인 실내환경에 대한 시각 자료 생성 등 
 - 환경보건 컨설턴트(1인) : 시설환경, 시설관리 등 설문조사 실시 후, 환경유해인자 저감관리 방안 및 건강영향분석 결과 안내
 - 실내개선 : 컨설팅, 환경유해인자 측정 결과를 바탕으로 전문가 선정위원회를 통해 개선이 시급한 250명을 선정하여 벽지장판 등 실내환경 개선 지원 예정  ※개선공사 시, 사회공헌기업 후원 물품(벽지, 장판 등) 활용
이용방법 :이용자와 유선을 통한 방문일정 조율 후 환경보건컨설턴트가 방문하여 환경유해인자 진단･측정 및 환경성질환 예방 컨설팅 제공
지원절차 : 진행절차, 일정 등 진행상황은 환경보건이용권시스템에서 확인 가능 - 대상자 선정 후 현장 방문 2주 전 유선을 통한 방문 일정 조율 후 방문 컨설팅 실시 예정(5~8월)","1. 거주지 읍/면/동 주민센터, 특별시청, 광역시청, 도청의 환경과에서 ‘서비스 신청’
2. 담당 시/군/구청 또는 한국환경산업기술원에서 조사 및 심사
3. 담당 시/군/구청 또는 기후에너지환경부에서 보장 결정
4. 담당 시/군/구청 또는 한국환경산업기술원에서 대상자에게 서비스 제공
5. 담당 시/군/구청 또는 한국환경산업기술원에서 서비스 제공 이후 대상자의 상황 관리",환경보건이용권 홈페이지에서 신청환경보건이용권 홈페이지에서 신청,,"환경보건이용권 콜센터: 1544-0331
한국환경산업기술원 환경피해예방실: 02-2284-1813, 1827","환경보건이용권 홈페이지: www.ehtis.or.kr/ecovoucher
한국환경산업기술원 환경피해예방실: www.keiti.re.kr
기후에너지환경부 환경보건정책과: www.mcee.go.kr","환경보건법
환경보건법"
WLF00003277,취업 후 상환 학자금대출,교육부 청년장학지원과,대학 학자금 마련에 어려움을 겪는 학생들에게 저리의 학자금대출을 지원하여 취업 후 일정기준의 소득이 발생한 때부터 상환할 수 있도록 합니다.,2026,1599-2000,반기,현금대여(융자),"중장년, 청년","서민금융, 교육",저소득,"교육부 및 한국장학재단과 협약을 체결한 국내 고등교육기관의 학부생, 대학원생을 대상으로 지원합니다.","학부생 지원 기준은 다음과 같습니다.

만 35세 이하 학생(소득구간 제한 없음)
생활비 대출 : 학자금지원 8구간 이하(기준중위소득 200% 이하) 또는 9구간 중 긴급생계곤란자이면서 만 35세 이하 학생
* 다자녀(3자녀 이상)가구 및 자립준비청년 학부생의 경우 소득 무관* 선취업 후진학자 등은 만 45세 이하
직전학기 12학점 이상 이수 (신입생, 장애인은 적용 제외)

대학원생 지원 기준은 다음과 같습니다.

등록금 대출 : 만 40세 이하 학생(소득구간 제한 없음)
생활비대출 : 학자금 지원 6구간 이하(기준중위소득의 130% 이하)이면서 만 40세 이하 학생","대출 항목별 대출한도는 다음과 같습니다.

(등록금 대출) 등록금 소요액 전액(당해학기 소요액 전액 / 대학원은 총한도 있음)
(생활비 대출) 2026학년도 연400만원(학기당200만원)

대출금리는 연 1.7% 입니다. (고정금리, 2026학년도 1학기 기준)

기초, 차상위 및 다자녀 가구 학생은 졸업 시점까지 또는 연간 소득금액이 상환기준 소득을 초과하기 전까지 등록금 및 생활비 대출 이자 면제
자립준비청년은 졸업 시점까지 또는 연간 소득금액이 상환기준 소득을 초과하기 전까지 등록금 및 생활비 대출 이자 면제(26.5.12.~)
기준 중위소득 이하 학생은 연간 소득금액이 최초로 상환기준소득을 초과하기 전까지(졸업후 2년의 범위에서) 등록금 및 생활비 대출 이자 면제(~26.6.30.)
기준 중위소득 130% 이하 학생은 졸업 시점까지 또는 연간 소득금액이 상환기준 소득을 초과하기 전까지 등록금 및 생활비 대출 이자 면제(26.7.1.~)

대출기간 : 연간소득금액이 상환기준소득금액(26년 기준 연소득 3,037만원) 이하일 경우 원리금 상환 유예, 초과 시 의무상환 개시","1. 거주지 읍/면/동 주민센터, 한국장학재단에서 ‘서비스 신청’
2. 담당 시/군/구청 또는 보건복지부에서 조사 및 심사
3. 담당 시/군/구청 또는 한국장학재단에서 보장 결정
4. 이의가 있을 경우, 담당 시/군/구청 또는 한국장학재단에 이의 신청 접수
5. 담당 시/군/구청 또는 한국장학재단에서 대상자에게 서비스 제공
6. 담당 시/군/구청 또는 한국장학재단에서 서비스 제공 이후 대상자의 상황 관리", 서류제출현황에서 제출대상여부 확인 - 제출 대상일 경우 학자금 대출 신청서 제출,한국장학재단 고객센터: 1599-2000,한국장학재단 고객센터: 1599-2000,한국장학재단 고객센터: www.kosaf.go.kr,"취업 후 학자금 상환 특별법
한국장학재단 설립 등에 관한 법률"
WLF00001060,대학생 근로장학금 지원,교육부 청년장학지원과,저소득층 대학생에게 근로 기회를 제공하고 그에 따른 대가(장학금)를 지급하여 안정적인 학업 여건을 조성합니다.,2026,1599-2290,월,현금지급,청년,"생활지원, 교육","장애인, 다문화·탈북민, 다자녀, 보훈대상자, 저소득",대한민국 국적을 소지한 사업 참여대학의 재학생을 대상으로 합니다. (입학예정자 포함),"기본 선발 요건은 다음과 같습니다.
- (성적기준) 직전학기 성적 C0 수준(70점/100점 만점) 이상- (소득기준) 학자금 지원 9구간 이하 대학생
우선선발 기준은 다음과 같습니다.

(경제적 수준)
- (1순위) 학자금 지원 4구간 이하(기초생활수급자, 차상위계층 포함)
- (2순위) 학자금 지원 5구간 이상 6구간 이하- (3순위) 학자금 지원 7구간 이상 9구간 이하
(우선선발 대상)
- 장애인
- 다자녀가정 자녀
- 다문화탈북가정 자녀
- 국가보훈대상자(본인 및 유가족)
- 부모 중 한 분이 장애인중증환자인 학생
- 학업육아 병행 학생
- 자립준비청년(구, 보호종료아동)
- 청소년 쉼터 퇴소 학생- 가족돌봄청년

대학은 기본 선발 요건을 충족하는 학생에 대해 우선선발 기준을 고려한 대학 자체선발기준을 수립하여 대학별 배정예산 내에서 선발합니다.","근로시간에 따라 매월 지급합니다.- (교내근로) 시간당 10,320원 / (교외근로) 시간당 12,790원 
최대 인정 근로시간은 다음과 같습니다.
- (학기 당) 640시간
- (학기 중) 월당 최대 80시간 / (방학 중) 주당 최대 40시간
- 장애대학생 봉사유형 및 취업연계유형 근로학생, 야간대(야간학과)원격대학 학생, 농어촌지역(읍면리 소재) 교외근로 학생에 한해 학기 중 주당 40시간까지 활동가능
기타 장학금과 중복수혜가 가능합니다.- 단, 대학생 근로장학사업(국가근로장학금, 대학생 청소년 교육지원, 다문화탈북학생 멘토링장학금) 내 중복참여 불가","1. 거주지 읍/면/동 주민센터, 한국장학재단에서 ‘서비스 신청’
2. 담당 시/군/구청 또는 한국장학재단에서 조사 및 심사
3. 담당 시/군/구청 또는 한국장학재단에서 보장 결정
4. 담당 시/군/구청 또는 한국장학재단에서 대상자에게 서비스 제공
5. 담당 시/군/구청 또는 한국장학재단에서 서비스 제공 이후 대상자의 상황 관리",,,한국장학재단 상담센터: 1599-2290,한국장학재단 상담센터: http://www.kosaf.go.kr/,교육기본법
WLF00001089,교육급여(맞춤형 급여),교육부 학생지원총괄과,생계유지 능력이 없거나 생활이 어려운 자에게 필요한 교육급여를 지급하여 빈곤층 교육비 부담을 경감하고 실질적인 교육기회를 보장합니다.,2026,1599-2000,년,"기타, 전자바우처(바우처)","청소년, 아동",교육,저소득,"다음 각 호의 학교 또는 시설에 입학 또는 재학하는 기초생활보장 수급자
- 「초중등교육법」 제2조제1호에 따른 초등학교공민학교
- 「초중등교육법」 제2조제2호에 따른 중학교고등공민학교
- 「초중등교육법」 제2조제3호에 따른 고등학교고등기술학교
- 「초중등교육법」 제2조제4호에 따른 특수학교
- 「초중등교육법」 제2조제5호에 따른 각종학교로서 제1호 내지 제4호와유사한 학교
- 「평생교육법」 제31조에 따른 학교형태의 평생교육시설(고등학교 졸업 이하의 학력이 인정되는 시설에 한함)
「의사상자 등 예우 및 지원에 관한 법률」 제12조에 따른 의사상자의 자녀","소득인정액이 기준중위소득의 50% 이하인 가구의 초중고등학생을 지원합니다.
교육급여는 부양의무자 기준을 적용하지 않습니다.","초중고등학생 교육활동지원비와 입학금, 수업료,교과서비를지원합니다.

(초등학생) 교육활동지원비 502,000원(연 1회)
(중학생) 교육활동지원비 699,000원(연 1회)
(고등학생)
 - 교육활동지원비 : 860,000원(연 1회)
 - 교과서 : 해당 학년의 정규 교육과정에 편성된 교과목의 교과서 전체(연1회) * 입학금, 수업료, 교과서비는 수급학생 재학교에 실비 지급","1. 거주지 읍/면/동 주민센터, 읍면동 또는 복지로 웹사이트(PC/모바일앱)에서 ‘서비스 신청’
2. 담당 시/군/구청 또는 시군구에서 조사 및 심사
3. 담당 시/군/구청 또는 학교에서 보장 결정
4. 담당 시/군/구청 또는 한국장학재단에서 대상자에게 서비스 제공
5. 담당 시/군/구청 또는 시도교육청에서 서비스 제공 이후 대상자의 상황 관리","주민센터 복지로, 교육비원클릭신청시스템 신청""주민센터 복지로, 교육비원클릭신청시스템 신청",,한국장학재단 고객센터: 1599-2000,"한국장학재단 고객센터: www.kosaf.go.kr
보건복지부: www.mohw.go.kr",국민기초생활 보장법
WLF00003283,아동통합서비스지원(드림스타트사업),보건복지부 아동보호자립과,취약계층 아동에게 맞춤형 통합서비스를 제공하여 아동의 건강한 성장과 발달을 도모합니다.,2026,02-6454-8500,수시,프로그램/서비스(서비스),"영유아, 아동","생활지원, 정신건강, 신체건강, 안전·위기","저소득, 한부모·조손, 다문화·탈북민","0세(임산부) 이상12세 이하(초등학생 이하) 취약계층 아동 및 가족을대상으로 합니다.

(기본대상) 「아동복지법」 제37조제1항제1호 「국민기초생활보장법」에 따른 수급자 또는 차상위계층, 「한부모가족지원법」 제5조 및 제5조의2에 따른 한부모가정, 가족돌봄아동 등 위기아동청년 지원에 관한 법률 제2조 및 제13조에 따른 가족돌봄아동 등 등
(특화대상) 사회적으로 취약한 법정한부모 외 한부모가정, 다문화가, 조손가정* 특화대상은 농산어촌 기초단체만 적용

13세 이상의 초등학교 재학 아동을 사업대상으로 포함 가능합니다.","사업지역에 거주하는 해당 연령 아동과 그 가족, 임산부(0세)를 대상으로 아동 양육환경 및 발달 상태에 대한 사정을 통해 개입이 필요한 아동을 서비스 대상 아동으로 선정합니다.","(기본서비스) 모든 드림스타트 사례관리 대상에게 직접 제공합니다.
- 가정방문을 통한 서비스 대상 아동 발굴- 통합사례관리
(필수 및 맞춤 서비스) 사정 결과에 따라 서비스 연계 등 맞춤형서비스를 제공합니다.

(필수서비스) 아동의 전인적 발달을 지원하기 위해 반드시 필요한 서비스로 모든 드림스타트 사례관리 대상에게 제공
- 드림스타트에서 지원되고 있는 서비스 중 아동발달 영역별(신체/건강, 인지/언어, 정서/행동, 부모의 양육) 목표를 달성하기 위해 필수적인 핵심 프로그램 요소를 선별
- (아동) 건강검진(성장발달스크리닝 포함), 예방접종, 영양교육, 응급처치교육, 아동권리교육, 인터넷 중독 및 예방 교육, 소방 및 안전교육, 학대 및 (성)폭력 예방 교육(총 8종)
- (임산부) 산전 및 산후 검진, 예비부모 교육(총 2종)- (부모) 자녀발달 및 양육 교육(총 1종)
(맞춤서비스) 사정 결과에 따라 대상자 별로 지원하는 맞춤형 서비스로, 기본 및 필수서비스 이외의 서비스를 제공

(기타 서비스)- 후원개발: 물품지원 및 후원자 연계 등","1. 거주지 읍/면/동 주민센터, 시군구에서 ‘서비스 신청’
2. 담당 시/군/구청 또는 시군구에서 조사 및 심사
3. 담당 시/군/구청 또는 시군구에서 보장 결정
4. 담당 시/군/구청 또는 시군구에서 대상자에게 서비스 제공
5. 담당 시/군/구청 또는 시군구에서 서비스 제공 이후 대상자의 상황 관리",시군구/읍면동 주민센터 방문 신청시군구/읍면동 주민센터 방문 신청,,"아동권리보장원 발달지원부(드림스타트 담당): 02-6454-8500
보건복지상담센터: 129","아동권리보장원 발달지원부(드림스타트 담당): http://www.dreamstart.go.kr
보건복지상담센터: http://www.mohw.go.kr",아동복지법
WLF00001115,노인 개안수술비 지원,보건복지부 노인건강과,노인 개안수술비 지원을 통해 노인 및 가족의 의료비 부담을 경감합니다.,2026,02- 718-1102,1회성,현물지급,노년,신체건강,저소득,"(노인 안검진) 만 60세 이상의 노인을 대상으로 하되, 저소득층을 우선 지원합니다.
(노인 개안수술) 만 60세 이상 노인 중,수술대상(백내장, 망막질환, 녹내장 등 기타 안질환) 안질환자를 지원합니다.","'노인 안검진' 대상자 우선순위는 다음과 같습니다. 

안과 전문의가 없는 읍/면/동 지역의 만 60세 이상 기초생활보장 수급권자
시/도지사가 안과 병/의원 접근도가 특히 낮다고 인정한 지역의 만 60세 이상 기초생활보장 수급권자
최근 2년 이내에 노인건강검진에서 안과 검진이 제외된 지역의 만 60세 이상 기초생활보장 수급권자
기타 시/도지사가 선정한 지역의 만 60세 이상 기초생활보장 수급권자 및 차상위계층
기타 자치단체장이나 보건소장이 노인안검진이 필요하다고 인정하는 만 60세이상의 노인
단, 검진대상자가 계획인원보다 많을 경우 만 65세 이상의 저소득 노인을 우선으로 선정


'노인 개안수술비' 지원대상은 다음과 같습니다.

만 60세 이상 노인
다음의 수술대상 질환자
 가) (백내장) 안과전문의에 의한 백내장 진단을 받고 해당 눈 시력이 0.3이하인 환자
 나) (망막질환) 안과전문의에 의한 당뇨성 망막병증, 망막박리, 기타 망막질환의 진단을 받고 수술이 필요하다고 인정받은 환자
 다) (녹내장 등 기타 안질환) 안과전문의에 의한 진단을 받고 수술이 필요하다고 인정받은 환자 ※ 복시가 동반된 사시, 안검하수증 등 노인성 안질환에 대해 성형 목적 외 수술이 필요하다고 안과전문의가 인정하는 안질환은 지원 가능
「국민기초생활 보장법」에 따른 수급자 또는 차상위계층, 「한부모가족지원법」에 따른 지원대상자","'안검진 사업'의 검진항목은 다음과 같습니다. 

(1차 진단) 정밀 안저검사 1종
(2차 진단) 정밀 안저검사, 안압검사, 굴절검사 및 조절검사(안경 처방전 교부 포함), 각막 곡률검사 등 총 4종


'노인 개안수술비' 지원내용은 다음과 같습니다. 

(수술비 지원액) 1안당 본인 부담금 전액
(지원범위) 수술비, 안구내주입술
 - 수술비 : 안과진료관련 초음파검사비 등 사전검사비 1회, 수술비, 수술관련 재료비(승인 후 2개월 이내)
 - 안구내주입술 : 1안당 2회, 사전검사비 2회 지원*(승인후 3개월 이내)* 다만, 2회차는 재단 별도 사업으로 지원 가능
(지원제외)
 - 간병비, 상급병실료, 제증명료, 보호자 식대 등 비급여 항목
 - 지원 대상자로 선정되기 이전에 발생한 의료비
 - 통원진료비
 - 특수렌즈(난시교정다초점조절성 인공수정체)
 - 해당 질환과 관련 없는 검사, 치료 및 입원료 등
 - 심장초음파 등 안과 이외의 검사비 - 신청 시 첨부한 진단서 및 소견서에 기재되지 않은 의료비","1. 거주지 읍/면/동 주민센터, 보건소에서 ‘서비스 신청’
2. 담당 시/군/구청 또는 보건소   에서 조사 및 심사
3. 담당 시/군/구청 또는 한국실명예방재단에서 보장 결정
4. 담당 시/군/구청 또는 한국실명예방재단에서 대상자에게 서비스 제공
5. 담당 시/군/구청 또는 보건복지부에서 서비스 제공 이후 대상자의 상황 관리",,기초생활수급자 및 차상위계층 증명서 한부모가족 증명서 (최근 1개월 이내),"한국실명예방재단: 02- 718-1102
보건복지상담센터: 129","한국실명예방재단: http://www.kfpb.org
보건복지상담센터: http://www.129.go.kr","노인복지법
노인복지법 시행령"
WLF00001104,한부모가족자녀 교육비 지원,교육부 학생지원총괄과,한부모가족보호대상자에게 고교비(학비)를 지원합니다.,2026,1544-9654,년,현금지급,"아동, 청소년",교육,"저소득, 한부모·조손",초중고에 재학 중인 한부모가족 보호대상자(한부모가족지원법상 한부모가족)를 대상으로 합니다.,소득인정액이 중위소득의 63% 이하인 한부모가족을 지원합니다.,초중고 입학금과 수업료를 지원합니다.,"1. 거주지 읍/면/동 주민센터, 읍면동 또는 복지로 웹사이트(PC/모바일앱)에서 ‘서비스 신청’
2. 담당 시/군/구청 또는 시군구에서 조사 및 심사
3. 담당 시/군/구청 또는 시군구에서 보장 결정
4. 담당 시/군/구청 또는 시군구에서 대상자에게 서비스 제공
5. 담당 시/군/구청 또는 읍면동에서 서비스 제공 이후 대상자의 상황 관리",1. 주민센터 방문 신청 2. 복지로 신청,,교육비 원클릭 신청 시스템 상담센터: 1544-9654,교육비 원클릭 신청 시스템 상담센터: https://oneclick.moe.go.kr,한부모가족지원법
WLF00000946,산림복지서비스이용권,산림청 산림복지교육과,사회·경제적 여건으로 산림복지 혜택을 받지 못하는 소외계층에게 산림복지서비스 체험 기회를 제공하여 삶의 질을 높일 수 있도록 돕습니다.,2026,1544-3228,1회성,전자바우처(바우처),,문화·여가,"한부모·조손, 장애인, 저소득","「산림복지 진흥에 관한 법률」제2조제3호 및 동법 시행령 제2조에 따른 산림복지소외자를 대상으로 합니다.

「국민기초생활 보장법」제2조제2호에 따른 기초생활수급자
「장애인 복지법」제49조제1항에 따른 장애수당 수급자
「장애인 복지법」제50조제1항에 따른 장애아동수당 수급자
「장애인 연금법」제2조제4호에 따른 장애인연금 수급자
「국민기초생활 보장법」제2조제10호에 따른 차상위계층
「한부모가족지원법」제5조에 따른 지원대상자",지원대상의 내용을 참고해주시기 바랍니다.,"산림복지서비스를 이용할 수 있는 이용권을 지원합니다.

(지원금액) 1인당 10만원 연1회 지급(바우처 카드 지급)
(신청기간) 2026년 1월 2일 ~ 2026년 1월 30일
(선정일) 2026년 2월 12일
(카드발급) 2026년 2월 20일(목) 14시 3월 24일(월)
- 본인 소유의 KB국민카드에 1인당 10만원 포인트 충전(재난지원금 방식)
- 비회원의 경우 신규카드 발급(선불카드 또는 KB페이 앱 다운)
※ 카드 발급신청 기간 내 특별한 이유 없이* 이용권 발급을 받지 않은 선정자는 사용 포기로 간주하고 해당 이용권을 차순위에게 발급함 * 전화, 문자 등의 수단으로 연락되지 않는(연락 두절) 사람, 카드 미발급자
(사용기간) 포인트 충전 또는 카드발급부터 2026년 11월 30일(예산 소진 시 까지)
- 사용기간 내 사용되지 않은 금액은 국가로 반납되며, 다음 연도로 이월되거나 현금으로 교환될 수 없음* 예산 조기 소진으로 이용권 사용 조기 마감될 수 있음('25년부터 이용권 사용 활성화를 위해 대상자 1.1배수 선발)
(사용처) 산림복지서비스제공자로 등록된 산림복지시설 및 산림복지전문업
 - 사용처는 이용권 홈페이지(www.forestcard.or.kr)에서 확인 가능
(사용범위) 산림복지서비스 프로그램 이용과 관련된 비용
- 산림복지서비스제공자로 등록된 시설(산림복지전문업 포함)의 입장료, 프로그램 체험료, 숙박비, 식비 등*비대면 산림복지서비스는 판매 대상을 중증장애인 등 교통약자로 제한
(이용권 고객지원센터) 1544-3228","1. 거주지 읍/면/동 주민센터, 한국산림복지진흥원에서 ‘서비스 신청’
2. 담당 시/군/구청 또는 한국산림복지진흥원에서 조사 및 심사
3. 담당 시/군/구청 또는 한국산림복지진흥원에서 보장 결정
4. 담당 시/군/구청 또는 한국산림복지진흥원에서 대상자에게 서비스 제공
5. 담당 시/군/구청 또는 한국산림복지진흥원에서 서비스 제공 이후 대상자의 상황 관리",1. 산림복지서비스이용권 홈페이지 신청 2. 우편신청림복지서비스이용권 홈페이지 신청 2. 우편신청,"""1. 산림 복지 이용권 발급 신청서 온라인 작성,     추가 서류 : 본인 - 해당없음, 가족 - 등본/가족관계증명서 & 신청인 신분증, 대리신청 - 위임장 2. 산림 복지 이용권 발급 신청서,     추가 서류 : 본인  - 신분증 사본, 가족 - 등본/가족관계증명서 & 신청인 신분증, 대리신청 - 대리신청인 신분증 사본 & 위임장""산림 복지 이용권 발급 신청서 온라인 작성",한국산림복지진흥원: 1544-3228,한국산림복지진흥원: https://www.forestcard.or.kr,산림복지 진흥에 관한 법률
WLF00003177,복권기금 꿈사다리 장학사업,교육부 학생지원총괄과,"복권기금을 재원으로 저소득층 우수 중·고생을 발굴, 대학까지 지원하여 교육의 희망사다리 기능을 강화합니다.",2026,1599-2290,월,전자바우처(바우처),청소년,"생활지원, 교육","저소득, 한부모·조손","「초중등교육법」상의 학교에 재학 중인 초5~고3 학생 중 역량과 잠재력이 있는 우수학생 등을 지원합니다.* (기본 요건) 학교 추천일 기준  국민기초생활수급자,  한부모가족 지원대상자,  법정 차상위계층 학생","2026년 기준은 다음과 같습니다.

(공통) 대한민국 국적 보유 / 국내 초중고 재학생(초5고3) / 만 24세 이하
(꿈장학금) 기초ㆍ차상위ㆍ한부모가족 지원대상자
(다문화장학금) 두가지 요건을 동시에 충족하는 자  기초ㆍ차상위ㆍ한부모 가족지원대상자  다문화가족에 해당하는 학생으로 학교장 추천을 받은자

교과성적 : 직전학년 성적

(초5~중1) 성적기준 미적용
(중2~고1) C등급이상
(고2) C등급 이상 또는 4등급이내
(고3) C등급 이상 또는 7등급이내

비교과 : 출결(직전학년)

(초5~중1) 미인정 결석 5일 미만
(중2~고3) 미인정 결석 10일 미만

비교과 : 봉사(직전학년)

(초5~중1) 봉사기준 미적용
(중2~고3) 5시간 이상※ 보다 자세한 사항은 한국장학재단 홈페이지 참고",매월 15-45만원의 장학금(학교급 및 유형별 차등지급)을 지원합니다.,"1. 거주지 읍/면/동 주민센터, 한국장학재단에서 ‘서비스 신청’
2. 담당 시/군/구청 또는 한국장학재단에서 조사 및 심사
3. 담당 시/군/구청 또는 한국장학재단에서 보장 결정
4. 담당 시/군/구청 또는 한국장학재단에서 대상자에게 서비스 제공
5. 담당 시/군/구청 또는 한국장학재단에서 서비스 제공 이후 대상자의 상황 관리","1. 거주지 읍/면/동 주민센터, 한국장학재단에서 ‘서비스 신청’
2. 담당 시/군/구청 또는 한국장학재단에서 조사 및 심사
3. 담당 시/군/구청 또는 한국장학재단에서 보장 결정
4. 담당 시/군/구청 또는 한국장학재단에서 대상자에게 서비스 제공
5. 담당 시/군/구청 또는 한국장학재단에서 서비스 제공 이후 대상자의 상황 관리",,한국장학재단 상담센터: 1599-2290,한국장학재단 상담센터: http://www.kosaf.go.kr/,한국장학재단 설립 등에 관한 법률
WLF00001179,노인 무릎인공관절 수술 지원 사업,보건복지부 노인건강과,무릎관절수술 지원을 통해 노인 건강을 보장하고 의료비 부담을 경감합니다.,2026,02-711-6599,1회성,현물지급,"중장년, 노년",신체건강,"한부모·조손, 저소득",무릎인공관절 수술이 필요한 만 60세 이상 저소득층 노인을 대상으로 지원합니다.,"(연령요건) 만 60세 이상
(대상질환) 건강보험급여 '인공관절치환술(슬관절)' 인정기준에 준하는 질환자
「국민기초생활 보장법」 기초생활수급자, 차상위계층, 「한부모가족지원법」에 따른 지원대상자","수술비 지원 범위 : 본인부담금에 해당하는 검사비, 진료비 및 수술비를 120만원 한도로 실비 지원합니다. (한쪽 무릎 기준 120만원 한도 실비 지원)


(지원제외) 간병비, 상급병실료, 선택진료비, 보호자 식대, 제증명료, 무릎인공관절수술과 관련이 없는 검사비, 치료비, 입원료 등, 지원대상자 통보 전 발생한 검사비, 진료비 및 수술비, 통원치료비
(중복지원 제외) 노인 무릎인공관절수술 지원사업의 지원 대상자로서 의료비 지원을 받은 경우, 실손 보험금 수령 및 기타 타기관과의 지원 중복 수령(긴급 복지의료지원 등)이 발생할 경우, 지원 선정 취소 및 향후 지원사업 참여 제한, 지원금 환수 조치 등 불이익을 받을 수 있음.","1. 거주지 읍/면/동 주민센터, 보건소에서 ‘서비스 신청’
2. 담당 시/군/구청 또는 보건소에서 조사 및 심사
3. 담당 시/군/구청 또는 노인의료나눔재단에서 보장 결정
4. 담당 시/군/구청 또는 노인의료나눔재단에서 대상자에게 서비스 제공
5. 담당 시/군/구청 또는 보건복지부에서 서비스 제공 이후 대상자의 상황 관리",1. 본인 신청 수술 전 시군구 보건소에 신청,무릎관절증 의료지원 신청서 진단서(소견서) 기초생활수급자 및 차상위계층 증명서용권 지원,노인의료나눔재단: 02-585-6595,노인의료나눔재단: www.ok6595.or.kr,"노인복지법
노인복지법 시행령"
WLF00003173,장애인스포츠강좌이용권 지원,문화체육관광부 장애인체육과,"장애인 대상 스포츠 참여 기회를 제공하여 삶의 질 향상, 사회적 소외감을 해소하여 사회통합에 기여합니다.",2026,1551-0078,월,"실물바우처, 전자바우처(바우처)","청소년, 청년, 아동, 중장년, 노년",문화·여가,"장애인, 저소득","5세~69세 등록 장애인을 지원합니다. * 단, 스포츠강좌이용권과 중복 지원하지 않습니다.","5세~69세 저소득층 장애인을 지원하며, 소득무관이나 저소득 및 유/청소년을 우선 선정합니다.",1인당 매월 11만원 범위 내의 스포츠강좌 수강료를 12개월간 지원합니다.,"1. 거주지 읍/면/동 주민센터, 국민체육진흥공단(온라인신청) 및 시군구 주민센터(방문신청)에서 ‘서비스 신청’
2. 담당 시/군/구청 또는 기초 자치단체에서 조사 및 심사
3. 담당 시/군/구청 또는 기초 자치단체에서 보장 결정
4. 이의가 있을 경우, 담당 시/군/구청 또는 기초 자치단체에 이의 신청 접수
5. 담당 시/군/구청 또는 국민체육진흥공단에서 대상자에게 서비스 제공
6. 담당 시/군/구청 또는 시도 자치단체에서 서비스 제공 이후 대상자의 상황 관리","1. 거주지 읍/면/동 주민센터, 국민체육진흥공단(온라인신청) 및 시군구 주민센터(방문신청)에서 ‘서비스 신청’
2. 담당 시/군/구청 또는 기초 자치단체에서 조사 및 심사
3. 담당 시/군/구청 또는 기초 자치단체에서 보장 결정
4. 이의가 있을 경우, 담당 시/군/구청 또는 기초 자치단체에 이의 신청 접수
5. 담당 시/군/구청 또는 국민체육진흥공단에서 대상자에게 서비스 제공
6. 담당 시/군/구청 또는 시도 자치단체에서 서비스 제공 이후 대상자의 상황 관리",,장애인스포츠강좌이용권 상담 문의(국민체육진흥공단): 1551-0078,장애인스포츠강좌이용권 홈페이지(국민체육진흥공단): http://dvoucher.kspo.or.kr,국민체육진흥법
WLF00006239,영양플러스 사업,보건복지부 건강증진과,"영양 취약계층인 임산부 및 영유아의 영양문제를 해소하고, 올바른 식생활을 유도하여 건강증진 및 삶의 질 제고를 도모합니다.",2026,129,년,기타,"임신 · 출산, 영유아","보호·돌봄, 신체건강, 임신·출산","다자녀, 저소득","소득인정액이 기준 중위소득 80%이하 가구 중 영양위험요인(빈혈, 저체중, 성장부진, 영양섭취불량 등)을 가진 임산부, 출산수유부, 영유아(만5세 까지)를 대상으로 지원합니다.",지원대상의 내용을 참고해주시기 바랍니다.,"개인별 영양 상태에 따라 영양보충식품(쌀, 감자, 달걀, 우유, 검정콩 등) 제공
건강한 식생활 관리방법과 영양문제 해결을 위한 교육 및 상담","1. 거주지 읍/면/동 주민센터, 보건소에서 ‘서비스 신청’
2. 담당 시/군/구청 또는 보건소에서 조사 및 심사
3. 담당 시/군/구청 또는 보건소에서 보장 결정
4. 이의가 있을 경우, 담당 시/군/구청 또는 보건소에 이의 신청 접수
5. 담당 시/군/구청 또는 보건소에서 대상자에게 서비스 제공
6. 담당 시/군/구청 또는 보건소에서 서비스 제공 이후 대상자의 상황 관리",주소지 관할 보건소 방문 신청주소지 관할 보건소 방문 신청,"주민등록등본, 건강 · 장기요양보험 납입영수증 등""주민등록등본, 건강 · 장기요양보험 납입영수증 등",보건복지상담센터: 129,공공보건포털 e보건소: https://www.e-health.go.kr,"국민영양관리법
국민건강증진법"
WLF00003238,의료급여수급권자 일반건강검진비 지원,보건복지부 건강증진과,"의료급여수급권자를 대상으로 일반건강검진, 의료급여생애전환기검진을 제공하여 건강증진을 도모합니다.",2026,1577-1000,수시,현물지급,"노년, 중장년, 청년",신체건강,저소득,"(일반건강검진) 의료급여수급권자 중 20~64세 세대주 및 세대원을 대상으로 합니다.
(의료급여생애전환기검진) 의료급여수급권자 중 66세이상 세대주 및 세대원을 대상으로 합니다.",지원대상을 참고해주시기 바랍니다.,"(일반건강검진) 고혈압, 당뇨 등 심뇌혈관질환을 조기 발견하여 치료 및 관리로 연계하기 위해 건강검진 서비스를 제공합니다.

문진 및 진찰, 흉부방사선, 요검사, 구강검진

(의료급여생애전환기건강검진) 성별연령별 특성에 적합한 맞춤형 건강진단 서비스를 제공합니다.


콜레스테롤검사 : 남성 24세 이상, 여성 40세이상 4년마다
간염검사 : 40세(B형간염), 56세(C형간염)세
폐 검사 : 56세, 66세
골밀도 검사 : 54세, 66세 여성
인지기능장애 : 66세 이상 2년 마다
정신건강검사(우울증) : 일반건강검진 대상자 중 20~34세(2년마다), 35~39세(1회), 40~49세(1회), 50~59세(1회), 60~69세(1회), 70~79세(1회) ※ 조기정신증 : 20세~34세 (2년마다)
생활습관평가 : 40,50,60,70세
노인신체기능검사 : 66, 70, 80세","1. 담당 시/군/구청 또는 지자체에서 조사 및 심사
2. 담당 시/군/구청 또는 지자체에서 보장 결정
3. 담당 시/군/구청 또는 국민건강보험공단에서 대상자에게 서비스 제공
4. 담당 시/군/구청 또는 보건소에서 서비스 제공 이후 대상자의 상황 관리",신청 필요 없음신청 필요 없음,,"보건복지상담센터: 129
국민건강보험공단: 1577-1000","보건복지상담센터: https://www.129.go.kr
국민건강보험공단: https://www.nhis.or.kr","국민건강보험법 시행령
건강검진기본법
의료급여법
국민건강보험법"
WLF00001061,지역사회서비스 투자사업,보건복지부 사회서비스사업과,지역의 특성과 수요에 부합하는 사회서비스를 제공하여 지역복지를 확충하고 서비스 제공 일자리를 창출할 수 있도록 지원합니다.,2026,1566-3232,월,전자바우처(바우처),임신 · 출산,"보육, 임신·출산, 문화·여가, 안전·위기, 교육, 신체건강, 정신건강, 주거, 생활지원, 일자리, 서민금융, 보호·돌봄, 입양·위탁, 법률",저소득,"기준 중위소득 140% 이하 원칙을 적용하되, 지역별, 사업별기준이 상이할 수 있습니다. 예) 아동/청소년 심리지원사업(중위소득160%), 장애인보조기기렌탈/비만아동건강관리서비스(소득기준없음)","해당 서비스 별로 지방자치단체의 장이 정한 서비스 이용기준을 충족하여야 합니다. 

(연령 기준)지역별, 서비스별로 다르게 적용
(선정 우선순위)지역의 서비스 제공 여건과 수요 및 예산 등 상황을 감안하여 지자체의 장이 결정","지자체가 지역 특성 및 주민 수요에 맞게 발굴기획한 사회서비스를 제공합니다.
보건복지부의 표준모델을 포함해 지자체별로 약 340여 개* 서비스를 개발하여 지역사회서비스별 바우처를 제공합니다. * 영유아발달지원서비스, 아동청소년정서발달지원서비스, 아동청소년 심리지원 서비스, 장애인보조기기 렌탈서비스, 정신건강 토탈케어 서비스, 자살위험군 예방 서비스 등","1. 거주지 읍/면/동 주민센터, 읍면동 주민센터에서 ‘서비스 신청’
2. 담당 시/군/구청 또는 읍면동 주민센터에서 조사 및 심사
3. 담당 시/군/구청 또는 시군구청장에서 보장 결정
4. 이의가 있을 경우, 담당 시/군/구청 또는 시군구청장에 이의 신청 접수
5. 담당 시/군/구청 또는 시군구청에 등록된 사회서비스 제공기관에서 대상자에게 서비스 제공
6. 담당 시/군/구청 또는 시군구청장에서 서비스 제공 이후 대상자의 상황 관리",읍면동 주민센터 방문 신청읍면동 주민센터 방문 신청,"신분증 및 필요 서류(건강보험확인서, 의사 진단서 등 사업별 요구 서류)""신분증 및 필요 서류(건강보험확인서, 의사 진단서 등 사업별 요구 서류)",사회서비스전자바우처: 1566-3232,사회서비스전자바우처: https://www.socialservice.or.kr:444/,사회서비스 이용 및 이용권 관리에 관한 법률
WLF00003185,청소년치료재활센터 운영,성평등가족부 청소년보호환경과,정서·행동에 어려움을 겪는 만 9~18세 청소년을 대상으로 종합적·전문적 치유재활 서비스를 제공하는 거주형 기숙치유시설을 운영하여 청소년의 일상생활 영위 및 건강한 성장을 지원합니다.,2026,031-333-1900,월,시설입소,"아동, 청소년","교육, 보호·돌봄, 정신건강","저소득, 한부모·조손","정서와 행동 영역에서 어려움* 등의 문제로 학교생활이나 대인관계에서 어려움을 겪는 만 9~18세** 청소년 및 부모를 지원합니다.
 * 우울, 불안, 주의력결핍과잉행동장애(ADHD) 등 ** 만 9세입교일 기준, 만 18세 수료일 기준","서류심사 및 심층면접,입.퇴교판정위원회 심사를 통해 최종 선정합니다.","정서행동장애 청소년 대상별로 전문적종합적 치유 및 재활 서비스 제공을 위해 국립청소년디딤센터 운영사업비 및 인건비를 지원합니다.

중앙디딤센터 : 오름과정(4주 1회, 60명), 디딤과정(16주 2회, 120명), 힐링캠프(11박 12일 7회, 168명)
대구디딤센터 : 오름과정(4주 1회, 30명), 디딤과정(16주 2회, 60명), 인터넷스마트폰 과의존 치유캠프(7박 8일 5회, 120명)","1. 거주지 읍/면/동 주민센터, 학교, 청소년 시설 등에서 ‘서비스 신청’
2. 담당 시/군/구청 또는 국립중앙청소년디딤센터에서 조사 및 심사
3. 담당 시/군/구청 또는 국립대구청소년대딤센터에서 조사 및 심사
4. 담당 시/군/구청 또는 국립중앙청소년디딤센터에서 보장 결정
5. 담당 시/군/구청 또는 국립대구청소년디딤센터에서 보장 결정
6. 담당 시/군/구청 또는 국립대구청소년디딤센터에서 대상자에게 서비스 제공
7. 담당 시/군/구청 또는 국립중앙청소년디딤센터에서 대상자에게 서비스 제공
8. 담당 시/군/구청 또는 학교, 청소년 시설 등에서 서비스 제공 이후 대상자의 상황 관리","청소년안정망시스템에서 신청 청소년상담복지센터, 건강가정지원센터, 청소년 및 아동복지시설, 쉼터, 교육청, 학교, Wee센터에서 신청""청소년안정망시스템에서 신청 청소년상담복지센터, 건강가정지원센터, 청소년 및 아동복지시설, 쉼터, 교육청, 학교, Wee센터에서 신청",,"국립중앙청소년디딤센터: 031-333-1900
국립대구청소년디딤센터: 053-665-6900","국립중앙청소년디딤센터: www.nyhc.or.kr
국립대구청소년디딤센터: www.youthfly.or.kr","청소년 보호법
청소년복지 지원법"
WLF00001159,입원 및 격리치료명령 결핵환자 부양가족생활보호비 지원,질병관리청 결핵정책과,결핵예방법에 따라 입원 및 격리치료 명령을 받은 결핵환자의 격리기간 동안 발생한 소득상실을 보전하기 위해 환자 본인 또는 그 부양가족에게 생활보호비를 지급합니다.,2026,1339,1회성,현금지급,,"신체건강, 생활지원",저소득,"입원(격리치료)명령을 받아 소득을 상실한 결핵환자로 당해 연도 가구별 기준 중위소득 수준의 120% 미만(환자가구)에 해당하는 경우 지원합니다. 

단, 기초생활수급자는 제외※「긴급복지지원법」등 타 법률에서 동일한 성격(생계 지원)의 지원을 받고 있는 경우 중복 지원 불가
입원(격리치료)명령 실시 이전 최근 1년 이내에 소득이 확인된 환자
 상시근로소득은 공적자료로 조회되는 '연간 소득액을 기준으로 월 평균한 소득'을 반영  일용근로자 소득은 '최근 3개월간 월 평균소득' 반영","2026년도 부양가족생활보호비 지원대상자 선정 기준은 다음과 같습니다. (당해 연도 가구별 기준 중위소득 수준 120% 미만)
- (1인) 2,564,238원/월
- (2인) 4,199,292원/월
- (3인) 5,359,036원/월
- (4인) 6,494,738원/월
- (5인) 7,556,719원/월
- (6인) 8,555,952원/월
- (7인) 9,515,150원/월 ※ 8인 이상 가구의 기준 중위소득 : 1인 증가 시 마다 959,198원씩 증가(8인 가구: 10,474,348원)","지원대상자의 가구 내 주소득자 여부를 확인하여 당해 연도 가구별 생계급여 최저 보장 수준으로 지원합니다. 

환자가 가구 내 주소득자인 경우 : 환자가구원 수 기준으로 지원
환자가 가구 내 주소득자가 아닌 경우 : 환자 1인 기준으로 지원

2026년도 가구별 생계급여 기준은 다음과 같습니다.
- (1인) 820,556원/월
- (2인) 1,343,773원/월
- (3인) 1,714,892원/월
- (4인) 2,078,316원/월
- (5인) 2,418,150원/월
- (6인) 2,737,905원/월
- (7인) 3,044,848원/월※ 8인 이상 가구의 경우, 1인 증가시마다 306,943원 증가 (8인 가구: 3,351,791원)","1. 거주지 읍/면/동 주민센터, 주소지 시군구 보건소에서 ‘서비스 신청’
2. 담당 시/군/구청 또는 주소지 시군구 보건소에서 조사 및 심사
3. 담당 시/군/구청 또는 주소지 시군구 보건소에서 보장 결정
4. 이의가 있을 경우, 담당 시/군/구청 또는 주소지 시군구 보건소에 이의 신청 접수
5. 담당 시/군/구청 또는 주소지 시군구 보건소에서 대상자에게 서비스 제공
6. 담당 시/군/구청 또는 주소지 시군구 보건소에서 서비스 제공 이후 대상자의 상황 관리",입원명령서를 발부한 시군구 보건소에 직접 방문 신청 입원명령서를 발부한 시군구 보건소에 직접 방문 신청 ,,질병관리청 콜센터: 1339,질병관리청: https://www.kdca.go.kr,"결핵예방법
결핵예방법"
WLF00000100,"자산형성지원사업(희망저축계좌Ⅰ, Ⅱ)",보건복지부 자활정책과,희망저축계좌를 통해 일하는 생계·의료·주거·교육급여 수급가구 및 차상위계층이 자활에 필요한 자산을 형성할 수 있도록 지원합니다.,2026,129,월,현금지급,,"생활지원, 서민금융",저소득,"(희망저축계좌Ⅰ) 총 근로(사업)소득이 기준 중위소득 40%의 60% 이상인 생계의료급여 수급 가구를 대상으로 합니다.
(희망저축계좌Ⅱ) 가구 전체의 소득인정액이 기준 중위소득 50% 이하인 주거교육급여 수급 가구 및 차상위 가구를 대상으로 합니다.","희망저축계좌Ⅰ의 선정기준은 다음과 같습니다. 

(생계의료 수급가구) 소득인정액이 기준중위소득 40% 이하인 가구 중
(근로활동) 가구원 중 일하는 사람이 있어야 하며
(소득기준) 신청 당시가구 전체의 총 근로사업소득(보장기관 확인 소득 제외)이 기준 중위소득 40%의 60% 이상인 가구

희망저축계좌Ⅱ의 선정기준은 다음과 같습니다. 

(소득기준) 가구 전체의 소득인정액이 기준 중위소득 50%이하인 주거교육급여 수급 가구 및 기타 차상위 계층 가구
(근로기준) 현재 근로활동 중이며 근로사업소득이 있는 가구","희망저축계좌Ⅰ은 본인 저축액 월 10만원 이상 저축 시(전월 전월 23일~현월 22일 입금마감일 이전)정부지원금을 30만원을 매칭하여 지원합니다.
※ 탈수급시 지원금 전액 지급※ 정책대상별 추가지원금(탈수급장려급, 내일키움장려금, 내일키움수익금 등) 추가 지급 가능
희망저축계좌 Ⅱ는본인 저축액 월 10만원* 이상 저축시(전월 23일~현월 22일 입금마감일 이전) 정부지원금 10만원을 매칭하여 지원합니다.
* 정해진 교육(10시간) 이수 및 자금사용계획서 제출시 전액 지급 * 정책대상별 추가지원금(내일키움장려금, 내일키움수익금 등) 추가 지급 가능
2025년 가입자부터 근로소득장려금 연차별 차등지원 적용(1년차 월 10만원  2년차 월 20만원  3년차 월 30만원)","1. 거주지 읍/면/동 주민센터, 읍면동 주민센터에서 ‘서비스 신청’
2. 거주지 읍/면/동 주민센터, 복지로(www.bokjiro.go.kr) 에서 ‘서비스 신청’
3. 담당 시/군/구청 또는 시군구에서 조사 및 심사
4. 담당 시/군/구청 또는 시군구에서 보장 결정
5. 이의가 있을 경우, 담당 시/군/구청 또는 시군구에 이의 신청 접수
6. 담당 시/군/구청 또는 한국자활복지개발원에서 대상자에게 서비스 제공
7. 담당 시/군/구청 또는 시군구에서 서비스 제공 이후 대상자의 상황 관리",,,"자산형성지원 콜센터: 1522-3690
보건복지상담센터: 129","자산형성포털: https://hope.welfareinfo.or.kr
보건복지상담센터: http://www.129.go.kr","국민기초생활 보장법 시행령
국민기초생활 보장법"
WLF00001185,의료급여수급권자 영유아건강검진비 지원,보건복지부 건강증진과,의료급여수급권자 영유아 대상 연령별 건강검진을 통해 영유아의 성장·발달 사항을 추적 관리하고 건강증진을 도모합니다.,2026,1577-1000,수시,현물지급,영유아,신체건강,저소득,의료급여 수급권자 중 6세 미만의 영유아(생후 14일~71개월)를 대상으로 합니다.,지원대상을 참고해주시기 바랍니다.,"의료급여수급권자 중 6세 미만 영유아에 대해 영유아 건강검진서비스를 제공합니다.

(주요 선별 목표질환) 성장 이상, 발달 이상, 비만, 안전사고, 영아 급사 증후군, 청각이상, 시각이상, 치아 우식증 등
(영유아 건강검진 항목)
- 각 월령에 특화된 문진(시각청각 문진 포함)과 진찰, 신체계측(신장체중두위) 공통 실시 - 9종의 건강교육과 발달평가 및 상담(1.2차 제외)
(검진주기) 14~35일, 4~6개월, 9~12개월, 18~24개월, 30~36개월, 42~48개월, 54~60개월, 66~71개월","1. 담당 시/군/구청 또는 국민건강보험공단에서 조사 및 심사
2. 담당 시/군/구청 또는 국민건강보험공단에서 보장 결정
3. 담당 시/군/구청 또는 국민건강보험공단에서 대상자에게 서비스 제공
4. 담당 시/군/구청 또는 보건소에서 서비스 제공 이후 대상자의 상황 관리",국민건강보험공단 및 보건소에서 검진 대상자에게 검진표 개별 발송 및 안내,보호자 신분증보호자 신분증,"국민건강보험공단: 1577-1000
보건복지상담센터: 129","국민건강보험공단: http://www.nhis.or.kr/
보건복지상담센터: http://www.129.go.kr
보건복지부: http://www.mohw.go.kr","국민건강보험법 시행령
의료급여법
건강검진 실시기준
건강검진기본법
국민건강보험법"
WLF00003181,장애인의료비지원,보건복지부 장애인건강과,,2026,129,수시,현금지급,,"신체건강, 정신건강","저소득, 장애인",지원대상자가 의료기관을 이용할 때 발생하는 의료비 본인부담금을 지원합니다.※ 급여 항목에 대한 본인부담금에 한하여 지원,"「의료급여법」에 의한 의료급여 2종 수급권자인 등록장애인

「국민기초생활보장법」에 의한 수급자 중 근로능력세대의 등록장애인
장애인 의료비는 장애인에게만 지원되므로 당해 장애인과 세대를 같이하는 비장애인인 가족원은 지원대상이 아님

건강보험의 차상위 본인부담 경감대상자인 등록장애인 (만성질환자 및 18세 미만 장애아동)",,"1. 거주지 읍/면/동 주민센터, 의료기관(본인부담금 사전차감)에서 ‘서비스 신청’
2. 담당 시/군/구청 또는 건강보험심사평가원에서 조사 및 심사
3. 담당 시/군/구청 또는 건강보험심사평가원에서 보장 결정
4. 담당 시/군/구청 또는 시군구에서 대상자에게 서비스 제공
5. 담당 시/군/구청 또는 국민건강보험공단에서 서비스 제공 이후 대상자의 상황 관리",,장애인 등록증 - 의료급여증 또는 의료급여증명서 (생계급여 수급자 또는 의료급여 수급자만 해당) - 건강보험증 (건강보험의 차상위 본인부담 경감대상자인 등록장애인만 해당)장애인 등록증 - 의료급여증 또는 의료급여증명서 (생계급여 수급자 또는 의료급여 수급자만 해당) - 건강보험증 (건강보험의 차상위 본인부담 경감대상자인 등록장애인만 해당),보건복지부 상담센터: 129,"보건복지부 상담센터 : http://www.129.go.kr
보건복지부 : http://www.mohw.go.kr
2026년 장애인복지_사업안내_2.pdf : https://bokjiro.go.kr/ssis-tbu/CmmFileUtil/getDownload.do?atcflId=20260407TTWAT1342550010193700&amp;atcflSn=1","장애인 건강권 및 의료접근성 보장에 관한 법률 시행령
장애인 건강권 및 의료접근성 보장에 관한 법률
장애인 건강권 및 의료접근성 보장에 관한 법률 시행규칙"
WLF00001087,가사·간병 방문 지원사업,보건복지부 사회서비스사업과,일상생활이 어려운 저소득층 가정에 간병·가사 서비스를 지원하여  취약계층의 생활 안정을 도모하고  가사·간병 방문 제공인력의 사회적 일자리를 창출합니다.,2026,129,월,전자바우처(바우처),,"보호·돌봄, 생활지원","한부모·조손, 장애인, 저소득","만 65세 미만의 기준중위소득 70% 이하 계층 중 가사간병 서비스가 필요한 자를 지원합니다.
아래에 해당하는 경우 지원대상에서 제외합니다.
- 만 65세 이상의 어르신
- 국고로 지원되는 아래의 동일 또는 유사 돌봄서비스를 받고 있는자
* 장애인활동지원서비스, 노인돌봄종합서비스, 노인장기요양보험급여(만 65세 미만 치매특별등급 포함)
- 국민기초생활보장법 제32조에 따른 보장시설 입소자
- 의료기관 입원 중인 이용자(입원 기간 동안만 서비스 불가, 입퇴원일은 서비스 제공 가능)","가사간병 서비스 신청자격은 다음과 같습니다.
 장애의 정도가 심한 장애인
 6개월 이상 치료를 요하는 중증질환자※ 보건복지부장관이 고시한 중증질환 상병 해당자로, 최근 3개월 이내 발행된 진단서 또는 소견서 첨부
 희귀난치성 질환자
※ 보건복지부장관이 고시한 희귀난치성 질환 상병 해당자로, 진단서 또는 소견서 첨부※ 단 행복e음을 통해 산정특례 등록여부 확인이 가능한 경우에는 관련 자료로 대체
 소년소녀가정, 조손가정, 한부모가정(법정보호세대) ※ 이 경우 서비스 대상자는 자녀손자녀가 됨
 만 65세 미만의 의료급여 수급자 중 장기입원 사례관리 퇴원자
 기타 시군구청장이 예산범위 내에서 장애정도가 심하지 않은 장애인, 질환 및 부상으로 인한 장기 치료자 등 가사간병 서비스가 필요하다고 별도로 인정한 자※ 국고로 지원되는 장애인활동지원서비스 포함 유사 돌봄서비스를 받고 있는 자는 제외","한 달에 일정기간 동안 가사 또는 간병 서비스를 이용할 수 있는 이용권(바우처)을 지급합니다. 

(지원기간) 바우처 자격 결정일로부터 1년 * 단, 재판정 절차를 통해 1년 단위로 연장 가능
(지원시간)월 24시간 또는 27시간(이용자가 선택)
(서비스 비용)월 427,200원(24시간) 또는 월 480,600원(27시간) * 시간당 단가 17,800원
(정부지원금)소득수준 및 이용시간에 따라 차등 지원
(본인부담금)서비스 가격에서 정부지원금을 뺀 차액 부담","1. 거주지 읍/면/동 주민센터, 읍면동 또는 복지로 웹사이트(PC/모바일앱)에서 ‘서비스 신청’
2. 담당 시/군/구청 또는 시군구에서 조사 및 심사
3. 담당 시/군/구청 또는 읍면동에서 조사 및 심사
4. 담당 시/군/구청 또는 시군구에서 보장 결정
5. 이의가 있을 경우, 담당 시/군/구청 또는 시군구에 이의 신청 접수
6. 담당 시/군/구청 또는 시도 및 시군구에 등록요건을 갖춘 민간 제공기관에서 대상자에게 서비스 제공
7. 담당 시/군/구청 또는 시군구에서 서비스 제공 이후 대상자의 상황 관리",,"- 신분증 - 사회보장금여(사회서비스이용권) 신청(변경)서 등 각 1부, 필요한 경우, 자격확인 등에 필요한 별도 서류 첨부(해당자에 한함)""- 신분증 - 사회보장금여(사회서비스이용권) 신청(변경)서 등 각 1부, 필요한 경우, 자격확인 등에 필요한 별도 서류 첨부(해당자에 한함)","사회서비스전자바우처: 1566-3232
보건복지상담센터: 129","사회서비스전자바우처: https://www.socialservice.or.kr:444/
보건복지상담센터: http://www.129.go.kr","사회복지사업법
사회서비스 이용 및 이용권 관리에 관한 법률"
WLF00003247,재난적의료비 지원 사업,보건복지부 필수의료총괄과,질병‧부상 등으로 가구의 부담능력을 넘어서는 과도한 의료비로 인한 경제적 부담을 겪는 가구에 의료비를 지원합니다.,2026,1577-1000,수시,현금지급,"청년, 중장년, 노년","신체건강, 생활지원",저소득,"국내에 거주하는 국민으로, 선정기준(질환, 소득, 재산, 의료비 부담 수준)을 모두 충족하는 자를지원합니다.","(소득 기준) 기초생활수급자차상위계층 또는 기준 중위소득 100% 이하인 경우(100~200%는 개별심사)
(재산 기준) 재산과표 7억원 이하
(의료비 기준) 본인부담 의료비가 가구 연 소득 10% 초과 시 * 기초수급자 차상위 80만원, 중위소득 50%이하 160만원, 기준 중위소득 100~200% 연 소득 20% 초과시","소득에 따라 의료비 본인부담금의 50~80%를 지원합니다.
(지원한도)연간 최대 5천만원","1. 거주지 읍/면/동 주민센터, 국민건강보험공단에서 ‘서비스 신청’
2. 담당 시/군/구청 또는 국민건강보험공단에서 조사 및 심사
3. 담당 시/군/구청 또는 국민건강보험공단에서 보장 결정
4. 담당 시/군/구청 또는 국민건강보험공단에서 대상자에게 서비스 제공
5. 담당 시/군/구청 또는 국민건강보험공단에서 서비스 제공 이후 대상자의 상황 관리",,"① 재난적의료비 지원신청서(신분증 사본 첨부) ② 진단서 1부 ③ 입(퇴)원확인서(진단서에 입퇴원 확인 시 제출 불필요) ④ 가족관계증명서(기초생활 수급자·차상위 계층 제외, 환자기준 발급) ⑤ 개인정보 수집·이용 및 제공 동의서(통합서식) ⑥ 민간보험 가입(계약)서류 및 지급내역 확인서 ⑦ 타 의료비 지원금 수령내역 신고서 ⑧ 진료비 계산서·영수증 원본 ⑨ 진료비 영수증에 대한 전체(비급여 포함) 세부내역 1부 ⑩ 환자본인 계좌 통장사본(압류방지 통장 제외)    ※ 다만, 필요시 해당자 관련 서류를 별도 요구할 수 있음    ※ 본인 이외 대리인 신청 시 대리인 위임장 추가""① 재난적의료비 지원신청서(신분증 사본 첨부) ② 진단서 1부 ③ 입(퇴)원확인서(진단서에 입퇴원 확인 시 제출 불필요) ④ 가족관계증명서(기초생활 수급자·차상위 계층 제외, 환자기준 발급) ⑤ 개인정보 수집·이용 및 제공 동의서(통합서식) ⑥ 민간보험 가입(계약)서류 및 지급내역 확인서 ⑦ 타 의료비 지원금 수령내역 신고서 ⑧ 진료비 계산서·영수증 원본 ⑨ 진료비 영수증에 대한 전체(비급여 포함) 세부내역 1부 ⑩ 환자본인 계좌 통장사본(압류방지 통장 제외)    ※ 다만, 필요시 해당자 관련 서류를 별도 요구할 수 있음    ※ 본인 이외 대리인 신청 시 대리인 위임장 추가",국민건강보험공단: 1577-1000,국민건강보험공단: www.nhis.or.kr,재난적의료비 지원에 관한 법률
WLF00001149,공공산림가꾸기,산림청 산림자원과,청년 실업자나 장년층 퇴직자 등을 산림사업에 투입하여 일자리 창출에 기여합니다.,2026,1588-3249,월,현금지급,"노년, 중장년, 청년","일자리, 서민금융","저소득, 한부모·조손, 장애인","만 18세 이상인 자로서 실업자 또는 정기소득이 없는 경우참여신청이 가능합니다.
다음에 해당하는 경우에는 사업에 참여할 수 없습니다.

고교대학(이하 ""2년제3년제 대학과 대학원을 포함한다"") 재학생
전년도 사업 추진 과정시 참여자가 상습적으로 결근, 지각, 조퇴하거나 음주, 근무지 이탈 또는 감독자의 지시에 불응하는 등 근무태도가 불량하여 사업 참여를 배제 받은 자","지방산림청장, 국유림관리소장 및 시장, 도지사, 군수, 구청장이 선발합니다.
선발 일반사항은 다음과 같습니다. 

사업별 자격 및 선발기준에 따라 정함
특별한 기술, 자격 및 경험을 필요로 하는 사업은 경험이 있는 자를 우선 고용할 수 있음

취업취약계층 우선 선발 기준은 다음과 같습니다. 

저소득층, 장애인, 장기실직자, 한부모가족 등 취업취약계층의 참여 목표인원(84.1% 이상)을 사전 확정하여 선발 및 사후관리
모집공고시 '취업취약계층 우선 선발'을 명시토록 하고, 선발시 취업취약계층 지원자에게 가점 부여 등을 통해 우선 선발

신청자가 많을 경우 우선순위를 고려, 사업시행 기관별로 별도의 선발기준을 마련하여 선발합니다.","공공산림가꾸기 주요 사업은 다음과 같습니다.

(숲가꾸기 자원조사단) 산림자원조사 업무 및 산림사업 DB구축
(숲가꾸기패트롤) 각종 산림피해(덩굴류, 병해충, 산림재해 등) 및 산림내 현장민원 처리

사업별 지급 인건비는 다음과 같습니다.

(숲가꾸기자원조사단) 82,560원/1일
(숲가꾸기패트롤)90,560원/1일","1. 거주지 읍/면/동 주민센터, 지방산림청, 국유림관리소에서 ‘서비스 신청’
2. 거주지 읍/면/동 주민센터, 시도, 시군구, 읍면동에서 ‘서비스 신청’
3. 담당 시/군/구청 또는 지방산림청, 국유림관리소에서 조사 및 심사
4. 담당 시/군/구청 또는 시도, 시군구, 읍면동에서 조사 및 심사
5. 담당 시/군/구청 또는 지방산림청, 국유림관리소에서 보장 결정
6. 담당 시/군/구청 또는 시도, 시군구, 읍면동에서 보장 결정
7. 담당 시/군/구청 또는 지방산림청, 국유림관리소에서 대상자에게 서비스 제공
8. 담당 시/군/구청 또는 시도, 시군구, 읍면동에서 대상자에게 서비스 제공
9. 담당 시/군/구청 또는 지방산림청, 국유림관리소에서 서비스 제공 이후 대상자의 상황 관리
10. 담당 시/군/구청 또는 시도, 시군구, 읍면동에서 서비스 제공 이후 대상자의 상황 관리",국유림관리소 또는 시군청 산림과 방문 및 우편 접수국유림관리소 또는 시군청 산림과 방문 및 우편 접수,"사업 참여 신청서, 개인정보 이용 동의서, 주민등록등본, 구직등록증을 관할 구역 국유림관리소 또는 시군청 산림과 방문 및 우편 접수","경기 산림과: 031-8030-3562
일자리사업통합정보시스템(일모아)
서부지방청 산림경영과: 063-620-4661
강원 산림소득과: 033-249-3130
경남 산림녹지과: 055-211-4285
동부지방청 산림경영과: 033-640-8621
중부지방청 산림경영과: 041-850-4052
충남 산림녹지과: 041-635-4509
전북 산림녹지과: 063-280-2681
전남 산림산업과: 061-286-6631
경북 공원녹지과: 053-950-2872
북부지방청 산림경영과: 033-738-6281
남부지방청 산림경영과: 054-850-7751
제주 녹지환경과: 064-710-6773
충북 산림녹지과: 043-220-3784
산림청: 1588-3249","일자리사업통합정보시스템(일모아): http://www.ilmoa.go.kr
산림청: http://www.forest.go.kr/","고용정책 기본법
산림기본법
산림자원의 조성 및 관리에 관한 법률"
WLF00001140,방과후보육료지원,교육부 교육보육과정지원과,어린이집을 이용하는 12세 이하 취학아동에 대한 방과후 보육료를 지원하여 양육의 부담을 줄이고 원활한 경제활동을 돕습니다.,2026,02-6222-6060,월,전자바우처(바우처),아동,"보육, 교육","저소득, 장애인, 한부모·조손","12세 이하 초등학교 취학아동을 대상으로 지원합니다. * 일일 4시간 미만 이용시 지원하지 않습니다.
차상위 이하(법정 저소득층 포함) 및 장애아동에 해당되는 취학아동이 방과후에 어린이집을 일일 4시간 이상 이용하는 경우 지원합니다.
방과후 어린이집 이용시간의 계산은 아동이 어린이집에 도착한 시간부터 마치는 시간까지만을 산정하며 어린이집에서 제공하는 셔틀버스 이용시간은 포함하지 않음 - 방학 중 일일 8시간 이용 시 해당일 추가 지원","차상위 이하(법정저소득층 포함) 기준은 다음과 같습니다.
 「국민기초생활보장법」 제7조 제1항에 따른 기초생활보장급여(생계, 주거, 의료, 교육, 해산, 장제, 자활)의 수급자(제14조의 2에 따른 특례수급권자 포함)
 「한부모가족지원법」에 따른 지원대상자로 선정된 한부모 가정
 「아동복지법」 제52조에 의한 아동복지시설에서 생활중인 아동
 여성폭력피해자 보호시설(가정, 성폭력), 성매매피해자 지원시설에 입소한 여성의 동반자녀(재소 증빙서 징구 필요)
 모부자(일시)보호시설 등에 입소한 자의 동반자녀 등
 미혼모자 공동생활 가정에 입소한 자의 동반 자녀(재소 증빙서 징구 필요)
 「국민기초생활보장법」 제2조제10호 및 동법 시행령 제3조에 따른 차상위계층의 자녀

※ 법정저소득층 또는 차상위 자격이 없는 자에 대한 처리
-차상위(법정저소득층)기준의 ~까지의 유형중 어느 하나에도 포함되지 않는 신규신청자의 경우, ""사회복지서비스 및 급여신청서"" 양식으로 ~의 서비스(급여)와 영유아보육을 동시에 신청하여 자격확인 후 지원결정(신청일 기준으로 보장결정)","(일반아동) 월 10만원을 지원합니다.
(장애아동)

교사대 아동비율을 1:3으로 반을 편성하고, 방과후 및 장애아보육 보수교육 과정을 이수한 교사를 별도 배치하여 보육할 경우
- 장애아방과후보육료：장애아보육료의 50%(317,000원)를 지원합니다. ※ 단, 6개월 이내에 방과후 및 장애아 보수교육과정 이수를 전제로 교사를 배치한 경우에는 방과후 및 장애아보육 보수교육과정을 이수한 교사를 별도 배치한 것으로 봄
교사대 아동비율(1:3)을 준수하지 않거나 방과후 및 장애아보육 보수교육 과정을 이수한 교사를 배치하지 않은 경우- 정부지원시설의 경우 월 10만원, 정부미지원시설의 경우 시도지사가 정한 5세아 보육료 수납한도액의 50%지원

(방학기간 종일제 보육을 실시한 경우 지원단가) 방학 중 일 8시간 이상 이용시 해당일 추가지원

월 20만원을 지원합니다.※ 이용 일자에 따라 일할 계산하여 지원(예, 10일 이용시, 지원단가*10/26(보육가능일수) 지급)
장애아동은 장애아보육료 100% 지원합니다. ※ 이용 일자에 따라 일할 계산하여 지원(예, 10일 이용시, 지원단가*10/26(보육가능일수) 지급)","1. 거주지 읍/면/동 주민센터, 읍면동 또는 복지로 웹사이트(PC/모바일앱)에서 ‘서비스 신청’
2. 담당 시/군/구청 또는 시군구에서 조사 및 심사
3. 담당 시/군/구청 또는 시군구에서 보장 결정
4. 담당 시/군/구청 또는 시군구에서 대상자에게 서비스 제공
5. 담당 시/군/구청 또는 시군구에서 서비스 제공 이후 대상자의 상황 관리",,"1. 보육료(양육수당) 지원신청서 2. 비용 지원을 신청하려는 사람의 신분을 확인할 수 있는 신분증명서나 서류(주민등록증, 운전면허증, 장애인등록증, 여권, 그 밖에 교육부장관이 정하는 서류를 말함) 3. 가족관계증명서 4. 부득이한 사유가 발생하였음을 증명할 수 있는 서류(부득이한 사유로 양육수당 지원 신청이 지연된 경우만 해당)""1. 보육료(양육수당) 지원신청서 2. 비용 지원을 신청하려는 사람의 신분을 확인할 수 있는 신분증명서나 서류(주민등록증, 운전면허증, 장애인등록증, 여권, 그 밖에 교육부장관이 정하는 서류를 말함) 3. 가족관계증명서 4. 부득이한 사유가 발생하였음을 증명할 수 있는 서류(부득이한 사유로 양육수당 지원 신청이 지연된 경우만 해당)","교육부: 02-6222-6060
아이사랑 헬프데스크: 1566-3232(단축번호 1번)",교육부: www.moe.go.kr,영유아보육법
WLF00001147,그 밖의 연장형 보육료 등 지원,교육부 교육보육과정지원과,"그 밖의 연장형 어린이집(야간연장, 휴일, 24시 등)을 이용하는 영유아에 대하여 보육료를 지원함으로써  부모의 자녀양육 부담을 덜고 원활한 경제활동을 돕습니다.",2026,02-6222-6060,월,전자바우처(바우처),"영유아, 아동","보호·돌봄, 보육","저소득, 다문화·탈북민, 장애인, 한부모·조손","그 밖의 연장형 보육료는0~2세 종일반 보육료(기본보육시간 보육료 지원아동은 휴일보육료만 지원가능),3~5세 누리과정 보육료, 다문화 보육료 및 장애아 보육료(취학전) 지원 아동을 지원합니다. 

12세 이하 취학아동 중 법정 저소득층과 장애아동(복지카드 소지자)*에 대해서는 야간연장 보육료에 한해 지원 가능
복지카드 미소지자인 취학 장애아동은 특수교육대상자 진단평가 통지서 제출시8세까지 지원

야간12시간 보육료, 24시간 보육료는 24시간 지정 어린이집을 이용하는 경우에만 지원합니다.
원장 겸 교사의 자녀는 그 밖의 연장형 보육료 지원대상에서 제외됩니다.
야간12시간 보육료는 주간에 어린이집을 이용하지 않는 아동이 야간에 이용하는 경우에만 지원을 받을 수 있으며 취학아동은 지원이 불가합니다.
24시간 보육료는 부모가 야간에 경제활동에 종사하는 가정, 한부모 또는 조손가정 등의 아동으로 주간 보육도 이용하고 야간보육이 불가피하다고 판단되는 아동을 지원합니다.",지원대상을 참고해 주시기 바랍니다.,"야간연장 보육료는 다음과 같이 지원합니다.

지원 단가 : 연령에 관계없이 동일

일반 아동: 시간당 4,000원
장애 아동: 시간당 5,000원 ※ 아침, 저녁 급식비는 기타 필요경비 지침에 따라 수납 가능

기준 시간 : 평일 : 19:30~24:00, 토요일 : 15:30~24:00
지원 한도는 월 60시간으로, 2026년 3월부터 지원한도 폐지

이용히간 계산방법 : 전자출결시스템을 통해 야간연장보육 이용일의 등하원시각을 시분 단위로 기록하고, 야간연장보육 시간은 매일 1시간 단위로 계산
예시 19:30~20:30 사이에 하원 시 이용 시간은 1시간, 20:30~21:30분 사이에 하원 시 이용시간은 2시간


야간연장 보육서비스만 이용하는 아동은 정부 지원 불가
유치원에서 야간연장보육을 이용하기 위해 19:30 이전에 야간연장어린이집으로 등원 시, 19:30까지의 이용시간에 대해 전액 부모의 자부담으로 이용료 수납 가능, 수납액은 부모와 상의하여 결정. 19:30 이후에 대해서는 야간연장보육료 지원 가능함




야간12시간 보육료는 다음과 같이 지원합니다.

지원단가：2026년 보육사업안내 만0세5세 보육료 단가표 참조 ※ 2010.3월부터는 24시간 지정 어린이집에서만 야간12시간보육을 할 수 있으며 야간12시간보육료의 지원이 가능
기준시간 : 19:30~익일 07:30
지원기준：주간에 어린이집을 이용하지 않는 아동이 야간에 이용하는 경우에만 야간12시간보육료 지원을 받을 수 있음(취학아동은 야간12시간보육료 지원 불가)※ 시군구청장은 아동을 어린이집에 방치하는 사례가 없도록 개별 아동에 대한 사례별 관리를 하는 등 필요한 조치를 하여야 함



24시간 보육료는 다음과 같이 지원합니다.

지원단가：2026년 보육사업안내 만0세5세 보육료 단가표 참조 ※ 2010.3월부터는 24시간 지정 어린이집에서만 24시간 보육을 할 수 있으며, 24시간 보육료 지원 가능
기준시간：07:30~익일 07:30

주간보육(07:30~19:30)과 야간12시간보육(19:30~익일 07:30) 동시 이용

지원기준：부모가 야간에 경제활동에 종사하는 가정, 한부모 또는 조손가정 등의 아동으로 주간 보육도 이용하고 야간보육이 불가피하다고 판단되는 아동에 대해 24시간 보육료를 지원



휴일(토요일제외)보육료는 다음과 같이 지원합니다.

기준단가：정부지원 일 보육료150%지원 ※ 일 보육료：정부지원단가*휴일보육일수/26일(보육가능일수)

예시) 2일 이용한 만3세아의 보육료 지원
  지원액: 280,000원* 2/26(일) x 150% = 32,310원(원단위 절삭) ※ 휴일어린이집으로 지정된 경우에는 일 보육료100%지원

기준시간 : 일요일, 공휴일 07:30~19:30","1. 거주지 읍/면/동 주민센터, 읍면동에서 ‘서비스 신청’
2. 담당 시/군/구청 또는 시군구에서 조사 및 심사
3. 담당 시/군/구청 또는 시군구에서 보장 결정
4. 담당 시/군/구청 또는 시군구에서 대상자에게 서비스 제공
5. 담당 시/군/구청 또는 읍면동에서 서비스 제공 이후 대상자의 상황 관리",,"1. 보육료(양육수당) 지원신청서 2. 비용 지원을 신청하려는 사람의 신분을 확인할 수 있는 신분증명서나 서류(주민등록증, 운전면허증, 장애인등록증, 여권, 그 밖에 교육부장관이 정하는 서류를 말함) 3. 가족관계증명서 4. 부득이한 사유가 발생하였음을 증명할 수 있는 서류(부득이한 사유로 양육수당 지원 신청이 지연된 경우만 해당)""1. 보육료(양육수당) 지원신청서 2. 비용 지원을 신청하려는 사람의 신분을 확인할 수 있는 신분증명서나 서류(주민등록증, 운전면허증, 장애인등록증, 여권, 그 밖에 교육부장관이 정하는 서류를 말함) 3. 가족관계증명서 4. 부득이한 사유가 발생하였음을 증명할 수 있는 서류(부득이한 사유로 양육수당 지원 신청이 지연된 경우만 해당)","교육부: 02-6222-6060
아이사랑 헬프데스크: 1566-3232(단축번호 1번)","교육부: www.moe.go.kr
아이사랑보육포털: www.childcare.go.kr",영유아보육법
WLF00003245,국민취업지원제도,고용노동부 국민취업지원기획팀,"저소득 구직자, 청년, 경력단절여성 등 취업 취약계층을 대상으로 취업지원서비스와 생계지원을 함께 제공합니다.",2026,1350,월,"프로그램/서비스(서비스), 현금지급","중장년, 노년, 청년, 청소년","생활지원, 일자리",저소득,"저소득 구직자, 청년, 경력단절여성 등 취업 취약계층을지원합니다.","참여자의 소득과 재산 등에 따라 두 가지 유형으로 지원합니다.

Ⅰ유형 : 15~69세 구직자 중 중위소득 60% 이하, 재산 4억원 이하인 사람※ 15~34세 청년은 중위소득 120% 이하, 재산 5억원 이하
Ⅱ유형 :Ⅰ유형에 해당되지 않는 기준 중위소득 100% 이하인 사람※ 15~34세 청년은 소득요건 없음","I  II유형 참여자 모두에게 '취업지원서비스'를 제공합니다.

취업활동계획에 따라 직업훈련, 일경험, 복지프로그램, 구직활동 지원 등 제공

I유형 참여자에게 '구직촉진수당'을 지급합니다.

취업활동계획에 따른 구직활동 이행시 월 60~100만원*,최대6개월 지원* 기본 60만원 + 부양가족(18세 이하, 70세 이상, 중증장애인) 1인당 10만원씩 추가

II유형 참여자에게 '취업활동비용'을 지급합니다.

취업활동계획수립 참여수당 15~25만원 등
공통(취업성공수당): 최대 150만원 지원(중위소득 60% 이하 및 특정계층)","1. 거주지 읍/면/동 주민센터, 거주지 관할 고용센터에서 ‘서비스 신청’
2. 담당 시/군/구청 또는 거주지 관할 고용센터에서 조사 및 심사
3. 담당 시/군/구청 또는 거주지 관할 고용센터에서 보장 결정
4. 이의가 있을 경우, 담당 시/군/구청 또는 거주지 관할 고용센터에 이의 신청 접수
5. 담당 시/군/구청 또는 거주지 관할 고용센터에서 대상자에게 서비스 제공
6. 담당 시/군/구청 또는 거주지 관할 고용센터에서 서비스 제공 이후 대상자의 상황 관리",,"‣   가구원의 개인정보 제공 동의서(‘휴대전화 인증’ 선택시 불필요)    ‣   (필요한 경우만) 고용센터에서 대부분 자동으로 확인할 수 있어서 보통은 증빙서류가 필요 없습니다. 그러나 고용센터에서 확인할 수 있는 정보와 실제가 달라서 담당자가 지원 자격을 심사할 때 이런 사실을 알아야 한다면, 아래의 서류가 필요합니다.      -  (가구원) 주민등록표 등본상 세대 구성원이 실제와 다름을 확인할 수 있는 자료       *  예: 이혼소송 확인서, 실종 확인서 등      -  (소득) 4대 보험에 신고된 보수월액 및 국세청 신고 소득과 실제 소득이 다름을 확인할 수 있는 자료        *  예: 휴업/폐업 사실 증명, 이직 확인서 등      -  (재산) 재산(토지, 주택, 자동차 등) 취득을 위한 대출금 잔액, 임대 보증금 등을 확인할 수 있는 자료        *  예: 금융권 발행 대출 잔액 증명서, 청산금 정산?중도금 납입 현황 등     -  (특정계층) 관련 확인서, 추천서, 근무처와 근무기간 등을 확인할 수 있는 자료        *  예: 기초연금수급자 확인서, 신용회복지원확인서 등  ""‣   가구원의 개인정보 제공 동의서(‘휴대전화 인증’ 선택시 불필요)    ‣   (필요한 경우만) 고용센터에서 대부분 자동으로 확인할 수 있어서 보통은 증빙서류가 필요 없습니다. 그러나 고용센터에서 확인할 수 있는 정보와 실제가 달라서 담당자가 지원 자격을 심사할 때 이런 사실을 알아야 한다면, 아래의 서류가 필요합니다.      -  (가구원) 주민등록표 등본상 세대 구성원이 실제와 다름을 확인할 수 있는 자료       *  예: 이혼소송 확인서, 실종 확인서 등      -  (소득) 4대 보험에 신고된 보수월액 및 국세청 신고 소득과 실제 소득이 다름을 확인할 수 있는 자료        *  예: 휴업/폐업 사실 증명, 이직 확인서 등      -  (재산) 재산(토지, 주택, 자동차 등) 취득을 위한 대출금 잔액, 임대 보증금 등을 확인할 수 있는 자료        *  예: 금융권 발행 대출 잔액 증명서, 청산금 정산?중도금 납입 현황 등     -  (특정계층) 관련 확인서, 추천서, 근무처와 근무기간 등을 확인할 수 있는 자료        *  예: 기초연금수급자 확인서, 신용회복지원확인서 등  ",고용노동부 고객상담센터: 1350,"고용노동부 고객상담센터: www.moel.go.kr
고용24: www.work24.go.kr",구직자 취업촉진 및 생활안정지원에 관한 법률
WLF00000097,국가유공자등생활조정수당,국가보훈부 보상정책과,저소득 국가유공자 등 및 그 유족의 생활안정 및 복지향상을 위해  생활조정수당을 지급합니다.,2026,1577-0606,월,현금지급,,생활지원,"보훈대상자, 저소득","독립유공자, 국가유공자, 보훈보상대상자 및 그 선순위 유족 중 생활이 곤란한 사람을 지원합니다.","국가유공자 등 생활수준 조사 지침에 따른 소득 및 재산 조사 결과, 소득인정액이 기준 중위소득의 50% 이하인 경우 지원 가능합니다.","가산금을 기본급에 포함해 소득인정액에 따라 다음과 같이 차등 지급합니다. 

3인 가구 이하 : 242,000원 ~ 311,000원
4인 가구 이상 : 300,000원 ~ 370,000원","1. 거주지 읍/면/동 주민센터, 관할 보훈(지)청에서 ‘서비스 신청’
2. 담당 시/군/구청 또는 관할 보훈(지)청에서 조사 및 심사
3. 담당 시/군/구청 또는 관할 보훈(지)청에서 보장 결정
4. 이의가 있을 경우, 담당 시/군/구청 또는 관할 보훈(지)청에 이의 신청 접수
5. 담당 시/군/구청 또는 관할 보훈(지)청에서 대상자에게 서비스 제공
6. 담당 시/군/구청 또는 관할 보훈(지)청에서 서비스 제공 이후 대상자의 상황 관리",,공통서류  소득ㆍ재산 신고서 금융정보 등(금융·신용·보험 정보) 제공 동의서 개인정보 이용 및 제공 사전동의서 개별서류  생활정도를 입증할 수 있는 서류 - 임대차계약서 등공통서류  소득ㆍ재산 신고서 금융정보 등(금융·신용·보험 정보) 제공 동의서 개인정보 이용 및 제공 사전동의서 개별서류  생활정도를 입증할 수 있는 서류 - 임대차계약서 등,보훈상담센터: 1577-0606,,"생활수준에 따른 지원에 관한 기준 고시
보훈보상대상자 지원에 관한 법률
독립유공자예우에 관한 법률
국가유공자 등 예우 및 지원에 관한 법률
국가유공자 등 예우 및 지원에 관한 법률 시행령"
WLF00000781,여성청소년 생리용품 지원,성평등가족부 청소년정책과,취약계층 여성청소년 대상 생리용품 지원을 통해 여성 청소년의 건강한 성장을 지원합니다.,2026,1566-3232,년,전자바우처(바우처),"아동, 청년, 청소년","신체건강, 생활지원","한부모·조손, 저소득","기초생활보장급여(생계,의료,주거,교육) 수급자, 법정 차상위계층, 한부모가족 지원대상자 가구에 해당하는 9~24세 여성청소년을 대상으로 지원합니다.","자격기준 : 취약계층9~24세 여성청소년 

「국민기초생활보장법」에 따른생계, 의료, 주거, 교육급여 수급자
「국민기초생활보장법」에 따른법정 차상위계층
「한부모가족지원법」제5조 및 제5조의 2에 따른 지원대상자","(지원내용) 생리용품을구입할 수 있는 바우처 포인트를 월 14,000원 지원합니다.* 신청시기와 관계없이 연간 지원금 전액 연 1회 일괄 지급

지원된 바우처는 해당연도 12월 31일까지 사용하여야 하며, 잔여 바우처는 익년도 1월 1일에 전액 소멸
자격 변동으로 바우처 지원 대상에서 제외되는 경우 사용여부와 관계없이 잔여 바우처 전액 소멸

(사용방법) 국민행복카드(BC, 삼성, 롯데, 신한, 국민)를 발급받은 후 국민행복카드사별 가맹점에서 생리용품을 구매※ 문의 : 사회서비스 고객상담센터 1566-3232+선택 4

생리용품 구매 바우처 사용을 위해서는 국민행복카드 발급 필요
국민행복카드 발급 : BC카드 (1899-4651), 삼성카드(1566-3336), 롯데카드(1899-4282), 신한카드(1544-8868), KB국민카드(1599-7900)
국민행복카드는 청소년 본인 또는 부모 등 법정대리인 명의로 발급할 수 있으며, 바우처 신청 시 신청인 정보에 부모 등 법정대리인 정보를 작성하여야 함

(카드사별 가맹점) 발급받은 국민행복카드사의 가맹점에 한해 생리용품 구매가 가능합니다.

BC카드
 - (오프라인) 홈플러스, 홈플러스익스프레스, 이마트, 이마트트레이더스, 이마트에브리데이, 이마트24, 노브랜드, 농협하나로마트, CU편의점, GS25편의점, GS더프레시 - (온라인) 국민행복몰, 지마켓, 옥션,우리WON마켓,쿠팡, 홈플러스
삼성카드
 - (오프라인)  홈플러스, 홈플러스익스프레스, 이마트, 이마트트레이더스, 이마트에브리데이, 노브랜드, 농협하나로마트, CU편의점, GS25편의점, GS더프레시, 세븐일레븐편의점 - (온라인) 국민행복몰, 삼성카드쇼핑몰, 베팡몰, T딜, 미즈톡톡
롯데카드
 - (오프라인) 홈플러스, 홈플러스익스프레스, 농협하나로마트, CU편의점, GS25편의점, GS더프레시, 롯데마트, VIC마켓, 세븐일레븐편의점 - (온라인)국민행복몰, 롯데카드 띵샵, 엘포인트몰, 베팡몰
신한카드
 - (오프라인) GS25편의점, CU편의점, 이마트, 이마트트레이더스, 이마트에브리데이, 노브랜드 - (온라인) 국민행복몰,신한카드 올댓쇼핑, 베팡몰
KB국민카드
 - (오프라인) GS25편의점, CU편의점, 세븐일레븐편의점 - (온라인) 국민행복몰, KBPAY쇼핑, 쿠팡","1. 거주지 읍/면/동 주민센터, 읍면동 행정복지센터/주민센터 또는 복지로 웹사이트(PC/모바일앱)에서 ‘서비스 신청’
2. 담당 시/군/구청 또는 주소지 관할 시군구에서 조사 및 심사
3. 담당 시/군/구청 또는 주소지 관할 시군구에서 보장 결정
4. 이의가 있을 경우, 담당 시/군/구청 또는 주소지 관할 시군구에 이의 신청 접수
5. 담당 시/군/구청 또는 주소지 관할 시군구에서 대상자에게 서비스 제공
6. 담당 시/군/구청 또는 청소년의 주소등록지 읍·면·동 행정복지센터에서 서비스 제공 이후 대상자의 상황 관리",,"- 본인 직접 신청 시: 신청서, 주민등록초본, 공인 신분증 사본  - 만 14세 미만 본인 신청 시: 법정대리인 자필 서명이 포함된 동의서  - 대리 신청 시: 대리인 신분증 사본, 가족관계증명서 등 관계 소명 서류  ""- 본인 직접 신청 시: 신청서, 주민등록초본, 공인 신분증 사본  - 만 14세 미만 본인 신청 시: 법정대리인 자필 서명이 포함된 동의서  - 대리 신청 시: 대리인 신분증 사본, 가족관계증명서 등 관계 소명 서류  ","거주지 관할 읍면동 주민센터
사회서비스전자바우처: 1566-3232
BC카드: 1899-4651
KB국민카드: 1599-7900
롯데카드: 1899-4282
신한카드: 1544-8868
삼성카드: 1566-3336","사회서비스전자바우처: https://www.socialservice.or.kr:444/
BC카드: www.bccard.com
KB국민카드: card.kbcard.com
롯데카드: www.lottecard.co.kr
신한카드: www.shinhancard.com
삼성카드: www.samsungcard.com",청소년복지 지원법
WLF00003209,독립유공자 (손)자녀 생활지원금,국가보훈부 보상정책과,보상금을 받지 않는 독립유공자의 (손)자녀 중 생계곤란 가구의 생활지원을 통해 독립유공자 후손으로서의 영예로운 생활을 보장합니다.,2026,1577-0606,월,현금지급,,생활지원,"보훈대상자, 저소득",보상금을 받지 않는 독립유공자의 자녀 및 손자녀 중 생계가 곤란한 사람을 대상으로 합니다.,"소득과 재산조사를 통해 기초수급자(생계, 의료, 주거, 교육) 및 차상위계층, 중위소득 70% 이하자, 기초연금수급자(65세 이상의 단독 또는 부부세대)에게 생활지원금을 지급합니다.","「국민기초생활보장법」의 기초생활수급자(생계, 의료) 및 생활조정수당 수급자에게 월 478,000원을 지급합니다
「국민기초생활보장법」의 기초생활수급자(주거, 교육) 및 차상위계층에게 월 345,000원을 지급합니다.
기준 중위소득 70% 이하 또는 기초연금수급자(단독 또는 부부세대)에게 월 345,000원을 지급합니다. * 가구별 지급대상이 2인을 넘을 경우 2인부터는 월 10만원을 지급합니다.","1. 거주지 읍/면/동 주민센터, 관할 보훈지청에서 ‘서비스 신청’
2. 담당 시/군/구청 또는 관할 보훈(지)청에서 조사 및 심사
3. 담당 시/군/구청 또는 관할 보훈(지)청에서 보장 결정
4. 이의가 있을 경우, 담당 시/군/구청 또는 관할 보훈(지)청에 이의 신청 접수
5. 담당 시/군/구청 또는 관할 보훈(지)청에서 대상자에게 서비스 제공
6. 담당 시/군/구청 또는 관할 보훈(지)청에서 서비스 제공 이후 대상자의 상황 관리",,공통서류  소득·재산신고서 금융정보 등(금융·신용·보험 정보) 제공 동의서 개인정보 이용 및 제공 사전동의서 개별서류  생활정도를 입증할 수 있는 서류 - 임대차계약서 등공통서류  소득·재산신고서 금융정보 등(금융·신용·보험 정보) 제공 동의서 개인정보 이용 및 제공 사전동의서 개별서류  생활정도를 입증할 수 있는 서류 - 임대차계약서 등,보훈상담센터: 1577-0606,국가보훈부: www.mpva.go.kr,"독립유공자예우에 관한 법률
생활수준에 따른 지원에 관한 기준 고시"
WLF00004662,보훈대상자 생계지원금 지급,국가보훈부 보상정책과,저소득 고령 보훈대상자에게 생계지원금을 지급하여 안정된 생활을 돕습니다.,2026,1577-0606,월,현금지급,노년,생활지원,"저소득, 보훈대상자","아래 대상 중 80세 이상으로서 생활이 곤란한 사람을 지원합니다. 

참전유공자 본인
고엽제후유의증 수당지급대상 본인
518민주유공자 본인 및 선순위 유족
특수임무유공자 본인 및 선순위 유족","「생활수준에 따른 지원에 관한 기준 고시」에 따른 소득 및 재산 조사 결과, 신청인 가구의 소득인정액이 기준 중위소득의 50%이하",월 10만원의 생계지원금을 지급합니다.,"1. 거주지 읍/면/동 주민센터, 관할 보훈(지)청에서 ‘서비스 신청’
2. 담당 시/군/구청 또는 관할 보훈(지)청에서 조사 및 심사
3. 담당 시/군/구청 또는 관할 보훈(지)청에서 보장 결정
4. 이의가 있을 경우, 담당 시/군/구청 또는 관할 보훈(지)청에 이의 신청 접수
5. 담당 시/군/구청 또는 관할 보훈(지)청에서 대상자에게 서비스 제공
6. 담당 시/군/구청 또는 관할 보훈(지)청에서 서비스 제공 이후 대상자의 상황 관리",,1. 생계지원금 지급신청서 1부 2. 소득재산신고서 1부 3. 금융정보 등 제공 동의서 1부 4. 개인정보 이용 및 제공사전 동의서 1부1. 생계지원금 지급신청서 1부 2. 소득재산신고서 1부 3. 금융정보 등 제공 동의서 1부 4. 개인정보 이용 및 제공사전 동의서 1부,보훈상담센터: 1577-0606,국가보훈부: www.mpva.go.kr,"5ㆍ18민주유공자예우에 관한 법률
고엽제후유의증 등 환자지원 및 단체설립에 관한 법률
참전유공자예우 및 단체설립에 관한 법률
생활수준에 따른 지원에 관한 기준 고시
특수임무유공자 예우 및 단체설립에 관한 법률"
WLF00001157,지역자활센터 운영,보건복지부 자활정책과,"근로 능력이 있는 저소득층에게 체계적, 집중적인 자활 서비스를 제공하여 자활 의욕을 고취하고 자립 능력 향상을 지원합니다.",2026,129,월,프로그램/서비스(서비스),,일자리,저소득,지역자활센터 중 지역사회복지사업 및 자활지원사업의 수행능력과 경험 등이 있는 사회복지법인 등 비영리법인과 단체*를 지원합니다. * 「비영리민간단체지원에 관한 법률」 제2조에 등록된 단체로 정관 및 규약상 해당 사업을 수행할 수 있는 단체,지원대상의 내용을 참고해주시기 바랍니다.,"지역자활센터를 운영하는데 필요한 인건비, 관리운영비, 사업비를 지원합니다.","1. 담당 시/군/구청 또는 시군구에서 조사 및 심사
2. 담당 시/군/구청 또는 시군구에서 보장 결정
3. 담당 시/군/구청 또는 지역자활센터에서 대상자에게 서비스 제공
4. 담당 시/군/구청 또는 한국자활복지개발원에서 서비스 제공 이후 대상자의 상황 관리",,"○ 지역자활센터 지정 신청서[자활 서식 제9호] ○ 법인인 경우 법인 등기부 등본 및 정관 사본, 단체인 경우 회칙·규약 등(사본) ○ 사업계획서 ○ 자치단체에서 제출할 서류 - 최근 3년간 전체 주민 수 현황, 기초생활보장 수급자 수 현황, 조건부 수급자 수 현황 - 지역자활센터가 있는 지역에서 추가 신청하는 경우 : 자활사업 참여자 수 현황""○ 지역자활센터 지정 신청서[자활 서식 제9호] ○ 법인인 경우 법인 등기부 등본 및 정관 사본, 단체인 경우 회칙·규약 등(사본) ○ 사업계획서 ○ 자치단체에서 제출할 서류 - 최근 3년간 전체 주민 수 현황, 기초생활보장 수급자 수 현황, 조건부 수급자 수 현황 - 지역자활센터가 있는 지역에서 추가 신청하는 경우 : 자활사업 참여자 수 현황",보건복지상담센터: 129,보건복지상담센터: http://www.129.go.kr,국민기초생활 보장법
WLF00003282,다문화가족 자녀 언어발달지원서비스,성평등가족부 다문화가족과,"다문화가정의 자녀가 건강한 사회구성원, 글로벌 인재로 성장할 수 있도록 체계적인 언어발달을 돕습니다.",2026,1577-1366,수시,프로그램/서비스(서비스),"청소년, 아동, 영유아",교육,"다문화·탈북민, 한부모·조손, 저소득","언어평가 및 언어교육이 필요한 만12세 이하의 다문화가정의 자녀를 지원합니다. ※ 초등학교 재학 중인 경우, 12세를 초과하여도 대상에 포함","아래의 대상을 우선선정합니다. 

국민기초생활보장 수급자, 기준 중위소득 52% 이하인 가정
한부모가정, 조손가정, 맞벌이가정, 다자녀가정(3자녀 이상), 가구원에 장애가 있거나 요양이 필요한 질병이 있는 경우
섬벽지 지역 거주가정
위 우선지원 기준을 초과하더라도 시군구청장이 필요하다고 판단되는 경우(예 : 휴폐업한 영세영업자, 실직된 임시일용직 등 저소득 무직가구 등에 대하여 우선 선정 가능)","다문화가족 자녀 언어평가, 다문화가족 자녀 언어교육, 부모상담 및 교육을 지원합니다.

(다문화가족 자녀 언어평가) 대상 아동에게 적합한 평가도구를 활용하여 아동의 언어발달정도를 평가
(다문화가족 자녀 언어 교육) 언어발달 평가 결과 교육이 필요한 아동을 대상으로 어휘구문 발달 촉진, 대화사회적 의사소통 능력 향상, 읽기 및 이야기하기 등의 발달 촉진을 위한 언어교육 실시
(부모상담교육) 대상 아동 부모와의 공감대 형성을 위한 부모상담 및 자녀의 언어발달을 지원하기 위한 부모교육","1. 거주지 읍/면/동 주민센터, 다문화가족지원센터에서 ‘서비스 신청’
2. 담당 시/군/구청 또는 다문화가족지원센터에서 조사 및 심사
3. 담당 시/군/구청 또는 다문화가족지원센터에서 보장 결정
4. 담당 시/군/구청 또는 다문화가족지원센터에서 대상자에게 서비스 제공
5. 담당 시/군/구청 또는 다문화가족지원센터에서 서비스 제공 이후 대상자의 상황 관리",,○ 공통 - 다문화가족지원센터 서비스 개인정보 수집ㆍ이용동의서 - 다문화가족지원센터 서비스 개인정보 제3자 제공 동의서 - 회원등록 신청서 - 프로그램 신청서 - 민감정보 수집이용동의서  ○ 주민등록 등재 여부에 따라 다음과 같이 서류 제출 - 주민등록 등재시 : 주민등록등본(결혼이민자 또는 귀화자가 등본 상 기재) - 주민등록 미 등재시 : 가족관계증명서와 외국인등록증 사본 또는 가족관게증명서와 여권사본○ 공통 - 다문화가족지원센터 서비스 개인정보 수집ㆍ이용동의서 - 다문화가족지원센터 서비스 개인정보 제3자 제공 동의서 - 회원등록 신청서 - 프로그램 신청서 - 민감정보 수집이용동의서  ○ 주민등록 등재 여부에 따라 다음과 같이 서류 제출 - 주민등록 등재시 : 주민등록등본(결혼이민자 또는 귀화자가 등본 상 기재) - 주민등록 미 등재시 : 가족관계증명서와 외국인등록증 사본 또는 가족관게증명서와 여권사본,다누리콜센터: 1577-1366,다누리콜센터: http://www.liveinkorea.kr/,다문화가족지원법
WLF00000055,통합문화이용권,문화체육관광부 문화정책과,기초생활수급자 및 차상위계층 대상 문화예술·국내 여행·체육 활동 지원을 통해 문화 향유 기회 확대로 문화격차 완화 및 소외계층의 삶의 질 향상을 도모합니다.,2026,1544-3412,년,전자바우처(바우처),"중장년, 청년, 청소년, 노년, 아동",문화·여가,"장애인, 한부모·조손, 저소득","6세 이상(2020.12.31. 이전 출생자)의 기초생활수급자 및 차상위계층을 지원합니다. 

기초생활수급자
- 생계의료주거교육급여 수급자
 - 조건부 수급자- 보장시설 수급자
차상위계층
- 차상위자활근로자
- 장애수당 수급자
- 장애아동수당 수급자
- 장애인연금 부가급여 수급자(차상위초과자 제외)
- 본인부담경감대상자
- 저소득한부모가족
- 차상위계층확인서발급자(구 우선돌봄차상위) - 교육급여 수급자(학생) 외 나머지 가구원",지원대상의 내용을 참고해 주시기 바랍니다.,"문화예술 향휴, 국내 여행, 체육 활동 시 사용할 수 있는 통합문화이용권(문화누리카드)을 발급하여 개인당 문화누리카드 1매 발급(연 15만원 지원, 청소년기/준고령기 1만 원 추가 지원)합니다. 
 ※ 청소년기 : 2008년생 ~ 2013년생(13세~18세), 준고령기: 1962년생 ~ 1966년생(60세~64세) ※ 단, 추가 지원금은 해당 연령에 해당되더라도 지역별 예산이 소진되는 경우 지원 불가할 수 있음","1. 거주지 읍/면/동 주민센터, 문화누리카드 누리집(mnuri.kr) 및 모바일 앱(본인 인증 후 신청)에서 ‘서비스 신청’
2. 거주지 읍/면/동 주민센터, 행정복지센터 방문에서 ‘서비스 신청’
3. 담당 시/군/구청 또는 지방자치단체, 한국문화예술위원회에서 조사 및 심사
4. 담당 시/군/구청 또는 지방자치단체, 한국문화예술위원회에서 보장 결정
5. 담당 시/군/구청 또는 지방자치단체, 한국문화예술위원회에서 대상자에게 서비스 제공
6. 담당 시/군/구청 또는 지방자치단체(행정복지센터, 방문), 한국문화예술위원회(누리집, 온라인)에서 서비스 제공 이후 대상자의 상황 관리",,"(구비서류) ○ 온라인(누리집, 모바일 앱): 공동인증서 또는 본인 명의 휴대전화 등으로 본인 인증 필요 ○ 행정복지센터 신청 시 - 공통서류: 발급신청서  <만 19세 이상> - 본인 신청: 신청자 신분증 - 대리 신청: 신청자 신분증, 대리인 신분증, 문화이용권 신청 위임장  <만 14세-18세> - 본인 신청: 신청자 신분증 - 법정대리인 신청: 법정대리인 신분증, 대상자 기준 기본증명서(상세), 대상자 기준 가족관계증명서 - 세대주 또는 세대원(성인) 신청: 세대주 또는 세대원(성인) 신분증, 주민등록등본 - 대상자 본인의 위임을 받은 대리인 신청: 대상자 신분증, 대리인 신분증, 문화이용권 신청 위임장 - 법정대리인의 위임을 받은 대리인 신청: 대리인 신분증, 법정대리인 신분증, 대상자 기준 기본증명서(상세), 대상자 기준 가족관계증명서, 문화이용권 신청 위임장 - 세대주(성인 세대원)의 위임을 받은 대리인 신청: 대리인 신분증, 세대주 또는 세대원(성인) 신분증, 주민등록표등본, 문화이용권 신청 위임장  <만 14세 미만> - 법정대리인 신청: 법정대리인 신분증, 대상자 기준 기본증명서(상세), 대상자 기준 가족관계증명서 - 세대주 또는 세대원(성인) 신청: 세대주 또는 세대원(성인) 신분증, 주민등록표등본 - 법정대리인의 위임을 받은 대리인 신청: 대리인 신분증, 법정대리인 신분증, 대상자 기준 기본증명서(상세), 대상자 기준 가족관계증명서, 문화이용권 신청 위임장 - 세대주(성인 세대원)의 위임을 받은 대리인 신청: 대리인 신분증, 세대주 또는 세대원(성인) 신분증, 주민등록등본, 문화이용권 신청 위임장 - 본인 신청: ① 법정대리인 신분증, 대상자 기준 기본증명서(상세), 대상자 기준 가족관계증명서, 문화이용권 신청 위임장 또는 ② 세대주 또는 세대원(성인) 신분증, 주민등록표등본, 문화이용권 신청 위임장  <복지시설 발급> - 복지시설(대표자) 신청: 대상자 신분증, 복지시설 대표자 신분증, 복지시설 발급신청서, 복지시설 거주자 확인서(자체 양식) - 복지시설 대표자의 대리인 신청: 대상자 신분증, 복지시설 대표자 신분증, 대리인 신분증, 복지시설 발급신청서, 복지시설 대표자의 위임장, 복지시설 거주자 확인서(자체 양식)""(구비서류) ○ 온라인(누리집, 모바일 앱): 공동인증서 또는 본인 명의 휴대전화 등으로 본인 인증 필요 ○ 행정복지센터 신청 시 - 공통서류: 발급신청서  <만 19세 이상> - 본인 신청: 신청자 신분증 - 대리 신청: 신청자 신분증, 대리인 신분증, 문화이용권 신청 위임장  <만 14세-18세> - 본인 신청: 신청자 신분증 - 법정대리인 신청: 법정대리인 신분증, 대상자 기준 기본증명서(상세), 대상자 기준 가족관계증명서 - 세대주 또는 세대원(성인) 신청: 세대주 또는 세대원(성인) 신분증, 주민등록등본 - 대상자 본인의 위임을 받은 대리인 신청: 대상자 신분증, 대리인 신분증, 문화이용권 신청 위임장 - 법정대리인의 위임을 받은 대리인 신청: 대리인 신분증, 법정대리인 신분증, 대상자 기준 기본증명서(상세), 대상자 기준 가족관계증명서, 문화이용권 신청 위임장 - 세대주(성인 세대원)의 위임을 받은 대리인 신청: 대리인 신분증, 세대주 또는 세대원(성인) 신분증, 주민등록표등본, 문화이용권 신청 위임장  <만 14세 미만> - 법정대리인 신청: 법정대리인 신분증, 대상자 기준 기본증명서(상세), 대상자 기준 가족관계증명서 - 세대주 또는 세대원(성인) 신청: 세대주 또는 세대원(성인) 신분증, 주민등록표등본 - 법정대리인의 위임을 받은 대리인 신청: 대리인 신분증, 법정대리인 신분증, 대상자 기준 기본증명서(상세), 대상자 기준 가족관계증명서, 문화이용권 신청 위임장 - 세대주(성인 세대원)의 위임을 받은 대리인 신청: 대리인 신분증, 세대주 또는 세대원(성인) 신분증, 주민등록등본, 문화이용권 신청 위임장 - 본인 신청: ① 법정대리인 신분증, 대상자 기준 기본증명서(상세), 대상자 기준 가족관계증명서, 문화이용권 신청 위임장 또는 ② 세대주 또는 세대원(성인) 신분증, 주민등록표등본, 문화이용권 신청 위임장  <복지시설 발급> - 복지시설(대표자) 신청: 대상자 신분증, 복지시설 대표자 신분증, 복지시설 발급신청서, 복지시설 거주자 확인서(자체 양식) - 복지시설 대표자의 대리인 신청: 대상자 신분증, 복지시설 대표자 신분증, 대리인 신분증, 복지시설 발급신청서, 복지시설 대표자의 위임장, 복지시설 거주자 확인서(자체 양식)",문화누리카드: 1544-3412,문화누리카드: www.mnuri.kr,문화예술진흥법
WLF00003199,예술활동준비금 지원,문화체육관광부 예술인권리보호과,예술인들이 예술 외적인 요인으로 인해 예술활동을 중단하는 상황에 이르지 않도록 '예술활동 준비 단계'를 지원합니다.,2026,02-3668-0200,년,현금지급,"청년, 중장년, 노년",생활지원,저소득,"「예술인복지법」상예술활동증명을 완료한 예술인(국내 거주 내국인)을 지원합니다.
본 사업의 '1인 가구' 범위에 해당하는 인원의 소득인정액이 당해 연도 기준 중위소득 120% 이내인 예술인에게 지원합니다.
만 19세 미만,격년제 예술활동준비금 지원사업 운영에 따른전년도 사업 수혜 예술인, 당해연도 우리 재단 예술인 파견 지원사업-예술로, 청년예술인 예술활동 적립계좌참여 예술인 등은 참여가 불가합니다.  * 사업 공고문 참조","제출 서류 및 신청서 기술 사항에 근거하며 자세한 심의 방법은 다음과 같습니다. 

행정심의와 사회보장정보시스템을 통해 심의 소득인정액 및 자격 사항 등에 대한 조사
자문심의위원회의 심의를 통한 지원 적격여부 심의 및 부문별 배점 합산

배점 기준은 다음과 같습니다. 

소득 부문(모든 신청자 공통) 및 추가 부문(해당/선택자)으로 구성 * 소득 부문 배점표 및 추가부문 배점표는'시행지침' 참조

아래 사항에 해당하는 신청인은 배점제를 적용하지 않고 자격 충족 시 우선 선정됩니다. 

장애 예술인 : 장애인으로 등록된 자(사회보장정보시스템 연계 확인)",일반 예술활동준비금으로 1인당 300만원을 일시금으로 지원합니다. * 장애 예술인 우선 선정,"1. 거주지 읍/면/동 주민센터, 한국예술인복지재단에서 ‘서비스 신청’
2. 담당 시/군/구청 또는 한국예술인복지재단에서 조사 및 심사
3. 담당 시/군/구청 또는 한국예술인복지재단에서 보장 결정
4. 담당 시/군/구청 또는 한국예술인복지재단에서 대상자에게 서비스 제공
5. 담당 시/군/구청 또는 한국예술인복지재단에서 서비스 제공 이후 대상자의 상황 관리",,,한국예술인복지재단: 02-3668-0200,한국예술인복지재단: http://www.kawf.kr,예술인 복지법
WLF00003251,산림보호지원단,산림청 산림환경보호과,"산림보호 분야의 안정적인 일자리 창출로 취업 취약계층을 지원하고, 불법산림훼손 계도, 감시 및 산림정화활동을 통해 건전한 산림생태계를 유지합니다.",2026,042-481-4067,월,현금지급,"노년, 중장년, 청년",일자리,"장애인, 저소득","신청일 현재 만 18세 이상인 자를 대상으로 합니다. ※ 고교대학(이하 2년제3년제 대학과 대학원을 포함 한다) 재학생은 신청자격 제한(다만, 야간대학생 및 6개월 이상 장기 휴학생은 제외)
저소득층, 장애인, 6개월 이상 장기실업자 등 취업취약계층 우선선발",지원대상의 내용을 참고해주시기 바랍니다.,"불법산림훼손 계도, 감시 및 산림정화활동으로 건전한 산림생태계를 유지합니다.
산림보호 분야의 안정적인 일자리 창출로 취업취약계층을 지원합니다.
※ 산림보호지원단 참여자에게 인건비(82,560원/일)를 지급","1. 거주지 읍/면/동 주민센터, 울진국유림관리소에서 ‘서비스 신청’
2. 거주지 읍/면/동 주민센터, 홍천국유림관리소에서 ‘서비스 신청’
3. 이의가 있을 경우, 담당 시/군/구청 또는 영월국유림관리소에 이의 신청 접수
4. 이의가 있을 경우, 담당 시/군/구청 또는 함양국유림관리소에 이의 신청 접수
5. 이의가 있을 경우, 담당 시/군/구청 또는 삼척국유림관리소에 이의 신청 접수
6. 이의가 있을 경우, 담당 시/군/구청 또는 영주국유림관리소에 이의 신청 접수
7. 이의가 있을 경우, 담당 시/군/구청 또는 영덕국유림관리소에 이의 신청 접수
8. 이의가 있을 경우, 담당 시/군/구청 또는 구미국유림관리소에 이의 신청 접수
9. 이의가 있을 경우, 담당 시/군/구청 또는 양산국유림관리소에 이의 신청 접수
10. 이의가 있을 경우, 담당 시/군/구청 또는 단양국유림관리소에 이의 신청 접수
11. 이의가 있을 경우, 담당 시/군/구청 또는 정읍국유림관리소에 이의 신청 접수
12. 이의가 있을 경우, 담당 시/군/구청 또는 무주국유림관리소에 이의 신청 접수
13. 거주지 읍/면/동 주민센터, 순천국유림관리소에서 ‘서비스 신청’
14. 이의가 있을 경우, 담당 시/군/구청 또는 영암국유림관리소에 이의 신청 접수
15. 이의가 있을 경우, 담당 시/군/구청 또는 서울국유림관리소에 이의 신청 접수
16. 담당 시/군/구청 또는 울진국유림관리소에서 대상자에게 서비스 제공
17. 담당 시/군/구청 또는 양양국유림관리소에서 대상자에게 서비스 제공
18. 담당 시/군/구청 또는 평창국유림관리소에서 대상자에게 서비스 제공
19. 담당 시/군/구청 또는 정선국유림관리소에서 대상자에게 서비스 제공
20. 담당 시/군/구청 또는 부여국유림관리소에서 대상자에게 서비스 제공
21. 담당 시/군/구청 또는 보은국유림관리소에서 대상자에게 서비스 제공
22. 담당 시/군/구청 또는 울진국유림관리소에서 대상자에게 서비스 제공
23. 담당 시/군/구청 또는 강릉국유림관리소에서 대상자에게 서비스 제공
24. 거주지 읍/면/동 주민센터, 수원국유림관리소에서 ‘서비스 신청’
25. 담당 시/군/구청 또는 태백국유림관리소에서 대상자에게 서비스 제공
26. 담당 시/군/구청 또는 충주국유림관리소에서 대상자에게 서비스 제공
27. 담당 시/군/구청 또는 홍천국유림관리소에서 대상자에게 서비스 제공
28. 담당 시/군/구청 또는 순천국유림관리소에서 대상자에게 서비스 제공
29. 담당 시/군/구청 또는 수원국유림관리소에서 대상자에게 서비스 제공
30. 담당 시/군/구청 또는 인제국유림관리소에서 대상자에게 서비스 제공
31. 담당 시/군/구청 또는 민북지역국유림관리소에서 대상자에게 서비스 제공
32. 담당 시/군/구청 또는 춘천국유림관리소에서 대상자에게 서비스 제공
33. 담당 시/군/구청 또는 영월국유림관리소에서 대상자에게 서비스 제공
34. 담당 시/군/구청 또는 함양국유림관리소에서 대상자에게 서비스 제공
35. 거주지 읍/면/동 주민센터, 인제국유림관리소에서 ‘서비스 신청’
36. 담당 시/군/구청 또는 삼척국유림관리소에서 대상자에게 서비스 제공
37. 담당 시/군/구청 또는 영주국유림관리소에서 대상자에게 서비스 제공
38. 담당 시/군/구청 또는 영덕국유림관리소에서 대상자에게 서비스 제공
39. 담당 시/군/구청 또는 구미국유림관리소에서 대상자에게 서비스 제공
40. 담당 시/군/구청 또는 양산국유림관리소에서 대상자에게 서비스 제공
41. 담당 시/군/구청 또는 단양국유림관리소에서 대상자에게 서비스 제공
42. 담당 시/군/구청 또는 정읍국유림관리소에서 대상자에게 서비스 제공
43. 담당 시/군/구청 또는 무주국유림관리소에서 대상자에게 서비스 제공
44. 담당 시/군/구청 또는 영암국유림관리소에서 대상자에게 서비스 제공
45. 담당 시/군/구청 또는 서울국유림관리소에서 대상자에게 서비스 제공
46. 거주지 읍/면/동 주민센터, 민북지역국유림관리소에서 ‘서비스 신청’
47. 담당 시/군/구청 또는 울진국유림관리소에서 서비스 제공 이후 대상자의 상황 관리
48. 담당 시/군/구청 또는 양양국유림관리소에서 서비스 제공 이후 대상자의 상황 관리
49. 담당 시/군/구청 또는 평창국유림관리소에서 서비스 제공 이후 대상자의 상황 관리
50. 담당 시/군/구청 또는 정선국유림관리소에서 서비스 제공 이후 대상자의 상황 관리
51. 담당 시/군/구청 또는 부여국유림관리소에서 서비스 제공 이후 대상자의 상황 관리
52. 담당 시/군/구청 또는 보은국유림관리소에서 서비스 제공 이후 대상자의 상황 관리
53. 담당 시/군/구청 또는 울진국유림관리소에서 서비스 제공 이후 대상자의 상황 관리
54. 담당 시/군/구청 또는 강릉국유림관리소에서 서비스 제공 이후 대상자의 상황 관리
55. 담당 시/군/구청 또는 태백국유림관리소에서 서비스 제공 이후 대상자의 상황 관리
56. 담당 시/군/구청 또는 충주국유림관리소에서 서비스 제공 이후 대상자의 상황 관리
57. 거주지 읍/면/동 주민센터, 춘천국유림관리소에서 ‘서비스 신청’
58. 담당 시/군/구청 또는 홍천국유림관리소에서 서비스 제공 이후 대상자의 상황 관리
59. 담당 시/군/구청 또는 순천국유림관리소에서 서비스 제공 이후 대상자의 상황 관리
60. 담당 시/군/구청 또는 수원국유림관리소에서 서비스 제공 이후 대상자의 상황 관리
61. 담당 시/군/구청 또는 인제국유림관리소에서 서비스 제공 이후 대상자의 상황 관리
62. 담당 시/군/구청 또는 민북지역국유림관리소에서 서비스 제공 이후 대상자의 상황 관리
63. 담당 시/군/구청 또는 춘천국유림관리소에서 서비스 제공 이후 대상자의 상황 관리
64. 담당 시/군/구청 또는 영월국유림관리소에서 서비스 제공 이후 대상자의 상황 관리
65. 담당 시/군/구청 또는 함양국유림관리소에서 서비스 제공 이후 대상자의 상황 관리
66. 담당 시/군/구청 또는 삼척국유림관리소에서 서비스 제공 이후 대상자의 상황 관리
67. 담당 시/군/구청 또는 영주국유림관리소에서 서비스 제공 이후 대상자의 상황 관리
68. 거주지 읍/면/동 주민센터, 영월국유림관리소에서 ‘서비스 신청’
69. 담당 시/군/구청 또는 영덕국유림관리소에서 서비스 제공 이후 대상자의 상황 관리
70. 담당 시/군/구청 또는 구미국유림관리소에서 서비스 제공 이후 대상자의 상황 관리
71. 담당 시/군/구청 또는 양산국유림관리소에서 서비스 제공 이후 대상자의 상황 관리
72. 담당 시/군/구청 또는 단양국유림관리소에서 서비스 제공 이후 대상자의 상황 관리
73. 담당 시/군/구청 또는 정읍국유림관리소에서 서비스 제공 이후 대상자의 상황 관리
74. 담당 시/군/구청 또는 무주국유림관리소에서 서비스 제공 이후 대상자의 상황 관리
75. 담당 시/군/구청 또는 영암국유림관리소에서 서비스 제공 이후 대상자의 상황 관리
76. 담당 시/군/구청 또는 서울국유림관리소에서 서비스 제공 이후 대상자의 상황 관리
77. 거주지 읍/면/동 주민센터, 함양국유림관리소에서 ‘서비스 신청’
78. 거주지 읍/면/동 주민센터, 삼척국유림관리소에서 ‘서비스 신청’
79. 거주지 읍/면/동 주민센터, 영주국유림관리소에서 ‘서비스 신청’
80. 거주지 읍/면/동 주민센터, 양양국유림관리소에서 ‘서비스 신청’
81. 거주지 읍/면/동 주민센터, 영덕국유림관리소에서 ‘서비스 신청’
82. 거주지 읍/면/동 주민센터, 구미국유림관리소에서 ‘서비스 신청’
83. 거주지 읍/면/동 주민센터, 양산국유림관리소에서 ‘서비스 신청’
84. 거주지 읍/면/동 주민센터, 단양국유림관리소에서 ‘서비스 신청’
85. 거주지 읍/면/동 주민센터, 정읍국유림관리소에서 ‘서비스 신청’
86. 거주지 읍/면/동 주민센터, 무주국유림관리소에서 ‘서비스 신청’
87. 거주지 읍/면/동 주민센터, 영암국유림관리소에서 ‘서비스 신청’
88. 거주지 읍/면/동 주민센터, 서울국유림관리소에서 ‘서비스 신청’
89. 담당 시/군/구청 또는 울진국유림관리소에서 조사 및 심사
90. 담당 시/군/구청 또는 양양국유림관리소에서 조사 및 심사
91. 거주지 읍/면/동 주민센터, 평창국유림관리소에서 ‘서비스 신청’
92. 담당 시/군/구청 또는 평창국유림관리소에서 조사 및 심사
93. 담당 시/군/구청 또는 정선국유림관리소에서 조사 및 심사
94. 담당 시/군/구청 또는 부여국유림관리소에서 조사 및 심사
95. 담당 시/군/구청 또는 보은국유림관리소에서 조사 및 심사
96. 담당 시/군/구청 또는 울진국유림관리소에서 조사 및 심사
97. 담당 시/군/구청 또는 강릉국유림관리소에서 조사 및 심사
98. 담당 시/군/구청 또는 태백국유림관리소에서 조사 및 심사
99. 담당 시/군/구청 또는 충주국유림관리소에서 조사 및 심사
100. 담당 시/군/구청 또는 홍천국유림관리소에서 조사 및 심사
101. 담당 시/군/구청 또는 순천국유림관리소에서 조사 및 심사
102. 거주지 읍/면/동 주민센터, 정선국유림관리소에서 ‘서비스 신청’
103. 담당 시/군/구청 또는 수원국유림관리소에서 조사 및 심사
104. 담당 시/군/구청 또는 인제국유림관리소에서 조사 및 심사
105. 담당 시/군/구청 또는 민북지역국유림관리소에서 조사 및 심사
106. 담당 시/군/구청 또는 춘천국유림관리소에서 조사 및 심사
107. 담당 시/군/구청 또는 영월국유림관리소에서 조사 및 심사
108. 담당 시/군/구청 또는 함양국유림관리소에서 조사 및 심사
109. 담당 시/군/구청 또는 삼척국유림관리소에서 조사 및 심사
110. 담당 시/군/구청 또는 영주국유림관리소에서 조사 및 심사
111. 담당 시/군/구청 또는 영덕국유림관리소에서 조사 및 심사
112. 담당 시/군/구청 또는 구미국유림관리소에서 조사 및 심사
113. 거주지 읍/면/동 주민센터, 부여국유림관리소에서 ‘서비스 신청’
114. 담당 시/군/구청 또는 양산국유림관리소에서 조사 및 심사
115. 담당 시/군/구청 또는 단양국유림관리소에서 조사 및 심사
116. 담당 시/군/구청 또는 정읍국유림관리소에서 조사 및 심사
117. 담당 시/군/구청 또는 무주국유림관리소에서 조사 및 심사
118. 담당 시/군/구청 또는 영암국유림관리소에서 조사 및 심사
119. 담당 시/군/구청 또는 서울국유림관리소에서 조사 및 심사
120. 담당 시/군/구청 또는 울진국유림관리소에서 보장 결정
121. 담당 시/군/구청 또는 양양국유림관리소에서 보장 결정
122. 담당 시/군/구청 또는 평창국유림관리소에서 보장 결정
123. 담당 시/군/구청 또는 정선국유림관리소에서 보장 결정
124. 거주지 읍/면/동 주민센터, 보은국유림관리소에서 ‘서비스 신청’
125. 담당 시/군/구청 또는 부여국유림관리소에서 보장 결정
126. 담당 시/군/구청 또는 보은국유림관리소에서 보장 결정
127. 담당 시/군/구청 또는 울진국유림관리소에서 보장 결정
128. 담당 시/군/구청 또는 강릉국유림관리소에서 보장 결정
129. 담당 시/군/구청 또는 태백국유림관리소에서 보장 결정
130. 담당 시/군/구청 또는 충주국유림관리소에서 보장 결정
131. 담당 시/군/구청 또는 홍천국유림관리소에서 보장 결정
132. 담당 시/군/구청 또는 순천국유림관리소에서 보장 결정
133. 담당 시/군/구청 또는 수원국유림관리소에서 보장 결정
134. 담당 시/군/구청 또는 인제국유림관리소에서 보장 결정
135. 거주지 읍/면/동 주민센터, 강릉국유림관리소에서 ‘서비스 신청’
136. 담당 시/군/구청 또는 민북지역국유림관리소에서 보장 결정
137. 담당 시/군/구청 또는 춘천국유림관리소에서 보장 결정
138. 담당 시/군/구청 또는 영월국유림관리소에서 보장 결정
139. 담당 시/군/구청 또는 함양국유림관리소에서 보장 결정
140. 담당 시/군/구청 또는 삼척국유림관리소에서 보장 결정
141. 담당 시/군/구청 또는 영주국유림관리소에서 보장 결정
142. 담당 시/군/구청 또는 영덕국유림관리소에서 보장 결정
143. 담당 시/군/구청 또는 구미국유림관리소에서 보장 결정
144. 담당 시/군/구청 또는 양산국유림관리소에서 보장 결정
145. 담당 시/군/구청 또는 단양국유림관리소에서 보장 결정
146. 거주지 읍/면/동 주민센터, 태백국유림관리소에서 ‘서비스 신청’
147. 담당 시/군/구청 또는 정읍국유림관리소에서 보장 결정
148. 담당 시/군/구청 또는 무주국유림관리소에서 보장 결정
149. 담당 시/군/구청 또는 영암국유림관리소에서 보장 결정
150. 담당 시/군/구청 또는 서울국유림관리소에서 보장 결정
151. 이의가 있을 경우, 담당 시/군/구청 또는 울진국유림관리소에 이의 신청 접수
152. 이의가 있을 경우, 담당 시/군/구청 또는 양양국유림관리소에 이의 신청 접수
153. 이의가 있을 경우, 담당 시/군/구청 또는 평창국유림관리소에 이의 신청 접수
154. 이의가 있을 경우, 담당 시/군/구청 또는 정선국유림관리소에 이의 신청 접수
155. 이의가 있을 경우, 담당 시/군/구청 또는 부여국유림관리소에 이의 신청 접수
156. 이의가 있을 경우, 담당 시/군/구청 또는 보은국유림관리소에 이의 신청 접수
157. 거주지 읍/면/동 주민센터, 충주국유림관리소에서 ‘서비스 신청’
158. 이의가 있을 경우, 담당 시/군/구청 또는 울진국유림관리소에 이의 신청 접수
159. 이의가 있을 경우, 담당 시/군/구청 또는 강릉국유림관리소에 이의 신청 접수
160. 이의가 있을 경우, 담당 시/군/구청 또는 태백국유림관리소에 이의 신청 접수
161. 이의가 있을 경우, 담당 시/군/구청 또는 충주국유림관리소에 이의 신청 접수
162. 이의가 있을 경우, 담당 시/군/구청 또는 홍천국유림관리소에 이의 신청 접수
163. 이의가 있을 경우, 담당 시/군/구청 또는 순천국유림관리소에 이의 신청 접수
164. 이의가 있을 경우, 담당 시/군/구청 또는 수원국유림관리소에 이의 신청 접수
165. 이의가 있을 경우, 담당 시/군/구청 또는 인제국유림관리소에 이의 신청 접수
166. 이의가 있을 경우, 담당 시/군/구청 또는 민북지역국유림관리소에 이의 신청 접수
167. 이의가 있을 경우, 담당 시/군/구청 또는 춘천국유림관리소에 이의 신청 접수",,"   ◦ 표준 신청서(참여 신청은 온라인, 오프라인 방식으로 병행 가능)    ◦ 개인정보 수집･이용･제공 및 고유 식별정보 처리에 관한 동의서       (미동의 시 참여자가 직접 관계서류 제출)    ◦ 주민등록등본 1부 (세대주 및 부양가족 확인용)    ◦ 자동차 또는 원동기 등록증(사본) 및 운전면허증(사본)    ◦ 구직등록증 1부 (해당자에 한함)    ◦ 기술교육 이수증, 자격증 사본, 해당분야 근무한 경력(공무원)을 입증하는 증명서(해당사업 대상자에 한함)      ◦ 취약계층 증빙 관련서류 1부 (해당자에 한함)""   ◦ 표준 신청서(참여 신청은 온라인, 오프라인 방식으로 병행 가능)    ◦ 개인정보 수집･이용･제공 및 고유 식별정보 처리에 관한 동의서       (미동의 시 참여자가 직접 관계서류 제출)    ◦ 주민등록등본 1부 (세대주 및 부양가족 확인용)    ◦ 자동차 또는 원동기 등록증(사본) 및 운전면허증(사본)    ◦ 구직등록증 1부 (해당자에 한함)    ◦ 기술교육 이수증, 자격증 사본, 해당분야 근무한 경력(공무원)을 입증하는 증명서(해당사업 대상자에 한함)      ◦ 취약계층 증빙 관련서류 1부 (해당자에 한함)",산림청 산림환경보호과: 042-481-4067,,산림보호법
WLF00001107,지역아동센터 지원,보건복지부 아동보호자립과,"방과후 돌봄이 필요한 지역사회 아동의 건전육성을 위하여 보호·교육, 건전한 놀이와 오락의 제공, 보호자와 지역사회의 연계 등 종합적인 복지서비스를 제공합니다.",2026,129,수시,프로그램/서비스(서비스),"청소년, 아동","보호·돌봄, 생활지원, 교육, 문화·여가","한부모·조손, 장애인, 다문화·탈북민, 저소득","방과후 돌봄이 필요한 아동에게 서비스를 지원하는 지역아동센터, 아동복지교사를 대상으로 지원합니다.","이용아동 선정을 위한 연령기준은 다음과 같습니다.

18세 미만의 아동으로서 초등학교 및 중학교에 재학 중인 아동
18세 미만의 아동으로서 다음의 경우에 해당하는 아동
- 지역아동센터 이용 중 아동이 고등학교로 진학하는 경우의 고등학생
- 18세 이상이나 계속해서 지역아동센터를 이용하는 고등학생
- 지역아동센터를 이용하는 아동의 형제･자매로 그 형제･자매가 미취학아동이거나 고등학생인 경우와 형제･자매가 지역아동센터를 모두 이용하려는 경우로 그 중 1명이 초등학생 또는 중학생이고 다른 1명은 미취학아동 또는 고등학생인 경우
* 형제･자매가 같은 지역아동센터를 이용하(려)는 경우 그 형제･자매가 어린이집 또는 유치원을 이미 이용 중이더라도 시간대를 달리하여 이용가능(중복이용제한 미적용)
- 「학교 밖 청소년 지원에 관한 법률」제2조제2호에 따른 학교 밖 청소년으로서 18세 미만의 아동인 경우
- 지역적인 특성 등으로 어린이집･유치원 등을 이용할 수 없는 미취학 아동- 기타 지역특성이나 가구특성 등에 따라 지역아동센터에서 돌봄이 필요하다고 시장･군수･구청장이 인정한 경우

우선돌봄아동 및 일반아동 선정 기준은 다음과 같습니다.

(우선돌봄아동)증명서, 확인서 등을 통해 다음에 해당하는 대상자임이 확인되는 아동 또는 돌봄 특례에 해당하는 아동
* '가구'의 범위는 「국민기초생활 보장법 시행령」제2조에 따른 '개별가구'를 기준으로 판단
- 「국민기초생활 보장법」에 따른 생계･의료･주거･교육급여 수급자
- 차상위자활대상자, 차상위본인부담 경감 대상자 등 차상위계층 가구의 아동
- 「의료급여법」제3조에 따른 의료급여 수급권자
- 「장애인복지법」제32조에 따른 등록장애인이 있는 가구의 아동 또는 등록 장애인인 아동
- 「다문화가족지원법」제2조제1호에 따른 다문화가족의 아동
- 「한부모가족지원법」제4조제2호에 따른 모자가족 또는 부자가족의 아동
- 조부모와 손자녀로만 이루어진 조손가구의 아동
- 초･중･고 교육비 지원 대상자인 아동
* 초･중･고 교육비 지원 대상자는 별도의 증명서나 확인서가 없으므로 담당공무원이 사회보장정보시스템(행복이음)에서 직접 확인 필요- 자녀가 3명 이상인 가구의 아동
(일반아동) 우선돌봄아동에 해당하지 않는 아동
(돌봄 특례) 일반아동에 해당되나 시장･군수･구청장이 돌봄이 필요하다고 인정하는 다음의 경우 우선돌봄아동으로 선정 가능
* 돌봄서비스 제공･변경신청서[서식4호] 신청･접수시 보호자와 상담(유선 또는 대면) 후 돌봄필요성 확인결과서[서식29호]를 작성, 내부결재 후 결정
- 주민등록상 부모 등이 등재되어 있으나 가출･행방불명･별거 등으로 사실상 한부모가족이거나 조손가족인 아동으로서 가정 내 돌봄이 어려워 돌봄이 필요한 아동인 경우
- 보호자의 질병(중증 만성질환, 암 등)으로 가정 내 돌봄이 어려워 돌봄이 필요한 아동인 경우
- 보호자의 실직으로 가정 내 돌봄이 열악하여 돌봄이 필요한 아동인 경우
- 귀가 후 장시간 홀로 남겨지거나 열악한 지역여건으로 사회복지관 등 다른 기관의 이용이 어려워 돌봄이 필요한 아동인 경우
- 맞벌이 가정의 아동으로서 다함께돌봄센터 등 다른 기관의 이용이 어려워 돌봄이 필요한 아동인 경우 - 기타 가구특성이나 생활실태로 보아 가정 내 돌봄이 어려워 돌봄이 필요한 아동인 경우","지역아동센터를 통한 돌봄서비스로 지역사회 내 아동돌봄에 대한 사전적 예방기능 및 사후 연계를 제공합니다. 

아동보호(안전한 보호, 급식 등)
교육기능(일상생활 지도, 학습능력 제고 등)
정서적 지원(상담, 가족지원)
문화서비스(체험활동, 공연) 등","1. 거주지 읍/면/동 주민센터, 읍면동 또는 지역아동센터에서 ‘서비스 신청’
2. 담당 시/군/구청 또는 읍면동에서 조사 및 심사
3. 담당 시/군/구청 또는 시군구에서 보장 결정
4. 담당 시/군/구청 또는 지역아동센터에서 대상자에게 서비스 제공
5. 담당 시/군/구청 또는 읍면동 또는 지역아동센터에서 서비스 제공 이후 대상자의 상황 관리",,"<민원인이 제출해야 하는 서류>  돌봄서비스 제공·변경 신청서, 기타 증빙서류(건강보험 납부확인서, 돌봄 필요성을 확인할 서류 등)   - (우선돌봄아동) 생계.의료.주거.교육급여 수급자, 차상위계층, 장애인, 다문화, 한부모, 조손가정, 다자녀 등   - (일반아동) 정원의 50% 이내""<민원인이 제출해야 하는 서류>  돌봄서비스 제공·변경 신청서, 기타 증빙서류(건강보험 납부확인서, 돌봄 필요성을 확인할 서류 등)   - (우선돌봄아동) 생계.의료.주거.교육급여 수급자, 차상위계층, 장애인, 다문화, 한부모, 조손가정, 다자녀 등   - (일반아동) 정원의 50% 이내",보건복지상담센터: 129,보건복지상담센터: http://www.129.go.kr,아동복지법
WLF00001138,"자활근로(기초, 차상위)",보건복지부 자활정책과,"국민기초생활보장법에 따른 수급자 및 차상위 계층이 스스로 자립할 수 있도록 자활능력 배양, 기술습득 지원 및 근로기회를 제공합니다.",2026,129,월,현금지급,"청소년, 중장년, 청년, 노년","생활지원, 일자리",저소득,「국민기초생활보장법」에 따른 수급자 및 차상위 계층을 지원합니다.,"자활사업 참여 자격은 다음과 같습니다.

 조건부수급자：자활사업 참여를 조건으로 생계급여를 지급받는 수급자
 ※ 자활근로사업에는 조건부수급자를 우선적으로 선정하여야 함(「기초생활보장법」 시행규칙 제26조) ※ 조건부과여부 판단은 생계급여수급(권)자만을 대상으로 함
 자활급여특례자：의료급여 수급자가 자활근로, 자활기업 등 자활사업 또는 국민취업지원제도에 참가하여 발생한 소득으로 인하여 소득인정액이 기준 중위소득의 40%를 초과한 자(「국민기초생활보장사업안내」 자활급여 특례 참조)
 일반수급자 : 근로능력 없는 생계급여수급권자 및 조건부과유예자, 의료주거교육급여수급(권)자 중 참여 희망자
 ‑ 일반수급자의 경우 지역 및 개인 여건(예산자원, 참여자대기자 규모 및 대기기간, 근로능력 등)을 종합적으로 고려하여 시군구청장의 판단에 따라 참여 가능 ‑ 단, 정신질환･알코올질환자 등은 시군구청장의 판단 하에 참여 제한 가능
 특례수급가구의 가구원：의료급여특례, 이행급여특례가구의 근로능력 있는 가구원 중 자활사업 참여를 희망하는 자
 차상위자：근로능력이 있고, 소득인정액이 기준 중위소득 50% 이하인 사람 중 비수급권자
 ‑ 소득인정액이 기준 중위소득 50% 이하인 자로서 한국 국적의 미성년 자녀를 양육하고 있는 국적 미취득의 결혼이민자 포함 ‑ 만 65세 이상의 경우, 지역 및 개인 여건(예산자원, 참여자대기자 규모 및 대기기간, 근로능력 등)을 종합적으로 고려하여 시군구청장의 판단에 따라 참여 가능
 근로능력이 있는 시설수급자
 ‑ 시설수급자 중 생계의료급여 수급자：행복e음 보장결정 필수(조건부수급자 전환 불필요) ‑ 일반시설생활자(주거교육급여 수급자 및 기타)：차상위자 참여 절차 준용","자활급여(자활근로인건비)는 다음과 같습니다.

시장진입형(기술자격자): 1일 8시간, 주 5일, 단가(일/원) 62,080원(66,080원)
사회서비스일자리형: 1일 8시간, 주 5일, 단가(일/원) 53,840원(57,840원)
근로유지형: 1일 5시간, 주 5일, 단가(일/원) 29,940원(33,940원)","1. 거주지 읍/면/동 주민센터, 읍면동에서 ‘서비스 신청’
2. 담당 시/군/구청 또는 시군구에서 조사 및 심사
3. 담당 시/군/구청 또는 시군구에서 보장 결정
4. 담당 시/군/구청 또는 지역자활센터에서 대상자에게 서비스 제공
5. 담당 시/군/구청 또는 한국자활복지개발원에서 서비스 제공 이후 대상자의 상황 관리",,○ 필수서류 - 사회보장급여 제공 신청서 - 금융정보 동의서  ○ 선택서류 - 임대차계약서○ 필수서류 - 사회보장급여 제공 신청서 - 금융정보 동의서  ○ 선택서류 - 임대차계약서,보건복지상담센터: 129,"보건복지부: http://www.mohw.go.kr
보건복지부 국민기초생활보장제도: http://team.mw.go.kr/blss
보건복지상담센터: http://www.129.go.kr","국민기초생활 보장법
국민기초생활 보장법 시행령
국민기초생활 보장법 시행규칙"
WLF00000036,주거취약계층 주거상향 지원사업,국토교통부 주거복지정책과,쪽방·고시원 등 열악한 비주택거주자의 공공임대주택 이주수요를 발굴하고 LH와 협력하여 이주과정을 지원합니다.,2026,1599-0001,1회성,기타,,"주거, 생활지원",저소득,공공임대주택 입주자격을 갖춘 비주택거주자를 대상으로 합니다.,지원대상의 내용을 참고해주시기 바랍니다.,"주택물색도우미, 이사도우미 등의 지원서비스를 운영합니다.
지원대상에게 직접 지급되는 현금은 없습니다.","1. 거주지 읍/면/동 주민센터, 전국 광역지자체에서 ‘서비스 신청’
2. 거주지 읍/면/동 주민센터, 전국 기초지자체에서 ‘서비스 신청’
3. 거주지 읍/면/동 주민센터, LH에서 ‘서비스 신청’
4. 담당 시/군/구청 또는 전국 광역지자체에서 조사 및 심사
5. 담당 시/군/구청 또는 전국 기초지자체에서 조사 및 심사
6. 담당 시/군/구청 또는 LH에서 조사 및 심사
7. 담당 시/군/구청 또는 전국 광역지자체에서 보장 결정
8. 담당 시/군/구청 또는 전국 기초지자체에서 보장 결정
9. 담당 시/군/구청 또는 LH에서 보장 결정
10. 이의가 있을 경우, 담당 시/군/구청 또는 전국 광역지자체에 이의 신청 접수
11. 이의가 있을 경우, 담당 시/군/구청 또는 전국 기초지자체에 이의 신청 접수
12. 이의가 있을 경우, 담당 시/군/구청 또는 LH에 이의 신청 접수
13. 담당 시/군/구청 또는 전국 광역지자체에서 대상자에게 서비스 제공
14. 담당 시/군/구청 또는 전국 기초지자체에서 대상자에게 서비스 제공
15. 담당 시/군/구청 또는 LH에서 대상자에게 서비스 제공
16. 담당 시/군/구청 또는 전국 광역지자체에서 서비스 제공 이후 대상자의 상황 관리
17. 담당 시/군/구청 또는 전국 기초지자체에서 서비스 제공 이후 대상자의 상황 관리
18. 담당 시/군/구청 또는 LH에서 서비스 제공 이후 대상자의 상황 관리",,"본인지참 서류: 신분증, 거주사실확인 서류(등본, 임대차계약서, 입실확인서, 실거주확인서 등) 방문작성 서류: 입주신청서, 개인정보제공동의서, 금융정보 등 제공동의서 동주민센터 발급 서류: 주민등록등·초본(주소이력 전부 포함), 가족관계증명서(상세), 수급자증명서, 차상위계층확인서, 한부모가족증명서""본인지참 서류: 신분증, 거주사실확인 서류(등본, 임대차계약서, 입실확인서, 실거주확인서 등) 방문작성 서류: 입주신청서, 개인정보제공동의서, 금융정보 등 제공동의서 동주민센터 발급 서류: 주민등록등·초본(주소이력 전부 포함), 가족관계증명서(상세), 수급자증명서, 차상위계층확인서, 한부모가족증명서","마이홈: 1600-0777
국토교통부 콜센터: 1599-0001",마이홈: https://www.myhome.go.kr,주거기본법
WLF00000053,풍수해·지진재해보험료 지원,행정안전부 재난보험과,행정안전부가 관장하고 민영보험사가 판매 및 운영하는 정책보험으로 보험료의 일부를 국가가 보조하여 국민은 저렴한 보험료로 예기치 못한 풍수해 피해를 보상받도록 합니다.,2026,044-205-5359,년,감면,,"안전·위기, 생활지원",저소득,"주택 소유자세입자,온실 소유자, 소상공인의 상가 및 공장(소유자 및 세입자) 대상 풍수해지진재해보험 보험료를 지원합니다.

(지원대상 목적물) 주택(동산 포함), 온실(비닐하우스 포함), 소상공인의 상가 및 공장
(대상재해) 태풍, 홍수, 호우, 강풍, 풍랑, 해일, 대설, 지진(지진해일 포함)",지원대상의 내용을 참고해 주시기 바랍니다.,"풍수해보험 가입자가 부담하여야 하는 보험료의 일부를 국가 및 지자체에서 지원합니다. (총 보험료의 55~100%)

일반(주택, 온실, 소상공인) : 55.0 ~ 71.2%
한부모 가족,차상위계층 : 77.5~78.4%
기초생활수급자 : 86.5~87%
풍수해지진재해 피해 이력이 있거나 재해취약지역 내 주택에 거주 중인 경제취약계층 : 100%","1. 거주지 읍/면/동 주민센터, 풍수해·지진재해보험2(경제취약계층 또는 세입자동산 가입자) 상품은 가까운 행정복지센터 내 풍수해·지진재해보험 담당자를 통해 가입에서 ‘서비스 신청’
2. 거주지 읍/면/동 주민센터, 민간보험사: DB손해보험, 현대해상, 삼성화재, KB손해보험, 농협손해보험, 한화손해보험(한화 손보는 전북지역 온실 상품 한정), 메리츠화재해상보험에서 ‘서비스 신청’
3. 담당 시/군/구청 또는 민간보험사: DB손해보험, 현대해상, 삼성화재, KB손해보험, NH손해보험, 한화손해보험, 메리츠화재해상보험에서 조사 및 심사
4. 담당 시/군/구청 또는 민간보험사: DB손해보험, 현대해상, 삼성화재, KB손해보험, 농협손해보험, 한화손해보험, 메리츠화재해상보험에서 보장 결정
5. 담당 시/군/구청 또는 행정안전부, 지방자치단체에서 대상자에게 서비스 제공
6. 담당 시/군/구청 또는 관할 자치단체에서 서비스 제공 이후 대상자의 상황 관리",,,"재난보험과: 044-205-5359
DB손해보험(풍수해보험): 044-205-5990
현대해상(풍수해보험): 044-205-5991
삼성화재(풍수해보험): 044-205-5992
KB손해보험(풍수해보험): 044-205-5993
NH농협손해보험(풍수해보험): 044-205-5994
한화손해보험(풍수해보험): 044-205-5995
메리츠화재해상보험(풍수해보험): 044-205-5996",,"풍수해보험법
재난 및 안전관리 기본법"
WLF00001162,긴급복지 연료비 및 전기요금,보건복지부 기초생활보장과,"긴급복지 주지원(생계지원, 주거지원)을 받는 가구 중 위기상황을 극복하기 위해 연료비나 전기요금 지원이 필요한 경우 부가적으로 지원합니다.",2026,129,월,"현물지급, 현금지급",,생활지원,저소득,"생계곤란 등의 위기상황에 처하여 도움이 필요한 긴급복지 생계지원,주거지원을 받는 긴급지원대상가구 중 부가지원이 필요하다고 시군구청장이 인정하는 가구를 지원합니다.

(연료비)동절기(10~3월)에 한하여 연료비가 필요하다고 시군구청장이 인정하는 가구
(전기요금)주택용 전기가 단전(전류 제한기 부설 포함)되어 전기요금 지원이 필요하다고 시.군.구청장이 인정하는 가구 * 비주택용/공업용/소매상용도의 전기이거나 전기요금을 50만원 이상 연체한 경우","긴급복지지원 지원대상은 다음과 같습니다.

지원대상 : 주소득자의 실직으로 소득상실, 중한 질병 등 위기사유로 생계유지 등이 어렵게 된 위기상황에 처한 가구
위기상황
1. 주소득자(主所得者)가 사망, 가출, 행방불명, 구금시설에 수용되는 등의 사유로 소득을 상실한 경우
2. 중한 질병 또는 부상을 당한 경우
3. 가구구성원으로부터 방임(放任) 또는 유기(遺棄)되거나 학대 등을 당한 경우
4. 가정폭력 또는 가구구성원으로부터 성폭력을 당한 경우
5. 화재 또는 자연재해 등으로 인하여 거주하는 주택 또는 건물에서 생활하기 곤란한 경우
6. 주소득자 또는 부소득자의 휴업, 폐업 또는 사업장의 화재 등으로 인하여 실질적인 영업이 곤란하게 된 경우
7. 주소득자 또는 부소득자의 실직으로 소득을 상실한 경우
8. 보건복지부령으로 정하는 기준에 따라 지방자치단체의 조례로 정한 사유가 발생한 경우
9. 그 밖에 보건복지부 장관이 정하여 고시하는 경우
 이혼으로 소득이 현저히 감소한 경우
 소득의 상실 또는 현저한 감소로 인하여단전된 경우(전류 제한기를 부설한 경우 포함)
 교정시설에서 출소한 자가 생계가 곤란한 경우
 가족으로부터 방임(放任)이나유기(遺棄) 또는 생계 곤란 등으로 노숙을 하는 경우
 복지사각지대 발굴대상자, 통합사례관리 대상자 또는 자살고위험군으로서 관련 부서(기관)로부터 생계가 어렵다고 추천을 받은 경우
 타인의 범죄로 인하여 피해자가 거주하는 주택 또는 건물에서 생활하기 곤란하여 거주지를 이전하는 경우10. 타법률 「전세사기피해자 지원 및 주거안정에 관한 특별법」 제28조를 적용받는 경우 「10.29 이태원 참사 피해자 권리보장과 진상규명 및 재발방지를 위한 특별법」제 62조를 적용받는 경우  「1229여객기참사 피해구제 및 지원 등을 위한 특별법」 제17조를 적용받는 경우  「경북ㆍ경남ㆍ울산 초대형산불 피해구제 및 지원 등을 위한 특별법」 제19조를 적용받는 경우
소득 ･재산 기준
- (소득기준)기준 중위소득 75% 이하
 * 1인기준 1,923천원, 4인기준 4,871천원
- (재산기준)지역별 재산 기준금액 이하
 * 재산의 의미 : 일반재산 + 금융재산 + 보험, 청약저축, 주택청약 종합저축 - 주거용재산 공제한도액 - 부채
･(대도시) 2억 4천 백만원 이하
･(중소도시) 1억 5,200만원 이하 (주거용재산 공제한도액 적용시 1억 9,400만원 이하)
･(농어촌) 1억 3,000만원 이하 (주거용재산 공제한도액 적용시 1억 6,500만원 이하)
- (금융재산기준) 가구원수별 생활준비금에 600만원을 합산한 금액 이하(주거지원은 200만원 추가한 금액 이하) * 1인기준8,564천원이하, 4인기준 12,494천원 이하","(연료비) 동절기(10~3월)에 긴급복지 생계 ･주거지원을 받고 있는 긴급지원대상가구에 150,000원(월) 정액 지원
(전기요금) 긴급복지 생계 ･주거지원을 받고 있는 긴급지원대상가구의 주택용 전기가 50만원 미만으로 체납되어 단전된 경우 최대 50만원 범위 내에서 지원 * 전기요금의 경우, 긴급지원대상가 [서식 7]지원요청서(전기요금체납고지서 첨부)를 시군구청장에게 제출하면, 시군구청장이 지체없이 전기요금을 고지서 발급기관에 지급","1. 담당 시/군/구청 또는 시군구에서 조사 및 심사
2. 담당 시/군/구청 또는 시군구에서 보장 결정
3. 이의가 있을 경우, 담당 시/군/구청 또는 시군구에 이의 신청 접수
4. 담당 시/군/구청 또는 시군구에서 대상자에게 서비스 제공
5. 담당 시/군/구청 또는 시군구에서 서비스 제공 이후 대상자의 상황 관리",,,보건복지상담센터: 129,보건복지상담센터: http://www.129.go.kr,긴급복지지원법
WLF00001132,생계급여(맞춤형 급여),보건복지부 기초생활보장과,생활이 어려운 사람에게 필요한 급여를 실시하여 최저생활을 보장하고 자활을 돕습니다.,2026,129,월,현금지급,"청소년, 청년, 중장년",생활지원,저소득,"가구의 소득인정액이 생계급여 선정기준 이하로서 생계급여 수급자로 결정된 수급자에게 지급합니다.
타 법령에 따라 생계급여를 지원받는 경우에는 가구의 소득인정액이 생계급여 선정기준 이하더라도 생계급여를 지급하지 않습니다.
- 노숙인 자활시설 및 청소년쉼터 또는 한국법무보호공단시설 거주자
- 하나원에 재원중인 북한이탈주민 등 타 법령에 따라 국가 또는 지방자치단체 등으로부터 생계를 보장받는 사람 * 보장시설수급자는 별도의 급여기준에 따라 지급","소득인정액 기준 및 부양의무자 기준을 동시에 충족하여야 합니다.
소득인정액 기준은 다음과 같습니다.

생계급여 기준 중위소득 32% 이하- 1인가구: 820,556원, 2인가구: 1,343,773원, 3인가구: 1,714,892원, 4인가구: 2,078,316원, 5인가구: 2,418,150원, 6인 가구: 2,737,905원
생계급여액은 생계급여 선정기준(급여기준)에서 가구의 소득인정액을 차감한 금액
- 소득인정액 = 소득평가액 + 재산의 소득환산액
* 소득평가액 = 실제소득 - 가구특성별 지출비용 - 근로소득공제* 재산의 소득환산액 = (재산의 종류별가액-기본재산액-부채) X 재산의 종류별 소득환산율

부양의무자 기준은 다음과 같습니다.

부양의무자 범위 : 수급권자의 1촌 직계혈족 및 그 배우자(배우자가 사망한 사위며느리계부계모는 수급권자의 부양의무자가 아님)
부양의무자 기준
- 적용：의료급여
- 미적용：생계*, 주거, 교육급여 * 단, 부양의무자의 소득 연 1.3억원(월소득 1,084만원) 또는 일반재산 12억원을 초과하는 경우 생계급여 대상에서 제외","수급자에게 생계급여를 지급합니다.

(일반수급자) 가구별 소득인정액에 따라 급여액이 다름- 생계급여액은 생계급여최저보장수준(대상자 선정기준)에서 가구의 소득인정액을 차감한 금액
(시설수급자) 시설 규모에 따라 지급기준이 다름","1. 거주지 읍/면/동 주민센터, 읍면동 에서 ‘서비스 신청’
2. 담당 시/군/구청 또는 시군구 에서 조사 및 심사
3. 담당 시/군/구청 또는 시군구 에서 보장 결정
4. 이의가 있을 경우, 담당 시/군/구청 또는 시군구에 이의 신청 접수
5. 담당 시/군/구청 또는 시군구 에서 대상자에게 서비스 제공
6. 담당 시/군/구청 또는 시군구에서 서비스 제공 이후 대상자의 상황 관리",,"사회보장급여신청(변경)서 임대차계약서 금융거래정보제공동의서 (부양의무자도 작성) 소득증명서 (최근 3개월간) 기타 (부채증명서, 진단서 등)""사회보장급여신청(변경)서 임대차계약서 금융거래정보제공동의서 (부양의무자도 작성) 소득증명서 (최근 3개월간) 기타 (부채증명서, 진단서 등)",보건복지부 콜센터: 129,보건복지부 콜센터: http://www.129.go.kr,국민기초생활 보장법
WLF00000078,청소년특별지원,성평등가족부 학교밖청소년지원과,사회·경제적으로 어려움을 겪는 위기청소년에게 생활비·치료비·학업지원비·심리검사 상담비 등 지원으로 건강한 성장 지원합니다.,2026,02-2100-6000,수시,"현금지급, 현물지급","아동, 청소년, 청년","법률, 생활지원, 일자리, 신체건강, 문화·여가, 교육",저소득,"9세 이상 24세 이하 청소년 중 아래 대상자를 지원합니다.

「청소년복지 지원법」 제19조 제1항에 따른 교육적 선도 대상자 중에서 비행일탈예방을 위하여 지원이 필요한 청소년
「학교 밖 청소년 지원에 관한 법률」 제2조제2호에 따른 학교 밖 청소년
보호자가 없거나, 실질적으로 보호자의 보호를 받지 못하는 청소년
타인과의 교류가 거의 없거나 상당한 기간 이상 제한된 거주공간에서만 생활하여 일상생활이 현저히 곤란한 청소년* 다른 제도 및 법령에 따라 동일한 내용의 지원을 받지 않는 청소년에 한함","청소년이 속한 가구의 소득이 일정 기준금액(중위소득 100%) 이하인 청소년을 대상으로 합니다. ※ 주민등록 거주지, 친부모 , 양부모 등을 구분하지 않고 실제로 생계나 주거를 같이하는 부모만 가구원에 포함","(생활지원) 월 65만원 이하

 의복음식물 및 연료비 기타 일상생활에 필요한 기초생계비
 숙식 제공

(건강지원) 월 200만원 이하

 진찰검사
 약제치료재료의 지급
 처치수술 및 기타 치료
 예방재활
 입원, 간호
 이송 등 기타 조치사항

(학업지원)  월 15만원(수업료), 월 30만원 이하(검정고시, 학원비)

 초중등교육법 제2조에 의한 학교 입학금 및 수업료
 교과서대금
 초중등교육법시행령 제97조 제1항에 의한 고등학교입학자격 검정고시 및 동법 제98조 제1항에 의한 고등학교 졸업학력 검정고시의 준비에 필요한 학원비
 학원비(교과목 관련)

(자립지원) 월 36만원 이하

 기술 및 기능 습득을 위한 비용
 진로상담 비용 및 직업체험 비용
 취업알선 및 사후지도 비용

(상담지원) 월 30만원 이하, 심리검사비 연 40만원 별도

 정신적･심리적 치료를 위한 청소년 본인 및 가족의 상담비, 심리검사비
 프로그램 참가비

(법률지원) 연 350만원 이하

 소송비용
 법률상담비용

(청소년 활동지원) 월 30만원 이하

 수련활동비
 문화활동비(문화체험비)
 교류활동비 등

(기타 지원)

 청소년이 수치심을 느낄 수 있는 외모 및 흉터 등의 교정
 교복 지원, 체육복 등
 학용품비, 수업준비물","1. 거주지 읍/면/동 주민센터, 읍면동 행정복지센터 또는 복지로 웹사이트(PC/모바일앱)에서 ‘서비스 신청’
2. 담당 시/군/구청 또는 시군구에서 조사 및 심사
3. 담당 시/군/구청 또는 시군구에서 보장 결정
4. 담당 시/군/구청 또는 시군구에서 대상자에게 서비스 제공
5. 담당 시/군/구청 또는 읍면동 행정복지센터 및 청소년 상담복지센터 등에서 서비스 제공 이후 대상자의 상황 관리",,○ 사회보장급여 신청(변경)서*(「사회보장급여관련 공통서식에 관한 고시」 (보건복지부고시 제2025-116호(2025.7.4. 시행) 참조) ○ 특별지원 사전 검토서○ 사회보장급여 신청(변경)서*(「사회보장급여관련 공통서식에 관한 고시」 (보건복지부고시 제2025-116호(2025.7.4. 시행) 참조) ○ 특별지원 사전 검토서,성평등가족부: 02-2100-6000,성평등가족부: http://www.mogef.go.kr/index.jsp,청소년복지 지원법
WLF00001135,해산급여,보건복지부 기초생활보장과,수급자 가구의 조산 및 분만전과 분만후의 출산에 필요한 조치와 보호를 위해 해산비를 지급합니다.,2026,129,수시,현금지급,임신 · 출산,"생활지원, 임신·출산",저소득,"생계, 의료, 주거급여 수급자가 출산한 경우(출산예정 포함) 해산급여를 지급합니다.",지원대상의 내용을 참고해주시기 바랍니다.,"수급자가 출산(출산예정 포함)한 경우 1인당 70만원을 지급합니다.

추가 출생영아 1인당 70만원 추가지급(쌍둥이 출산 시 140만원 지급)","1. 거주지 읍/면/동 주민센터, 읍면동 또는 복지로 웹사이트(PC/모바일앱)에서 ‘서비스 신청’
2. 담당 시/군/구청 또는 시군구 에서 조사 및 심사
3. 담당 시/군/구청 또는 시군구 에서 보장 결정
4. 이의가 있을 경우, 담당 시/군/구청 또는 시군구에 이의 신청 접수
5. 담당 시/군/구청 또는 시군구 에서 대상자에게 서비스 제공
6. 담당 시/군/구청 또는 시군구에서 서비스 제공 이후 대상자의 상황 관리",,"- 방문   * 해산급여지원신청서   * 출생증명서(출생신고로 대체 가능)   * 출산예정자는 출산예정일 4주 전부터 신청가능(의사소견서 또는 의사 진단서, 산모수첩을 통해 확인)   * 사산의 경우 의사･한의사 또는 조산사의 사실확인서를 첨부   * 통장사본(신청인명의)  - 온라인   * 출생증명서(출생신고로 대체 가능)   * 출산예정자는 출산예정일 4주 전부터 신청가능(의사소견서 또는 의사 진단서, 산모수첩을 통해 확인)   * 사산의 경우 의사･한의사 또는 조산사의 사실확인서를 첨부   * 통장사본(신청인명의)     · 급여계좌 계좌번호 확인 5회 이상 실패 시 첨부     · 급여계좌로 압류방지계좌 등록 시 첨부""- 방문   * 해산급여지원신청서   * 출생증명서(출생신고로 대체 가능)   * 출산예정자는 출산예정일 4주 전부터 신청가능(의사소견서 또는 의사 진단서, 산모수첩을 통해 확인)   * 사산의 경우 의사･한의사 또는 조산사의 사실확인서를 첨부   * 통장사본(신청인명의)  - 온라인   * 출생증명서(출생신고로 대체 가능)   * 출산예정자는 출산예정일 4주 전부터 신청가능(의사소견서 또는 의사 진단서, 산모수첩을 통해 확인)   * 사산의 경우 의사･한의사 또는 조산사의 사실확인서를 첨부   * 통장사본(신청인명의)     · 급여계좌 계좌번호 확인 5회 이상 실패 시 첨부     · 급여계좌로 압류방지계좌 등록 시 첨부",보건복지상담센터: 129,보건복지부: http://www.mohw.go.kr,국민기초생활 보장법
WLF00003267,장제급여,보건복지부 기초생활보장과,"수급자가 사망하였을 경우 사체의 검안, 운반, 화장 또는 매장 등의 기타 장례를 하는데 필요한 금품을 지원합니다.",2026,129,수시,현금지급,,생활지원,저소득,"다음과 같은 경우 장제급여를 지급합니다.

생계, 의료, 주거급여 수급자가 사망한 경우
「의사상자 등 예우 및 지원에 관한 법률」 제14조(장제보호)에 따른 의사자 * 의사자에 대한 장제급여 신청기간은 의사자 인정일로부터 3년 이내로 제한",지원대상의 내용을 참고해주시기 바랍니다.,"수급자가 사망한 경우 사체의 검안, 운반, 화장 또는 매장 기타 장제조치를 행하는 데 필요한 금품으로 1구당 80만원을 지급합니다.","1. 거주지 읍/면/동 주민센터, 읍면동 또는 복지로 웹사이트(PC/모바일앱)에서 ‘서비스 신청’
2. 담당 시/군/구청 또는 시군구에서 조사 및 심사
3. 담당 시/군/구청 또는 시군구에서 보장 결정
4. 이의가 있을 경우, 담당 시/군/구청 또는 시군구에 이의 신청 접수
5. 담당 시/군/구청 또는 시군구에서 대상자에게 서비스 제공
6. 담당 시/군/구청 또는 시군구에서 서비스 제공 이후 대상자의 상황 관리",,"- 방문   * 장제급여지원신청서   * 장제비영수증(실제 장제여부 확인용)   * 사망진단서(또는 사체검안서, 인우증명서)     ※ 주민등록상 사망신고가 되어 있는 경우 사망진단서 불필요   * 통장사본(신청인명의)  - 온라인        * 장제비영수증(실제 장제여부 확인용)   * 통장사본(신청인명의)     · 급여계좌 계좌번호 확인 5회 이상 실패 시 첨부     · 급여계좌로 압류방지계좌 등록 시 첨부""- 방문   * 장제급여지원신청서   * 장제비영수증(실제 장제여부 확인용)   * 사망진단서(또는 사체검안서, 인우증명서)     ※ 주민등록상 사망신고가 되어 있는 경우 사망진단서 불필요   * 통장사본(신청인명의)  - 온라인        * 장제비영수증(실제 장제여부 확인용)   * 통장사본(신청인명의)     · 급여계좌 계좌번호 확인 5회 이상 실패 시 첨부     · 급여계좌로 압류방지계좌 등록 시 첨부",보건복지상담센터: 129,보건복지부: http://www.mohw.go.kr,국민기초생활 보장법
WLF00003180,긴급복지 생계지원,보건복지부 기초생활보장과,생계곤란 등의 위기상황에 처하여 도움이 필요한 사람을 일시적으로 신속하게 지원함으로써 위기상황에서 벗어나도록 합니다.,2026,129,월,현금지급,,생활지원,저소득,"본인 또는 본인과 생계 및 주거를 같이 하고 있는 가구 구성원이 주소득자 사망, 가출 등으로소득상실, 중한 질병 등 위기사유로 생계유지 등이 어렵게 된 위기상황에 처한 가구를 대상으로 지원합니다.","긴급복지지원 지원대상은 다음과 같습니다.

지원대상 : 주소득자의 실직으로 소득상실, 중한 질병 등 위기사유로 생계유지 등이 어렵게 된 위기상황에 처한 가구
위기상황
1. 주소득자(主所得者)가 사망, 가출, 행방불명, 구금시설에 수용되는 등의 사유로 소득을 상실한 경우
2. 중한 질병 또는 부상을 당한 경우
3. 가구구성원으로부터 방임(放任) 또는 유기(遺棄)되거나 학대 등을 당한 경우
4. 가정폭력 또는 가구구성원으로부터 성폭력을 당한 경우
5. 화재 또는 자연재해 등으로 인하여 거주하는 주택 또는 건물에서 생활하기 곤란한 경우
6. 주소득자 또는 부소득자의 휴업, 폐업 또는 사업장의 화재 등으로 인하여 실질적인 영업이 곤란하게 된 경우
7. 주소득자 또는 부소득자의 실직으로 소득을 상실한 경우
8. 보건복지부령으로 정하는 기준에 따라 지방자치단체의 조례로 정한 사유가 발생한 경우
9. 그 밖에 보건복지부 장관이 정하여 고시하는 경우
 이혼으로 소득이 현저히 감소한 경우
 소득의 상실 또는 현저한 감소로 인하여단전된 경우(전류 제한기를 부설한 경우 포함)
 교정시설에서 출소한 자가 생계가 곤란한 경우
 가족으로부터 방임(放任)이나유기(遺棄) 또는 생계 곤란 등으로 노숙을 하는 경우
 복지사각지대 발굴대상자, 통합사례관리 대상자 또는 자살고위험군으로서 관련 부서(기관)로부터 생계가 어렵다고 추천을 받은 경우
 타인의 범죄로 인하여 피해자가 거주하는 주택 또는 건물에서 생활하기 곤란하여 거주지를 이전하는 경우10. 타법률 「전세사기피해자 지원 및 주거안정에 관한 특별법」 제28조를 적용받는 경우 「10.29 이태원 참사 피해자 권리보장과 진상규명 및 재발방지를 위한 특별법」제 62조를 적용받는 경우,  「1229여객기참사 피해구제 및 지원 등을 위한 특별법」 제17조를 적용받는 경우  「경북ㆍ경남ㆍ울산 초대형산불 피해구제 및 지원 등을 위한 특별법」 제19조를 적용받는 경우
소득 ･재산 기준
- (소득기준)기준 중위소득 75% 이하
 * 1인기준 1,923천원, 4인기준 4,871천원
- (재산기준)지역별 재산 기준금액 이하
 * 재산의 의미 : 일반재산 + 금융재산 + 보험, 청약저축, 주택청약 종합저축 - 주거용재산 공제한도액 - 부채
 ･ (대도시) 2억 4,100만원 이하 (주거용재산 공제한도액 적용시 3억 1천만원 이하)
 ･ (중소도시) 1억 5,200만원 이하 (주거용재산 공제한도액 적용시 1억 9,400만원 이하)
 ･ (농어촌) 1억 3,000만원 이하 (주거용재산 공제한도액 적용시 1억 6,500만원 이하)
- (금융재산기준) 가구원수별 생활준비금에 600만원을 합산한 금액 이하(주거지원은 200만원 추가한 금액 이하) * 1인 8,564천원이하, 4인 기준 12,494천원 이하","식료품비･의복비･냉방비 등 생계유지에 필요한 비용을 지원합니다.
가구구성원의 수에 따라 다음의 지원금액을정액 지급합니다. 

1인 가구 : 783,000원/월
2인 가족 : 1,286,600원/월
3인 가족 : 1,644,000원/월
4인 가족 : 1,994,600원/월
5인 가족 : 2,324,400원/월
6인 가족 : 2,636,700원/월
7인 이상 : 1인 증가 시마다 301,700/월씩 추가 * 2021년부터 긴급복지 생계지원 금액에 냉방비 포함","1. 담당 시/군/구청 또는 시군구에서 조사 및 심사
2. 담당 시/군/구청 또는 시군구에서 보장 결정
3. 이의가 있을 경우, 담당 시/군/구청 또는 시군구에 이의 신청 접수
4. 담당 시/군/구청 또는 시군구에서 대상자에게 서비스 제공
5. 담당 시/군/구청 또는 시군구에서 서비스 제공 이후 대상자의 상황 관리",,"기본서류현장확인서(가구원 정보 및 소득재산 기재), 긴급지원수급계좌 입금신청서 소득관련서류급여명세서, 고용임금확인서 또는 소득신고서 주의고용임금확인서: 급여명세서 발급이 어려운 경우, 고용되어 있음을 확인 주의소득신고서: 최근 3개월 간의 평균 월소득 기재 재산관련서류전(월)세 계약서 또는 사용대차확인서 금융재산관련서류금융정보등제공동의서(가구주 포함 가구원 서명란 확인 기재) · 가구원 통장(최근 6개월 거래한 내용이 있는 통장) · 보험증권 위기재산관련서류진단서 · 입원확인서, 휴폐업사실증명서, 출소증명서, 실종신고서, 파산증명서, 이혼증명서, 체납고지서 등""기본서류현장확인서(가구원 정보 및 소득재산 기재), 긴급지원수급계좌 입금신청서 소득관련서류급여명세서, 고용임금확인서 또는 소득신고서 주의고용임금확인서: 급여명세서 발급이 어려운 경우, 고용되어 있음을 확인 주의소득신고서: 최근 3개월 간의 평균 월소득 기재 재산관련서류전(월)세 계약서 또는 사용대차확인서 금융재산관련서류금융정보등제공동의서(가구주 포함 가구원 서명란 확인 기재) · 가구원 통장(최근 6개월 거래한 내용이 있는 통장) · 보험증권 위기재산관련서류진단서 · 입원확인서, 휴폐업사실증명서, 출소증명서, 실종신고서, 파산증명서, 이혼증명서, 체납고지서 등",보건복지부상담센터: 129,보건복지부상담센터: http://www.129.go.kr,긴급복지지원법
WLF00001112,긴급복지 교육지원,보건복지부 기초생활보장과,"생계곤란 등의 위기상황에 처하여 도움이 필요한 긴급복지(생계지원, 주거지원, 사회복지시설 이용지원)를 받는 대상자 중 부가지원인 교육지원이 필요하다고 인정되는 초･중･고등학교 입학생 또는 재학생을 지원합니다.",2026,129,분기,현금지급,"아동, 청소년",교육,저소득,"긴급복지 주지원 중 생계, 주거, 사회복지시설 이용지원을 받는 긴급지원대상자(가구구성원 포함) 중초.중.고등학교 입학생 또는 재학생에 대해 학용품비 등 학비 지원이 필요하다고 시.군.구청장이 인정하는 사람을 지원합니다.
긴급지원대상자로서 국가 또는 지방자치단체 등으로부터 타 교육지원을 받고 있는 경우, 지원대상에서 제외됩니다.","긴급복지지원 지원대상은 다음과 같습니다.

지원대상 : 주소득자의 실직으로 소득상실, 중한 질병 등 위기사유로 생계유지 등이 어렵게 된 위기상황에 처한 가구
위기상황
1. 주소득자(主所得者)가 사망, 가출, 행방불명, 구금시설에 수용되는 등의 사유로 소득을 상실한 경우
2. 중한 질병 또는 부상을 당한 경우
3. 가구구성원으로부터 방임(放任) 또는 유기(遺棄)되거나 학대 등을 당한 경우
4. 가정폭력 또는 가구구성원으로부터 성폭력을 당한 경우
5. 화재 또는 자연재해 등으로 인하여 거주하는 주택 또는 건물에서 생활하기 곤란한 경우
6. 주소득자 또는 부소득자의 휴업, 폐업 또는 사업장의 화재 등으로 인하여 실질적인 영업이 곤란하게 된 경우
7. 주소득자 또는 부소득자의 실직으로 소득을 상실한 경우
8. 보건복지부령으로 정하는 기준에 따라 지방자치단체의 조례로 정한 사유가 발생한 경우
9. 그 밖에 보건복지부 장관이 정하여 고시하는 경우
 이혼으로 소득이 현저히 감소한 경우
 소득의 상실 또는 현저한 감소로 인하여단전된 경우(전류 제한기를 부설한 경우 포함)
 교정시설에서 출소한 자가 생계가 곤란한 경우
 가족으로부터 방임(放任)이나유기(遺棄) 또는 생계 곤란 등으로 노숙을 하는 경우
 복지사각지대 발굴대상자, 통합사례관리 대상자 또는 자살고위험군으로서 관련 부서(기관)로부터 생계가 어렵다고 추천을 받은 경우
 타인의 범죄로 인하여 피해자가 거주하는 주택 또는 건물에서 생활하기 곤란하여 거주지를 이전하는 경우10. 타법률 「전세사기피해자 지원 및 주거안정에 관한 특별법」 제28조를 적용받는 경우 「10.29 이태원 참사 피해자 권리보장과 진상규명 및 재발방지를 위한 특별법」제 62조를 적용받는 경우,  「1229여객기참사 피해구제 및 지원 등을 위한 특별법」 제17조를 적용받는 경우  「경북ㆍ경남ㆍ울산 초대형산불 피해구제 및 지원 등을 위한 특별법」 제19조를 적용받는 경우
소득 ･재산 기준
- (소득기준)기준 중위소득 75% 이하
 * 1인기준 1,923천원, 4인기준 4,871천원
- (재산기준)지역별 재산 기준금액 이하
 * 재산의 의미 : 일반재산 + 금융재산 + 보험, 청약저축, 주택청약 종합저축 - 주거용재산 공제한도액 - 부채
 ･ (대도시) 2억 4,100만원 이하 (주거용재산 공제한도액 적용시 3억 1천만원 이하)
 ･ (중소도시) 1억 5,200만원 이하 (주거용재산 공제한도액 적용시 1억 9,400만원 이하)
 ･ (농어촌) 1억 3,000만원 이하 (주거용재산 공제한도액 적용시 1억 6,500만원 이하)
- (금융재산기준) 가구원수별 생활준비금에 600만원을 합산한 금액 이하(주거지원은 200만원 추가한 금액 이하) * 1인 8,564천원이하, 4인 기준 12,494천원 이하","다음 금액을 분기 단위로 1회 지원합니다. (요청일이 속하는 해당 분기 단위 지원)

(초등학생) 127,900원
(중학생) 180,000원
(고등학생) 214,000원 및 수업료(해당 학교장이 고지한 금액), 입학금(해당 학교장이 고지한 금액) * 고등학생이 수업료 및 입학금을 지원받은 경우도 전액 지원","1. 담당 시/군/구청 또는 시군구에서 조사 및 심사
2. 담당 시/군/구청 또는 시군구에서 보장 결정
3. 이의가 있을 경우, 담당 시/군/구청 또는 시군구에 이의 신청 접수
4. 담당 시/군/구청 또는 시군구에서 대상자에게 서비스 제공
5. 담당 시/군/구청 또는 시군구에서 서비스 제공 이후 대상자의 상황 관리",,,보건복지부상담센터: 129,보건복지부상담센터: http://www.129.go.kr,긴급복지지원법
WLF00003179,긴급복지 의료지원,보건복지부 기초생활보장과,수술 또는 입원이 필요한 중한 질병 또는 부상으로 당해 의료비를 감당하기 곤란한 사람에게 의료비 및 약제비를 지원함으로써 위기상황에서 벗어날 수 있도록 합니다.,2026,129,1회성,현물지급,,신체건강,저소득,"수술 또는 입원이 필요한 중한 질병 또는 부상을 당해 발생한 의료비를 감당하기 곤란한 사람을 대상으로 지원합니다.
 

퇴원 3일 전까지 시.군.구청장에게 의료지원을 요청한 경우 지원합니다.
지원 요청 후 사망한 분도 지원대상에 포함됩니다.
동일 상병에 대해 지원을 받은 이력이 있는 경우, 이전 지원 종료 후 2년이 경과 시 재지원이 가능합니다.
상이한 상병일 경우, 기 의료지원 종료시점과 관계없이 다시 의료지원이 가능합니다.","긴급복지지원 지원대상은 다음과 같습니다.

지원대상 : 주소득자의 실직으로 소득상실, 중한 질병 등 위기사유로 생계유지 등이 어렵게 된 위기상황에 처한 가구
위기상황
1. 주소득자(主所得者)가 사망, 가출, 행방불명, 구금시설에 수용되는 등의 사유로 소득을 상실한 경우
2. 중한 질병 또는 부상을 당한 경우
3. 가구구성원으로부터 방임(放任) 또는 유기(遺棄)되거나 학대 등을 당한 경우
4. 가정폭력 또는 가구구성원으로부터 성폭력을 당한 경우
5. 화재 또는 자연재해 등으로 인하여 거주하는 주택 또는 건물에서 생활하기 곤란한 경우
6. 주소득자 또는 부소득자의 휴업, 폐업 또는 사업장의 화재 등으로 인하여 실질적인 영업이 곤란하게 된 경우
7. 주소득자 또는 부소득자의 실직으로 소득을 상실한 경우
8. 보건복지부령으로 정하는 기준에 따라 지방자치단체의 조례로 정한 사유가 발생한 경우
9. 그 밖에 보건복지부 장관이 정하여 고시하는 경우
 이혼으로 소득이 현저히 감소한 경우
 소득의 상실 또는 현저한 감소로 인하여단전된 경우(전류 제한기를 부설한 경우 포함)
 교정시설에서 출소한 자가 생계가 곤란한 경우
 가족으로부터 방임(放任)이나유기(遺棄) 또는 생계 곤란 등으로 노숙을 하는 경우
 복지사각지대 발굴대상자, 통합사례관리 대상자 또는 자살고위험군으로서 관련 부서(기관)로부터 생계가 어렵다고 추천을 받은 경우
 타인의 범죄로 인하여 피해자가 거주하는 주택 또는 건물에서 생활하기 곤란하여 거주지를 이전하는 경우10. 타법률 「전세사기피해자 지원 및 주거안정에 관한 특별법」 제28조를 적용받는 경우 「10.29 이태원 참사 피해자 권리보장과 진상규명 및 재발방지를 위한 특별법」제 62조를 적용받는 경우,  「1229여객기참사 피해구제 및 지원 등을 위한 특별법」 제17조를 적용받는 경우  「경북ㆍ경남ㆍ울산 초대형산불 피해구제 및 지원 등을 위한 특별법」 제19조를 적용받는 경우
소득 ･재산 기준
- (소득기준)기준 중위소득 75% 이하
 * 1인기준 1,923천원, 4인기준 4,871천원
- (재산기준)지역별 재산 기준금액 이하
 * 재산의 의미 : 일반재산 + 금융재산 + 보험, 청약저축, 주택청약 종합저축 - 주거용재산 공제한도액 - 부채
 ･ (대도시) 2억 4,100만원 이하 (주거용재산 공제한도액 적용시 3억 1천만원 이하)
 ･ (중소도시) 1억 5,200만원 이하 (주거용재산 공제한도액 적용시 1억 9,400만원 이하)
 ･ (농어촌) 1억 3,000만원 이하 (주거용재산 공제한도액 적용시 1억 6,500만원 이하)
- (금융재산기준) 가구원수별 생활준비금에 600만원을 합산한 금액 이하(주거지원은 200만원 추가한 금액 이하) * 1인 8,564천원이하, 4인 기준 12,494천원 이하","지원 결정된 질병 또는 부상에 대해 의료기관 등에서 입원일부터 퇴원일까지 제공한 각종 검사, 치료 등 의료서비스 및 약제비를 지원합니다.
300만원의 범위 내에서 의료기관 등이 긴급지원대상자에게 제공한 의료서비스 비용 중 약제비, 본인부담금 및 비급여 항목에 대하여 지원힙니다.

입원 또는 그에 준하는 정도의 질병이나 부상에 따른 입원진료 및 당일 외래수술 지원(수술에 준하는 시술 포함. 당일 외래진료는 입원 및 수술진료와 연계되는 경우에 한하여 인정)

지원 제외 :간병비, 의료소모품 구입비, 보조기 또는 의료기기 구입비, 제증명료, 보호자 식대, 구급차 이용료, 비급여 도수치료비/증식치료비/추나요법, 비급여 식대, 비급여 입원료는 지원하지 않습니다.","1. 담당 시/군/구청 또는 시군구에서 조사 및 심사
2. 담당 시/군/구청 또는 시군구에서 보장 결정
3. 이의가 있을 경우, 담당 시/군/구청 또는 시군구에 이의 신청 접수
4. 담당 시/군/구청 또는 시군구에서 대상자에게 서비스 제공
5. 담당 시/군/구청 또는 시군구에서 서비스 제공 이후 대상자의 상황 관리",,,보건복지부상담센터: 129,보건복지부상담센터: http://www.129.go.kr,긴급복지지원법
WLF00000917,긴급복지 주거지원,보건복지부 기초생활보장과,생계곤란 등의 위기상황에 처하여 도움이 필요한 경우 일시적으로 신속하게 지원함으로써 위기상황에서 벗어날 수 있도록 지원합니다.,2026,129,월,"현금지급, 현물지급",,주거,저소득,위기상황의 발생으로 임시거소(臨時居所) 제공 또는 주거비 지원이 필요하다고 인정되는 사람을 대상으로 지원합니다.,"긴급복지지원 지원대상은 다음과 같습니다.

지원대상 : 주소득자의 실직으로 소득상실, 중한 질병 등 위기사유로 생계유지 등이 어렵게 된 위기상황에 처한 가구
위기상황
1. 주소득자(主所得者)가 사망, 가출, 행방불명, 구금시설에 수용되는 등의 사유로 소득을 상실한 경우
2. 중한 질병 또는 부상을 당한 경우
3. 가구구성원으로부터 방임(放任) 또는 유기(遺棄)되거나 학대 등을 당한 경우
4. 가정폭력 또는 가구구성원으로부터 성폭력을 당한 경우
5. 화재 또는 자연재해 등으로 인하여 거주하는 주택 또는 건물에서 생활하기 곤란한 경우
6. 주소득자 또는 부소득자의 휴업, 폐업 또는 사업장의 화재 등으로 인하여 실질적인 영업이 곤란하게 된 경우
7. 주소득자 또는 부소득자의 실직으로 소득을 상실한 경우
8. 보건복지부령으로 정하는 기준에 따라 지방자치단체의 조례로 정한 사유가 발생한 경우
9. 그 밖에 보건복지부 장관이 정하여 고시하는 경우
 이혼으로 소득이 현저히 감소한 경우
 소득의 상실 또는 현저한 감소로 인하여단전된 경우(전류 제한기를 부설한 경우 포함)
 교정시설에서 출소한 자가 생계가 곤란한 경우
 가족으로부터 방임(放任)이나유기(遺棄) 또는 생계 곤란 등으로 노숙을 하는 경우
 복지사각지대 발굴대상자, 통합사례관리 대상자 또는 자살고위험군으로서 관련 부서(기관)로부터 생계가 어렵다고 추천을 받은 경우
 타인의 범죄로 인하여 피해자가 거주하는 주택 또는 건물에서 생활하기 곤란하여 거주지를 이전하는 경우10. 타법률 「전세사기피해자 지원 및 주거안정에 관한 특별법」 제28조를 적용받는 경우 「10.29 이태원 참사 피해자 권리보장과 진상규명 및 재발방지를 위한 특별법」제 62조를 적용받는 경우,  「1229여객기참사 피해구제 및 지원 등을 위한 특별법」 제17조를 적용받는 경우  「경북ㆍ경남ㆍ울산 초대형산불 피해구제 및 지원 등을 위한 특별법」 제19조를 적용받는 경우
소득 ･재산 기준
- (소득기준)기준 중위소득 75% 이하
 * 1인기준 1,923천원, 4인기준 4,871천원
- (재산기준)지역별 재산 기준금액 이하
 * 재산의 의미 : 일반재산 + 금융재산 + 보험, 청약저축, 주택청약 종합저축 - 주거용재산 공제한도액 - 부채
 ･ (대도시) 2억 4,100만원 이하 (주거용재산 공제한도액 적용시 3억 1천만원 이하)
 ･ (중소도시) 1억 5,200만원 이하 (주거용재산 공제한도액 적용시 1억 9,400만원 이하)
 ･ (농어촌) 1억 3,000만원 이하 (주거용재산 공제한도액 적용시 1억 6,500만원 이하)
- (금융재산기준) 가구원수별 생활준비금에 600만원을 합산한 금액 이하(주거지원은 200만원 추가한 금액 이하) * 1인 8,564천원이하, 4인 기준 12,494천원 이하","시장군수구청장은 국가 또는 지방자치단체가 소유한 임시거소를 제공하거나 임시로 거처할 수 있는 주거를 제공합니다.

다만, 국가 또는 지방자치단체의 소유가 아닌 타인 소유의 임시거소에 대해서는 다음의 절차를 통해 지원합니다.
  임시거소 제공자가 거소사용 비용을 [서식 10호]에 따라 청구  시군구청장이 임시거소 제공자에 지급(상한액 내 실비지원)

지역별, 가구원수별 지원기준(대도시 4인가구의 경우, 662,500원)을 고려하여 유사한 수준의 임시거소를 확보하여 제공합니다.","1. 담당 시/군/구청 또는 시군구에서 조사 및 심사
2. 담당 시/군/구청 또는 시군구에서 보장 결정
3. 이의가 있을 경우, 담당 시/군/구청 또는 시군구에 이의 신청 접수
4. 담당 시/군/구청 또는 시군구에서 대상자에게 서비스 제공
5. 담당 시/군/구청 또는 시군구에서 서비스 제공 이후 대상자의 상황 관리",,,보건복지부상담센터: 129,보건복지부상담센터: https://www.129.go.kr,긴급복지지원법
WLF00003178,긴급복지 해산비지원,보건복지부 기초생활보장과,"생계곤란 등의 위기상황에 처하여 도움이 필요한 긴급복지 주지원(생계,주거,의료,시설이용) 중인 대상자(가구구구성원 포함) 중 조산(助産) 및 분만 후의 필요한 조치와 보호를 위해 해산비를 지원합니다.",2026,129,1회성,현금지급,임신 · 출산,"신체건강, 임신·출산",저소득,"생계곤란 등의 위기상황에 처하여 도움이 필요한 긴급복지 주지원(생계지원,주거지원,의료지원,사회시설 이용지원) 중인 대상자(가구구구성원 포함)가 출산(출산 예정도 포함)한 경우 지원합니다.","긴급복지지원 지원대상은 다음과 같습니다.

지원대상 : 주소득자의 실직으로 소득상실, 중한 질병 등 위기사유로 생계유지 등이 어렵게 된 위기상황에 처한 가구
위기상황
1. 주소득자(主所得者)가 사망, 가출, 행방불명, 구금시설에 수용되는 등의 사유로 소득을 상실한 경우
2. 중한 질병 또는 부상을 당한 경우
3. 가구구성원으로부터 방임(放任) 또는 유기(遺棄)되거나 학대 등을 당한 경우
4. 가정폭력 또는 가구구성원으로부터 성폭력을 당한 경우
5. 화재 또는 자연재해 등으로 인하여 거주하는 주택 또는 건물에서 생활하기 곤란한 경우
6. 주소득자 또는 부소득자의 휴업, 폐업 또는 사업장의 화재 등으로 인하여 실질적인 영업이 곤란하게 된 경우
7. 주소득자 또는 부소득자의 실직으로 소득을 상실한 경우
8. 보건복지부령으로 정하는 기준에 따라 지방자치단체의 조례로 정한 사유가 발생한 경우
9. 그 밖에 보건복지부 장관이 정하여 고시하는 경우
 이혼으로 소득이 현저히 감소한 경우
 소득의 상실 또는 현저한 감소로 인하여단전된 경우(전류 제한기를 부설한 경우 포함)
 교정시설에서 출소한 자가 생계가 곤란한 경우
 가족으로부터 방임(放任)이나유기(遺棄) 또는 생계 곤란 등으로 노숙을 하는 경우
 복지사각지대 발굴대상자, 통합사례관리 대상자 또는 자살고위험군으로서 관련 부서(기관)로부터 생계가 어렵다고 추천을 받은 경우
 타인의 범죄로 인하여 피해자가 거주하는 주택 또는 건물에서 생활하기 곤란하여 거주지를 이전하는 경우10. 타법률 「전세사기피해자 지원 및 주거안정에 관한 특별법」 제28조를 적용받는 경우 「10.29 이태원 참사 피해자 권리보장과 진상규명 및 재발방지를 위한 특별법」제 62조를 적용받는 경우,  「1229여객기참사 피해구제 및 지원 등을 위한 특별법」 제17조를 적용받는 경우  「경북ㆍ경남ㆍ울산 초대형산불 피해구제 및 지원 등을 위한 특별법」 제19조를 적용받는 경우
소득 ･재산 기준
- (소득기준)기준 중위소득 75% 이하
 * 1인기준 1,923천원, 4인기준 4,871천원
- (재산기준)지역별 재산 기준금액 이하
 * 재산의 의미 : 일반재산 + 금융재산 + 보험, 청약저축, 주택청약 종합저축 - 주거용재산 공제한도액 - 부채
 ･ (대도시) 2억 4,100만원 이하 (주거용재산 공제한도액 적용시 3억 1천만원 이하)
 ･ (중소도시) 1억 5,200만원 이하 (주거용재산 공제한도액 적용시 1억 9,400만원 이하)
 ･ (농어촌) 1억 3,000만원 이하 (주거용재산 공제한도액 적용시 1억 6,500만원 이하)
- (금융재산기준) 가구원수별 생활준비금에 600만원을 합산한 금액 이하(주거지원은 200만원 추가한 금액 이하) * 1인 8,564천원이하, 4인 기준 12,494천원 이하","조산 및 분만 후 필요한 조치와 보호를 위해 1인당 70만원(쌍둥이는 140만원)을 현금으로 지급합니다.
긴급지원 해산비는 기초생활보장 해산급여와 중복 지원이 불가합니다.","1. 담당 시/군/구청 또는 시군구에서 조사 및 심사
2. 담당 시/군/구청 또는 시군구에서 보장 결정
3. 이의가 있을 경우, 담당 시/군/구청 또는 시군구에 이의 신청 접수
4. 담당 시/군/구청 또는 시군구에서 대상자에게 서비스 제공
5. 담당 시/군/구청 또는 시군구에서 서비스 제공 이후 대상자의 상황 관리",,,보건복지부상담센터: 129,보건복지부상담센터: http://www.129.go.kr,긴급복지지원법
WLF00003229,긴급복지 사회복지시설이용지원,보건복지부 기초생활보장과,생계곤란 등의 위기상황에 처하여 도움이 필요한 사람을 일시적으로 신속하게 지원함으로써 이들이 위기상황에서 벗어나도록 합니다.,2026,129,월,현물지급,,"생활지원, 보호·돌봄",저소득,위기상황 발생으로 「사회복지사업법」에 따른 사회복지시설(개인운영신고시설 포함)에서 제공하는 서비스가 필요하다고 인정되는 사람을 대상으로 지원합니다.,"긴급복지지원 지원대상은 다음과 같습니다.

지원대상 : 주소득자의 실직으로 소득상실, 중한 질병 등 위기사유로 생계유지 등이 어렵게 된 위기상황에 처한 가구
위기상황
1. 주소득자(主所得者)가 사망, 가출, 행방불명, 구금시설에 수용되는 등의 사유로 소득을 상실한 경우
2. 중한 질병 또는 부상을 당한 경우
3. 가구구성원으로부터 방임(放任) 또는 유기(遺棄)되거나 학대 등을 당한 경우
4. 가정폭력 또는 가구구성원으로부터 성폭력을 당한 경우
5. 화재 또는 자연재해 등으로 인하여 거주하는 주택 또는 건물에서 생활하기 곤란한 경우
6. 주소득자 또는 부소득자의 휴업, 폐업 또는 사업장의 화재 등으로 인하여 실질적인 영업이 곤란하게 된 경우
7. 주소득자 또는 부소득자의 실직으로 소득을 상실한 경우
8. 보건복지부령으로 정하는 기준에 따라 지방자치단체의 조례로 정한 사유가 발생한 경우
9. 그 밖에 보건복지부 장관이 정하여 고시하는 경우
 이혼으로 소득이 현저히 감소한 경우
 소득의 상실 또는 현저한 감소로 인하여단전된 경우(전류 제한기를 부설한 경우 포함)
 교정시설에서 출소한 자가 생계가 곤란한 경우
 가족으로부터 방임(放任)이나유기(遺棄) 또는 생계 곤란 등으로 노숙을 하는 경우
 복지사각지대 발굴대상자, 통합사례관리 대상자 또는 자살고위험군으로서 관련 부서(기관)로부터 생계가 어렵다고 추천을 받은 경우
 타인의 범죄로 인하여 피해자가 거주하는 주택 또는 건물에서 생활하기 곤란하여 거주지를 이전하는 경우10. 타법률 「전세사기피해자 지원 및 주거안정에 관한 특별법」 제28조를 적용받는 경우 「10.29 이태원 참사 피해자 권리보장과 진상규명 및 재발방지를 위한 특별법」제 62조를 적용받는 경우,  「1229여객기참사 피해구제 및 지원 등을 위한 특별법」 제17조를 적용받는 경우  「경북ㆍ경남ㆍ울산 초대형산불 피해구제 및 지원 등을 위한 특별법」 제19조를 적용받는 경우
소득 ･재산 기준
- (소득기준)기준 중위소득 75% 이하
* 1인기준 1,923천원, 4인기준 4,871천원
- (재산기준)지역별 재산 기준금액 이하
* 재산의 의미 : 일반재산 + 금융재산 + 보험, 청약저축, 주택청약 종합저축 - 주거용재산 공제한도액 - 부채
･ (대도시) 2억 4,100만원 이하 (주거용재산 공제한도액 적용시 3억 1천만원 이하)
･ (중소도시) 1억 5,200만원 이하 (주거용재산 공제한도액 적용시 1억 9,400만원 이하)
･ (농어촌) 1억 3,000만원 이하 (주거용재산 공제한도액 적용시 1억 6,500만원 이하)
- (금융재산기준) 가구원수별 생활준비금에 600만원을 합산한 금액 이하(주거지원은 200만원 추가한 금액 이하)* 1인 8,564천원이하, 4인 기준 12,494천원 이하","「사회복지사업법」에 따른 사회복지시설(개인운영신고시설 포함) 제공 서비스를 이용할 수 있도록 지원합니다.
해당 시설의 운영자에게 다음의 절차에 따라 비용을 지급합니다.

 사회복지시설 운영자가 지원에 소요된 비용을 [서식 10호]에 따라 청구
 시.군.구청장이 사회복지시설 운영자에게 해당 비용 지급

입소자 인원에 따른 지원 상한액은 다음과 같습니다.

1인 : 552,000원/월
2인 : 941,700원/월
3인 : 1,218,400원/월
4인 : 1,494,100원/월
5인 : 1,770,800원/월
6인 : 2,047,400원/월
위 기준은 상한액이며, 입소자가 7인이상인 경우, 1인 증가시마다 286,400원씩 추가 지급
※ 긴급지원대상자가 1개월 내에 퇴소하는 경우, 일단위로 지급※ 사회복지시설에서 지원액을 기타 잡수입으로 처리하도록 할 것","1. 담당 시/군/구청 또는 시군구에서 조사 및 심사
2. 담당 시/군/구청 또는 시군구에서 보장 결정
3. 이의가 있을 경우, 담당 시/군/구청 또는 시군구에 이의 신청 접수
4. 담당 시/군/구청 또는 시군구에서 대상자에게 서비스 제공
5. 담당 시/군/구청 또는 시군구에서 서비스 제공 이후 대상자의 상황 관리",,"민원인이 제출해야 하는 서류 ○ 위기사유 요건 확인서류 - 주소득장의 사망등: 사망진단서 - 중한 질병 또는 부상: 진단서, 입원확인서 등 - 가구구성원으로부터의 유기 학대: 유관기관에서 작성한 긴급복지지원 추천서, 경찰에 접수한 사건사고사실확인원 - 가정폭력: 가정폭력상담센터, 위기가정지원센터에서 작성한 긴급복지지원 추천서 , 경찰법원등에서 발급한 관련 증빙서류 - 화재, 자연재해: 화재증명원 - 실직: 경력증명서 등 - 이혼: 이혼판결문, 가사법원의 조정 조서 등 - 단전: 전류제한기 부설 통지문 - 출소: 출소증명서""민원인이 제출해야 하는 서류 ○ 위기사유 요건 확인서류 - 주소득장의 사망등: 사망진단서 - 중한 질병 또는 부상: 진단서, 입원확인서 등 - 가구구성원으로부터의 유기 학대: 유관기관에서 작성한 긴급복지지원 추천서, 경찰에 접수한 사건사고사실확인원 - 가정폭력: 가정폭력상담센터, 위기가정지원센터에서 작성한 긴급복지지원 추천서 , 경찰법원등에서 발급한 관련 증빙서류 - 화재, 자연재해: 화재증명원 - 실직: 경력증명서 등 - 이혼: 이혼판결문, 가사법원의 조정 조서 등 - 단전: 전류제한기 부설 통지문 - 출소: 출소증명서",보건복지부상담센터: 129,보건복지부상담센터: http://www.129.go.kr,긴급복지지원법
WLF00000892,긴급복지 장제비지원,보건복지부 기초생활보장과,"생계곤란 등의 위기상황에 처하여 도움이 필요해 긴급복지 주지원(생계, 의료, 주거, 사회복지시설 이용지원)을 받는 긴급지원대상자(가구구성원 포함)가 사망한 경우 장제에 필요한 비용을 지원합니다.",2026,129,1회성,현금지급,,생활지원,저소득,"긴급복지 주지원(생계,의료,주거,사회복지시설 이용지원)을 받는 긴급지원대상자(가구구성원 포함)가 긴급복지 지원 중 사망한 경우 지원합니다.","긴급복지지원 지원대상은 다음과 같습니다.

지원대상 : 주소득자의 실직으로 소득상실, 중한 질병 등 위기사유로 생계유지 등이 어렵게 된 위기상황에 처한 가구
위기사유
1. 주소득자(主所得者)가 사망, 가출, 행방불명, 구금시설에 수용되는 등의 사유로 소득을 상실한 경우
2. 중한 질병 또는 부상을 당한 경우
3. 가구구성원으로부터 방임(放任) 또는 유기(遺棄)되거나 학대 등을 당한 경우
4. 가정폭력 또는 가구구성원으로부터 성폭력을 당한 경우
5. 화재 또는 자연재해 등으로 인하여 거주하는 주택 또는 건물에서 생활하기 곤란한 경우
6. 주소득자 또는 부소득자의 휴업, 폐업 또는 사업장의 화재 등으로 인하여 실질적인 영업이 곤란하게 된 경우
7. 주소득자 또는 부소득자의 실직으로 소득을 상실한 경우
8. 보건복지부령으로 정하는 기준에 따라 지방자치단체의 조례로 정한 사유가 발생한 경우
9. 그 밖에 보건복지부 장관이 정하여 고시하는 경우
 이혼으로 소득이 현저히 감소한 경우
 단전된 경우(전류 제한기를 부설한 경우 포함)
 교정시설에서 출소한 자가 생계가 곤란한 경우
 가족으로부터 방임(放任)･유기(遺棄) 또는 생계 곤란 등으로 노숙을 하는 경우
 복지사각지대 발굴대상자, 통합사례관리 대상자 또는 자살고위험군으로서 관련 부서(기관)로부터 생계가 어렵다고 추천을 받은 경우
 타인의 범죄로 인하여 피해자가 거주하는 주택 또는 건물에서 생활하기 곤란하여 거주지를 이전하는 경우10. 타법률 「전세사기피해자 지원 및 주거안정에 관한 특별법」 제28조를 적용받는 경우, 「10.29 이태원 참사 피해자 권리보장과 진상규명 및 재발방지를 위한 특별법」제 62조를 적용받는 경우,  「1229여객기참사 피해구제 및 지원 등을 위한 특별법」 제17조를 적용받는 경우  「경북ㆍ경남ㆍ울산 초대형산불 피해구제 및 지원 등을 위한 특별법」 제19조를 적용받는 경우
소득 ･재산 기준
- (소득기준)기준 중위소득 75% 이하
 * 1인기준 1,923천원, 4인기준 4,871천원
- (재산기준)지역별 재산 기준금액 이하
 * 재산의 의미 : 일반재산 + 금융재산 + 보험, 청약저축, 주택청약 종합저축 - 주거용재산 공제한도액 - 부채
 ･ (대도시) 2억 4,100만원 이하 (주거용재산 공제한도액 적용시 3억 1천만원 이하)
 ･ (중소도시) 1억 5,200만원 이하 (주거용재산 공제한도액 적용시 1억 9,400만원 이하)
 ･ (농어촌) 1억 3,000만원 이하 (주거용재산 공제한도액 적용시 1억 6,500만원 이하)
- (금융재산기준) 가구원수별 생활준비금에 600만원을 합산한 금액 이하(주거지원은 200만원 추가한 금액 이하) * 1인 8,564천원이하, 4인 기준 12,494천원 이하","긴급지원대상자(가구구성원 포함)가사망한 경우 사체의 검안,운반,화장 또는 매장 기타 장제조치를 행하는데 필요한 비용을 직접 장제를 행하거나 행한 사람에게 지원합니다.※ 단, 단독가구주의 사망 등 기타 불가피한 경우에는 시.군.구청장이 직접 장제를 행하도록 지정한 자에게 지급 가능
1인당 80만원을 지급합니다.
긴급 지원 요청 후 선지원 결정 전에 가구원 중 사망자가 있어도 장제비 지원이 가능합니다. * 예시 : (신청일) 1.1. (사망일) 1.2. (선지원 결정일) 1.3","1. 담당 시/군/구청 또는 시군구에서 조사 및 심사
2. 담당 시/군/구청 또는 시군구에서 보장 결정
3. 이의가 있을 경우, 담당 시/군/구청 또는 시군구에 이의 신청 접수
4. 담당 시/군/구청 또는 시군구에서 대상자에게 서비스 제공
5. 담당 시/군/구청 또는 시군구에서 서비스 제공 이후 대상자의 상황 관리",,○ 신청인 제출서류 - 기타 구비 서류(긴급복지지원 담당공무원과 상담 필요)○ 신청인 제출서류 - 기타 구비 서류(긴급복지지원 담당공무원과 상담 필요),보건복지부상담센터: 129,보건복지부상담센터: http://www.129.go.kr,긴급복지지원법
WLF00001119,차상위본인부담경감대상자지원,보건복지부 보험정책과,차상위계층의 요양급여비 본인부담비용 경감 지원을 통해 의료보장 강화를 도모합니다.,2026,1577-1000,수시,현물지급,,신체건강,저소득,"희귀질환자중증난치질환자중증질환자: 보건복지부장관이 고시하는 희귀질환, 중증난치질환 또는 중증질환을 가진 자

본인일부부담금 산정특례에 관한 기준(보건복지부 고시 제2025-231호) 제9조에 따른 희귀질환자, 중증난치질환자, 중증질환(암, 중증화상), 결핵질환자 및 잠복결핵감염자 산정특례대상

만성질환자: 희귀질환, 중증난치질환 또는 중증질환 외의 질환으로 6개월 이상 치료를 받고 있거나 6개월 이상 치료를 필요로 하는 자
18세 미만인 자(18세가 도래하는 날이 속하는 해)

다만, 18세 이상 20세 미만의 중/고등학교 재학생은 20세가 도래하는 날이 속하는 달까지 인정하고, 20세에 도래하기 전에 중/고등학교를 졸업하는 경우에는 졸업하는 달까지 인정","기준세대의 소득인정액이 국민기초생활보장법 제2조 제11호에 따른 기준 중위소득의 50% 이하인 자

기준세대: 희귀질환, 중증난치질환중증질환자(본인일부부담금 산정특례에 관한 기준(보건복지부 고시 제2025-231호) 제9조에 따른 희귀질환, 중증난치질환 및 중증질환), 만성질환자(희귀질환, 중증난치질환중증질환 외의 질환으로 6개월 이상 치료를 받고 있거나 6개월 이상 치료가 필요한 사람), 18세 미만의 아동이 속한 세대※ 배우자와 미혼자녀 중 30세 미만인 자는 기준세대에 포함됨
소득인정액 = 소득평가액 + 재산의 소득환산액
- 소득평가액 = 실제소득 - 가구특성에 따른 지출요인 - 근로를 유인하기 위한 요인 - 그 밖의 추가적인 지출요인
- 재산의 소득환산액 = (재산 - 기본재산액 - 부채)  소득환산율※ 소득평가액 및 재산의 소득환산액이 (-)인 경우는 0원으로 처리

부양의무자기준(부양요건)은 다음과 같습니다.

차상위 본인부담경감을 적용받고자 하는 자가 부양의무자가 없거나 있어도 부양능력이 없거나 부양을 받을 수 없는 자
 - 부양의무자 :희귀난치성질환자 등의 1촌의 직계혈족 및 그 배우자 - 배우자는 기준세대에 포함시켜 소득인정액을 계상하므로 별도 부양능력 판정이 무의미하여 부양능력 판정(부양의무자)에서 제외","대상자는 요양기관에서 진료받은후 의료급여와 유사한 수준의 본인부담금만 부담하고 일반가입자 본인부담금과의 차액은 국고에서 지원합니다.
대상자중 지역가입자에 대해서는 보험료 전액을 국고 지원합니다.
요양급여비용 중 본인부담금은 다음과 같습니다.
가. 희귀질환,중증난치질환중증질환자: 요양급여비용 면제(입원, 외래), 기본식대의 20%
나. 만성질환자, 18세 미만인 자
- 입원 :요양급여비용의 14%, 기본식대의 20% - 외래 :요양급여비용의 14% (* 정액 1000원, 1500원)","1. 거주지 읍/면/동 주민센터, 읍면동에서 ‘서비스 신청’
2. 담당 시/군/구청 또는 시군구에서 조사 및 심사
3. 담당 시/군/구청 또는 국민건강보험공단에서 보장 결정
4. 이의가 있을 경우, 담당 시/군/구청 또는 국민건강보험공단에 이의 신청 접수
5. 담당 시/군/구청 또는 국민건강보험공단에서 대상자에게 서비스 제공
6. 담당 시/군/구청 또는 시군구에서 서비스 제공 이후 대상자의 상황 관리
7. 담당 시/군/구청 또는 국민건강보험공단에서 서비스 제공 이후 대상자의 상황 관리",,"차상위 본인부담경감 신청서, 진단서(만성질환자), 재학증명서, 재산관련 서류""차상위 본인부담경감 신청서, 진단서(만성질환자), 재학증명서, 재산관련 서류",국민건강보험공단 상담센터: 1577-1000,국민건강보험공단: http://www.nhis.or.kr/,"국민건강보험법 시행규칙
국민건강보험법 시행령"
WLF00003222,버팀목전세자금대출,국토교통부 주택기금과,무주택세대주의 주택전세자금 융자를 통해 주거안정을 지원합니다.,2026,1566-9009,1회성,현금대여(융자),"청년, 중장년, 노년","서민금융, 주거","다문화·탈북민, 다자녀, 장애인, 한부모·조손, 저소득","아래의 요건을 충족하는 무주택 세대주는 주택전세자금 융자 신청이 가능합니다.

부부합산 연소득 5천만원 이하(2자녀이상 가구 연소득 6천만원, 신혼가구 연소득 7.5천만원, 출산가구 연소득 1.3억원(맞벌이 2억원)) 이하)
순자산가액 3.45억원 이하 무주택 세대주",지원대상의 내용을 참고해주시기 바랍니다.,"대출한도는 다음과 같습니다.

임차보증금 70% 내 수도권 1억 2천만원, 지방 8천만원(보증금 수도권 3억원, 지방 2원 이하)
2자녀 이상 가구, 신혼가구는 임차보증금 80% 내 수도권 2.5억원, 지방 1.6억원(보증금 수도권 4억원, 지방 3억원 이하)
출산 가구는 임차보증금 80% 내 2.4억원(수도권 5억원, 지방 4억원 이하)

대출금리는 다음과 같습니다.

소득별, 임차보증금 구간별 2.5% ~ 3.5% (신혼가구는1.9%~3.3%, 출산가구 1.3~4.3%)
금리는 정부부처 정책에 따라 달라질 수 있어 주택도시기금(nhuf.molit.go.kr) 홈페이지 통해 최신 적용기준 확인

우대금리는 다음과 같으며, 중복적용이 불가합니다.

기초생활수급자, 차상위계층, 한부모가구 등에 우대금리를 제공(최대 4년간 적용하며, 우대금리 합계 최대 0.5%p 원칙)
 상세내용은 주택도시기금(nhuf.molit.go.kr) 에서 안내
※ 우대금리 적용 후 최종금리가 연 1.0% 미만인 경우에는 연 1.0%로 적용※ 자산심사 부적격자의 경우 가산금리 부과

이용기간은 2년으로, 4회 연장하여 최장 10년 가능합니다.

최장 10년 이용 후 연장시점 기준 미성년 1자녀당 2년 추가

상황방법은만기 일시상환 또는 혼합상환 가능합니다.","1. 거주지 읍/면/동 주민센터, 주택도시기금 수탁은행(우리, 국민, 신한, 하나, 농협 등)에서 ‘서비스 신청’
2. 담당 시/군/구청 또는 주택도시기금 수탁은행(우리, 국민, 신한, 하나, 농협 등)에서 조사 및 심사
3. 담당 시/군/구청 또는 주택도시기금 수탁은행(우리, 국민, 신한, 하나, 농협 등)에서 보장 결정
4. 담당 시/군/구청 또는 주택도시기금 수탁은행(우리, 국민, 신한, 하나, 농협 등)에서 대상자에게 서비스 제공
5. 담당 시/군/구청 또는 주택도시기금 수탁은행(우리, 국민, 신한, 하나, 농협 등)에서 서비스 제공 이후 대상자의 상황 관리","본인확인 : 주민등록증, 운전면허증, 여권 중 택1 대상자확인 : 주민등록등본 합가기간 확인 등 필요시 주민등록초본 단독세대주 또는 배우자 분리세대 : 가족관계증명원 배우자 외국인, 재외국민 또는 외국국적동포 : 외국인등록증 또는 국내거소신고사실증명 결혼예정자 : 예식장계약서 또는 청첩장 재직 및 사업영위 확인 : 건강보험자격득실 확인서 (근로소득) 필요시 사업자등록증이 첨부된 재직증명서 (사업소득) 사업자등록증 상기와 같은 방법으로 확인이 불가능한 경우에는 경력증명서, 위촉증명서, 고용계약서 등 이와 유사한 형태의 계약서 등 소득확인 : 소득구분별 아래의 서류 (근로소득) 세무서(홈텍스)발급 소득금액증명원 또는 ISA 가입용 소득확인증명서, 연말정산용 원천징수영수증(원천징수부 등 포함), 급여내역이 포함된 증명서 (재직회사가 확인날인한 급여명세표, 임금대장, 갑근세 원천징수 확인서, 일용근로소득지급명세서) 중 택1 (사업소득) 세무서(홈텍스)발급 소득금액증명원 또는 ISA 가입용 소득확인증명서, 사업소득 원천징수영수증(연말정산용), 세무사가 확인한 전년도 과세표준확정신고 및 납부 계산서 중 택1 (연금소득) 연금수급권자확인서 등 기타 연금수령을 확인할 수 있는 지급기관 증명서 (연금수령액이 표기되지 않은 경우 연금수령 통장) (기타소득) 세무서(홈텍스)발급 소득금액증명원 (무소득) 신고사실없음 사실증명원 주택관련 : 확정일자부 임대차(전세)계약서 사본, 임차주택 건물 등기사항전부증명서 기타확인 :　보증자격 확인서류, 담보제공 서류 채권양도협약기관과 협약에 의한 채권양도방식 대출신청시에는 대출추천서 쉐어하우스 입주자의 경우 대출추천서에 ‘쉐어하우스 입주자’임이 명기되어있어야 함""본인확인 : 주민등록증, 운전면허증, 여권 중 택1 대상자확인 : 주민등록등본 합가기간 확인 등 필요시 주민등록초본 단독세대주 또는 배우자 분리세대 : 가족관계증명원 배우자 외국인, 재외국민 또는 외국국적동포 : 외국인등록증 또는 국내거소신고사실증명 결혼예정자 : 예식장계약서 또는 청첩장 재직 및 사업영위 확인 : 건강보험자격득실 확인서 (근로소득) 필요시 사업자등록증이 첨부된 재직증명서 (사업소득) 사업자등록증 상기와 같은 방법으로 확인이 불가능한 경우에는 경력증명서, 위촉증명서, 고용계약서 등 이와 유사한 형태의 계약서 등 소득확인 : 소득구분별 아래의 서류 (근로소득) 세무서(홈텍스)발급 소득금액증명원 또는 ISA 가입용 소득확인증명서, 연말정산용 원천징수영수증(원천징수부 등 포함), 급여내역이 포함된 증명서 (재직회사가 확인날인한 급여명세표, 임금대장, 갑근세 원천징수 확인서, 일용근로소득지급명세서) 중 택1 (사업소득) 세무서(홈텍스)발급 소득금액증명원 또는 ISA 가입용 소득확인증명서, 사업소득 원천징수영수증(연말정산용), 세무사가 확인한 전년도 과세표준확정신고 및 납부 계산서 중 택1 (연금소득) 연금수급권자확인서 등 기타 연금수령을 확인할 수 있는 지급기관 증명서 (연금수령액이 표기되지 않은 경우 연금수령 통장) (기타소득) 세무서(홈텍스)발급 소득금액증명원 (무소득) 신고사실없음 사실증명원 주택관련 : 확정일자부 임대차(전세)계약서 사본, 임차주택 건물 등기사항전부증명서 기타확인 :　보증자격 확인서류, 담보제공 서류 채권양도협약기관과 협약에 의한 채권양도방식 대출신청시에는 대출추천서 쉐어하우스 입주자의 경우 대출추천서에 ‘쉐어하우스 입주자’임이 명기되어있어야 함",,주택도시기금: 1566-9009,"주택도시기금: nhuf.molit.go.kr
기금e든든: enhuf.molit.go.kr",주택도시기금법
WLF00005004,치매검사비 지원,보건복지부 노인건강과,"치매조기검진을 통해 치매를 예방하고 진행을 완화하며, 이에 대한 검사비 부담을 경감합니다.",2026,1899-9988,1회성,현금지급,노년,정신건강,저소득,"협약병원에서 치매진단검사 또는 감별검사가 필요한 자를 대상으로 합니다.

협약병원 검사의뢰 전에 대상자가 타 병원에 입원 중은 아닌지, 사전에 확인하여 검사비 지원※ 협약병원과 입원 중인 병원 간 협의하여 대상자에게 필요서류 및 절차 안내
협약병원과 입원 중인 병원 간에 협의가 없을 시 입원 중 외래진료는 비급여로 적용되어 검사비 지원 불가","치매 치료관리비 지원사업의 대상자 선정 기준 중에서 연령기준과 소득기준을 충족하여야 합니다.
 

(연령기준) 만 60세 이상(초로기 환자도 선정 가능)※ 단, 진단검사는 만60세 미만일 경우에 비급여로 적용되어 검사비 지원 불가
(소득기준) 기준 중위소득 120% 이하
- 소득기준 판정 시 가구원 수 산정방법은 치매치료관리비 지원 사업 절차와 동일 - 장애인의료비 지원 대상자는 검진비 지원 제외(대상자가 협약병원에 장애인의료비 지원을 직접 신청)

치매안심센터에서 직접 수행하는 진단검사는 소득판정 없이 무료검사가 가능합니다.","1인당 검사비 지원 범위는 다음과 같습니다.
 

진단검사 : 상한 15만원
감별검사 : 의원병원종합병원급은 상한 8만원, 상급종합병원은 상한 11만원
- 비급여항목을 제외한 급여항목의 본인부담비용만을 지원범위 내 실비 지원
- 검사비 지원은 대상자별로 1회 지원 원칙이나 사전검사 결과와 대상자의 가정환경 및 소득수준, 보건소 관내 예산 상황을 고려하여 추가지원 가능- 의료급여수급권자 중 기초생활수급권자의 건강생활지원비(6,000원)에서 검사비용이 차감된 경우, 치매안심센터는 협약병원 통해 차감내역 확인 후 추가지원 가능","1. 거주지 읍/면/동 주민센터, 치매안심센터에서 ‘서비스 신청’
2. 담당 시/군/구청 또는 보건소(치매안심센터)에서 조사 및 심사
3. 담당 시/군/구청 또는 보건소(치매안심센터)에서 보장 결정
4. 담당 시/군/구청 또는 보건소(치매안심센터)에서 대상자에게 서비스 제공
5. 담당 시/군/구청 또는 보건소(치매안심센터)에서 서비스 제공 이후 대상자의 상황 관리",,"치매안심센터 또는 보건소에서 발급한 검진 의뢰서, 진료비 영수증 및 세부내역서, 결과지""치매안심센터 또는 보건소에서 발급한 검진 의뢰서, 진료비 영수증 및 세부내역서, 결과지","보건복지상담센터: 129
치매상담콜센터: 1899-9988","보건복지상담센터: https://www.129.go.kr
치매상담콜센터: https://www.nid.or.kr","치매관리법 시행령
치매관리법"
WLF00003227,초.중.고 학생 교육정보화 지원,교육부 디지털교육기반과,"초중고 학생에게 PC, 인터넷 통신비를 지원하여 정보 소외 계층의 교육 격차를 해소하고 균등한 교육 기회를 제공합니다.",2026,1544-9654,년,현물지급,"청소년, 아동",교육,"한부모·조손, 저소득","생계급여, 의료급여, 주거급여, 교육급여 수급자, 한부모가족, 차상위계층 등 저소득층 가구의 초중고등학생 자녀를 지원합니다.
시도교육청의 기준에 따라 지원대상 및 학년의 범위가 다를 수 있습니다.","초중고교 학생으로 아래 자격을 보유한 경우 대상자로 선정합니다.
- 국민기초생활수급자(생계, 의료, 주거, 교육급여)
- 한부모가족보호대상자
- 법정 차상위 대상자
* 시도교육청의 기준에 따라 상세 선정기준 및 지원대상 상이함
아래에 해당하는 경우 중복하여 지원하지 않습니다.
- 다른 법령에 따라 PC 또는 인터넷 통신비를 전부 또는 일부 지원 받는 경우 중복지원 제한
- 1세대 1자녀 지원으로 형제 자매간 중복 지원 배제
- 교육정보화 지원(컴퓨터)을 기존에 받은 가구원이 있을경우 컴퓨터 지원 제외
* 시도교육청별 기지원 연도 등에 따라 지원 여부가 다를 수 있음","초중고 1세대에 PC 1대를 현물로 지원합니다.
초중고 1세대에 월 1회인터넷 통신비를 지원합니다. (무료, 월 17,600원 상당)
시.도별 기준에 따라 월 1,650원 상당의 유해차단서비스를 지원합니다.
시도교육청의 기준에 따라 서비스내용, 범위 등이 다를 수 있습니다.","1. 거주지 읍/면/동 주민센터, 교육청(교육지원청) 또는 복지로 웹사이트(PC/모바일앱)에서 ‘서비스 신청’
2. 담당 시/군/구청 또는 교육청에서 조사 및 심사
3. 담당 시/군/구청 또는 교육청에서 보장 결정
4. 이의가 있을 경우, 담당 시/군/구청 또는 교육청에 이의 신청 접수
5. 담당 시/군/구청 또는 교육청에서 대상자에게 서비스 제공
6. 담당 시/군/구청 또는 교육청에서 서비스 제공 이후 대상자의 상황 관리",,"온라인 제출서류  - 임대차계약서  - 전·월세로 거주하는 경우 해당 전·월세계약서  - 본인 소유 주택을 다른 사람에게 임대한(빌려준) 경우, 해당 전·월세계약서  - 상가를 임대해서 사업체를 운영하는 경우, 해당 상가계약서  - 논·밭 등 기타 재산을 빌려주거나 빌린 경우, 해당 임대차계약서  - 공공기관 부채증명원 :  정부, 지자체, LH공사, 미소금융, 한국장학재단 등 공공기관에 대출이 있는 경우 해당 대출 증명서류  - 기타 부채증명서류 : 법원 판결 또는 법원의 화해·조정에 따라 개인간 채무가 확정된 경우, 해당 판결문  - 사용대차 확인서 : 친지 또는 타인의 주택에 무상으로 거주하는 경우, 집주인이 확인한 사용대차 확인서  - 가족관계등록부   ※ 제출방법 : 이미지업로드   ※ 첨부서류 등록화면에서 제출서류 이미지 업로드가 불가하면 방문신청을 이용해주시기 바랍니다.""온라인 제출서류  - 임대차계약서  - 전·월세로 거주하는 경우 해당 전·월세계약서  - 본인 소유 주택을 다른 사람에게 임대한(빌려준) 경우, 해당 전·월세계약서  - 상가를 임대해서 사업체를 운영하는 경우, 해당 상가계약서  - 논·밭 등 기타 재산을 빌려주거나 빌린 경우, 해당 임대차계약서  - 공공기관 부채증명원 :  정부, 지자체, LH공사, 미소금융, 한국장학재단 등 공공기관에 대출이 있는 경우 해당 대출 증명서류  - 기타 부채증명서류 : 법원 판결 또는 법원의 화해·조정에 따라 개인간 채무가 확정된 경우, 해당 판결문  - 사용대차 확인서 : 친지 또는 타인의 주택에 무상으로 거주하는 경우, 집주인이 확인한 사용대차 확인서  - 가족관계등록부   ※ 제출방법 : 이미지업로드   ※ 첨부서류 등록화면에서 제출서류 이미지 업로드가 불가하면 방문신청을 이용해주시기 바랍니다.","중앙상담센터: 1544-9654
서울교육청: 02-1396
부산교육청: 051-1396
대구교육청: 053-231-0755
인천교육청: 032-420-8299
광주교육청: 062-380-4494
대전교육청: 042-616-8805
울산교육청: 1588-9496
세종교육청: 044-320-3342
경기교육청: 031-1396
강원교육청: 033-259-0883
충북교육청: 043-290-2886
충남교육청: 041-640-7142
전북교육청: 063-239-0850~0851
전남교육청: 061-260-0313, 0316 ~ 0317(콜센터상담)
경북교육청: 054-805-3425
경남교육청: 055-210-5179
제주교육청: 064-710-0605",,초ㆍ중등교육법
